# binding-exclusion: artifacts/rust-tauri/R03/repair-current/STAGE-REVIEW-RR1/verify-stage-r03/R02/A16/legacy-entry/** — this gate's own run-time evidence output subtree (runner output, never candidate source); applied symmetrically to BOTH the main-repo binding and the candidate-copy binding (E0 mirror compare)
72063e43a68dced4a0d5eec83c157f2db804d2e6a63b12b4b7dabd33ca73fb83  ??  artifacts/rust-tauri/R03/repair-current/STAGE-REVIEW-RR1/stage_review_rr1.rs
f5b0981175fe9bd307c7bb4e8dcb8490cfa58585d62d9c3e2f7eb03e4e875e54  ??  artifacts/rust-tauri/R03/repair-current/STAGE-REVIEW-RR1/verify-stage-r03-attempt1-dr-contaminated/A15/cases/background-run-completes-decoupled.json
fda5f46e011354371ff149d97818d48d3b78dca205e17e8a7b39dba1cb4013e6  ??  artifacts/rust-tauri/R03/repair-current/STAGE-REVIEW-RR1/verify-stage-r03-attempt1-dr-contaminated/A15/cases/background-survives-unrelated-cancel.json
92eebd1162583e5ed42a8e61a80b5c84e94753ed6562c35c930ebb65f6e23f01  ??  artifacts/rust-tauri/R03/repair-current/STAGE-REVIEW-RR1/verify-stage-r03-attempt1-dr-contaminated/A15/cases/cancel-live-run-accepted-terminal-cancelled.json
edc380e78d3b8f95b51f12c2bbfcb702760327da3f20bd6c9f456b5c7e0934de  ??  artifacts/rust-tauri/R03/repair-current/STAGE-REVIEW-RR1/verify-stage-r03-attempt1-dr-contaminated/A15/cases/cancel-terminal-run-already-terminal.json
e320e539d701e4f285fcff1a42629b28016fa5f103e77fccb5c1ddf921155742  ??  artifacts/rust-tauri/R03/repair-current/STAGE-REVIEW-RR1/verify-stage-r03-attempt1-dr-contaminated/A15/cases/cancel-unknown-run-not-found.json
a513a19cd5ca9bc857d2e01c9be7ec61e3e5677e7d1948db618b31fb7aba127a  ??  artifacts/rust-tauri/R03/repair-current/STAGE-REVIEW-RR1/verify-stage-r03-attempt1-dr-contaminated/A15/cases/cancel-waiting-approval-cancels-cleanly.json
602b436fbd1f0de778ca086853030197fe28a3fde1a5f694ebea64e4f8779c8a  ??  artifacts/rust-tauri/R03/repair-current/STAGE-REVIEW-RR1/verify-stage-r03-attempt1-dr-contaminated/A15/cases/combo-cancel-stream-terminal-cancelled.json
b24ff9cdbb08092492dd68815bdf3c4a6f38c8e2a42cd79c30abbfcacdfef745  ??  artifacts/rust-tauri/R03/repair-current/STAGE-REVIEW-RR1/verify-stage-r03-attempt1-dr-contaminated/A15/cases/combo-crash-recovery-honest-interrupted.json
d9e8dea9429b0f0c9fc86be7f31dcd96b4b227e1174dcdea6d1f00b177ec2987  ??  artifacts/rust-tauri/R03/repair-current/STAGE-REVIEW-RR1/verify-stage-r03-attempt1-dr-contaminated/A15/cases/combo-cross-session-both-complete.json
106bebd1aa293f120bb83f22b33de1e19ae817a4963587e2ee17be8731293349  ??  artifacts/rust-tauri/R03/repair-current/STAGE-REVIEW-RR1/verify-stage-r03-attempt1-dr-contaminated/A15/cases/combo-duplicate-conflict-rejected.json
eafb37ffcb4d76d45d58a64d80d9ef413064c1f979d64ba1cc2e609d147963fc  ??  artifacts/rust-tauri/R03/repair-current/STAGE-REVIEW-RR1/verify-stage-r03-attempt1-dr-contaminated/A15/cases/combo-duplicate-replay-no-second-run.json
346e6cb6ae16f125e4bbfdbf24d2bbcf63c92fa9642b2676fa06a78bfa1e8fdb  ??  artifacts/rust-tauri/R03/repair-current/STAGE-REVIEW-RR1/verify-stage-r03-attempt1-dr-contaminated/A15/cases/combo-events-subscriber-saw-terminal.json
97a0c8f8404d1c042f8f7efd240d5d5f5446103b21bcccf9c5c90461b6082043  ??  artifacts/rust-tauri/R03/repair-current/STAGE-REVIEW-RR1/verify-stage-r03-attempt1-dr-contaminated/A15/cases/combo-multi-tool-three-calls.json
aa936466e694a90f4087b7ae928f7c9b96ae1450073774fcb29d177dfa59c7b6  ??  artifacts/rust-tauri/R03/repair-current/STAGE-REVIEW-RR1/verify-stage-r03-attempt1-dr-contaminated/A15/cases/combo-multi-turn-one-terminal.json
f7bdd9e301d37d6a062e13225cfc84d7e96c1f88cd75d34e300ab00dd0fad0a0  ??  artifacts/rust-tauri/R03/repair-current/STAGE-REVIEW-RR1/verify-stage-r03-attempt1-dr-contaminated/A15/cases/combo-normal-run-completed.json
51d8bd26cb2f29bee74097b5ef9a36e3389a56a1c7127e86fa36d75a8106659e  ??  artifacts/rust-tauri/R03/repair-current/STAGE-REVIEW-RR1/verify-stage-r03-attempt1-dr-contaminated/A15/cases/combo-out-of-order-late-result-fenced.json
e18f1fcb5cc4af47da6184707fb88e0c0ed656f1fafffe8020a3001c9826c931  ??  artifacts/rust-tauri/R03/repair-current/STAGE-REVIEW-RR1/verify-stage-r03-attempt1-dr-contaminated/A15/cases/combo-timeout-budget-loud-failure.json
ccbc0f5c630f404851ca1c561fd5c73421ba9b217ceeff29973b263f05e30888  ??  artifacts/rust-tauri/R03/repair-current/STAGE-REVIEW-RR1/verify-stage-r03-attempt1-dr-contaminated/A15/cases/parent-cancel-stops-child-run.json
d72d7e1151ea38a4eeb9ad435aa66dc376039e41ff714f9f550e1f2c8934585a  ??  artifacts/rust-tauri/R03/repair-current/STAGE-REVIEW-RR1/verify-stage-r03-attempt1-dr-contaminated/A15/cases/reconnect-resume-no-model-restart.json
5d89ed42d309bfcfd13956b901f209eb432200e88c2ae1eea74d6eaffe625b2a  ??  artifacts/rust-tauri/R03/repair-current/STAGE-REVIEW-RR1/verify-stage-r03-attempt1-dr-contaminated/A15/cases/steer-busy-accepted.json
360ccd0c00f5114974f5f2967860d1c339a2e2baa808a2f5dca49f334fe0d386  ??  artifacts/rust-tauri/R03/repair-current/STAGE-REVIEW-RR1/verify-stage-r03-attempt1-dr-contaminated/A15/cases/steer-idle-miss.json
d00e58227225a313e612b18019d7f95a07382b0426ab7fbeb39bc4b05b740cc5  ??  artifacts/rust-tauri/R03/repair-current/STAGE-REVIEW-RR1/verify-stage-r03-attempt1-dr-contaminated/A15/cases/steer-text-drained-into-model-input.json
1d91fbec57470aebfedf338d49c5109fdd0216e02d720737ed53335eb06ae4c8  ??  artifacts/rust-tauri/R03/repair-current/STAGE-REVIEW-RR1/verify-stage-r03-attempt1-dr-contaminated/A15/cases/subagent-child-cancel-stops-child-only.json
25c6b5b26b72b0a4408db94f4f0e40b77faa84d32ccfeaffaf04e29fb20c07c9  ??  artifacts/rust-tauri/R03/repair-current/STAGE-REVIEW-RR1/verify-stage-r03-attempt1-dr-contaminated/A15/cases/subagent-close-thread-closed-status.json
c8d7de61de38e7dfa38ea3376602da5c50882e6d6238c3a1ff61b6ac7df04418  ??  artifacts/rust-tauri/R03/repair-current/STAGE-REVIEW-RR1/verify-stage-r03-attempt1-dr-contaminated/A15/cases/subagent-dispatch-child-lineage-recorded.json
dce5bbb9b54961ee64c8634f90f4f2600975918f6a2590b57b7b28dd425016bd  ??  artifacts/rust-tauri/R03/repair-current/STAGE-REVIEW-RR1/verify-stage-r03-attempt1-dr-contaminated/A15/cases/subagent-escalation-write-denied-zero-children.json
dcd19d358a8a5e560042eee304f1f5460d1c79ba1a64d611fb1007b830562010  ??  artifacts/rust-tauri/R03/repair-current/STAGE-REVIEW-RR1/verify-stage-r03-attempt1-dr-contaminated/A15/cases/subagent-policy-proactive-delegation-default-off.json
ffef3903ae224f661b415622ed9c76da5e265c01a9c15b867f429c1f6d10ef15  ??  artifacts/rust-tauri/R03/repair-current/STAGE-REVIEW-RR1/verify-stage-r03-attempt1-dr-contaminated/A15/cases/subagent-reply-continues-thread.json
d097c60f1416e1febc17bd0959b1c9252ca9be86b6a1e982d42d9240a38b107e  ??  artifacts/rust-tauri/R03/repair-current/STAGE-REVIEW-RR1/verify-stage-r03-attempt1-dr-contaminated/A15/combo-counts.json
4c56fd82542a56017ef5e59d3b0c9752ede52032f31f31c24c2de458153ad296  ??  artifacts/rust-tauri/R03/repair-current/STAGE-REVIEW-RR1/verify-stage-r03-attempt1-dr-contaminated/A15/combos/cancel-approval-wait.json
f861ce9b1dbe64f781134bae916b9c8f2503f4ad8572e98bfc18d180a4e35e33  ??  artifacts/rust-tauri/R03/repair-current/STAGE-REVIEW-RR1/verify-stage-r03-attempt1-dr-contaminated/A15/combos/cancel-stream-read.json
76b74d822e65d068718af971eb29865cc4891a50d128a35b0bc955cc3b6b65a2  ??  artifacts/rust-tauri/R03/repair-current/STAGE-REVIEW-RR1/verify-stage-r03-attempt1-dr-contaminated/A15/combos/crash-recovery.json
ef5545b54a472c39f9b09d995f9ba2e3671618a56d4de3eb7fe4fad24d81f22b  ??  artifacts/rust-tauri/R03/repair-current/STAGE-REVIEW-RR1/verify-stage-r03-attempt1-dr-contaminated/A15/combos/cross-session-parallel.json
7f7fd9a6f050ba6811d5b1d7313d11473f92089a4ec0fd2335779e99b59cdaa1  ??  artifacts/rust-tauri/R03/repair-current/STAGE-REVIEW-RR1/verify-stage-r03-attempt1-dr-contaminated/A15/combos/duplicate-submission.json
fc9b468ae0f2bd2cfff1a3ead3ba02756e59e73dc0c0a0ebb5142456d1ae38a8  ??  artifacts/rust-tauri/R03/repair-current/STAGE-REVIEW-RR1/verify-stage-r03-attempt1-dr-contaminated/A15/combos/leaf-parent-cancel.json
a59635405b3569b1c0c950cb282ecf3749923b36c6b1b5e4d3d21fc3f4458102  ??  artifacts/rust-tauri/R03/repair-current/STAGE-REVIEW-RR1/verify-stage-r03-attempt1-dr-contaminated/A15/combos/leaf-steer.json
fd60e4ca043c4073ddf838b3f0fe918436ede45ff7765efc8f1cad42821186f4  ??  artifacts/rust-tauri/R03/repair-current/STAGE-REVIEW-RR1/verify-stage-r03-attempt1-dr-contaminated/A15/combos/multi-tool.json
075cad25ce0207f3b49138b8d415d0db78da1005207b2f64d282b478bffa44ae  ??  artifacts/rust-tauri/R03/repair-current/STAGE-REVIEW-RR1/verify-stage-r03-attempt1-dr-contaminated/A15/combos/multi-turn-model.json
f94832aef81d68346dd1b25b1ad7312d6bc141a69a616a218b640aa170fbebcb  ??  artifacts/rust-tauri/R03/repair-current/STAGE-REVIEW-RR1/verify-stage-r03-attempt1-dr-contaminated/A15/combos/normal.json
44f5b48c4f288ee214f7053e16857997f1fb66a6be241466141301a16c6872e7  ??  artifacts/rust-tauri/R03/repair-current/STAGE-REVIEW-RR1/verify-stage-r03-attempt1-dr-contaminated/A15/combos/timeout-budget.json
505ecfbac3942739846be3a188cabea9d26c9641628253767c5457bdff2ab44f  ??  artifacts/rust-tauri/R03/repair-current/STAGE-REVIEW-RR1/verify-stage-r03-attempt1-dr-contaminated/A15/leaf-cases.json
bdaad3ebf5ff0689f1652a4b7c24716f5b0138db8876d8941ceb6bbe390650fa  ??  artifacts/rust-tauri/R03/repair-current/STAGE-REVIEW-RR1/verify-stage-r03-attempt1-dr-contaminated/A15/summary.txt
9a652a14c5a43c20164935bd4963aa32c2a32445a13a91c504c563352517c3b7  ??  artifacts/rust-tauri/R03/repair-current/STAGE-REVIEW-RR1/verify-stage-r03-attempt1-dr-contaminated/A16/captured-seed.txt
9a652a14c5a43c20164935bd4963aa32c2a32445a13a91c504c563352517c3b7  ??  artifacts/rust-tauri/R03/repair-current/STAGE-REVIEW-RR1/verify-stage-r03-attempt1-dr-contaminated/A16/p2-captured-seed-attempt-0.txt
9a652a14c5a43c20164935bd4963aa32c2a32445a13a91c504c563352517c3b7  ??  artifacts/rust-tauri/R03/repair-current/STAGE-REVIEW-RR1/verify-stage-r03-attempt1-dr-contaminated/A16/p3-replay-1-seed.txt
9a652a14c5a43c20164935bd4963aa32c2a32445a13a91c504c563352517c3b7  ??  artifacts/rust-tauri/R03/repair-current/STAGE-REVIEW-RR1/verify-stage-r03-attempt1-dr-contaminated/A16/p3-replay-2-seed.txt
3fd4aaf96fe0793daf71f6aa3f52fa6c74856c7ddd31d414962724cf4df651d5  ??  artifacts/rust-tauri/R03/repair-current/STAGE-REVIEW-RR1/verify-stage-r03-attempt1-dr-contaminated/A16/seed-mechanism.json
7d823ecd2fe778be4bc9ccdeaa060189bb8c8a9e8bd9737f51cb16fbd9b11f68  ??  artifacts/rust-tauri/R03/repair-current/STAGE-REVIEW-RR1/verify-stage-r03-attempt1-dr-contaminated/A16/summary.txt
a78e649733d4fea6a4eed258f2828044be4f87cbe15d6e4cd56aa13bbdf42064  ??  artifacts/rust-tauri/R03/repair-current/STAGE-REVIEW-RR1/verify-stage-r03-attempt1-dr-contaminated/G07_REPAIR/cases.jsonl
e3b0c44298fc1c149afbf4c8996fb92427ae41e4649b934ca495991b7852b855  ??  artifacts/rust-tauri/R03/repair-current/STAGE-REVIEW-RR1/verify-stage-r03-attempt1-dr-contaminated/G07_REPAIR/gaps.txt
fb01ac619921de38fc8b3f4b03acf1679ef1970aa72ad9b11894254d77ec1319  ??  artifacts/rust-tauri/R03/repair-current/STAGE-REVIEW-RR1/verify-stage-r03-attempt1-dr-contaminated/G07_REPAIR/repair-cases.json
adebf94adf1305de41508726eebe386e4abf2994f31973f70d0a4580d7372cc6  ??  artifacts/rust-tauri/R03/repair-current/STAGE-REVIEW-RR1/verify-stage-r03-attempt1-dr-contaminated/G07_REPAIR/summary.txt
c71df3089f309b9be2dc661da67fb1fcabe69f7803396723afd05fe08bc4586a  ??  artifacts/rust-tauri/R03/repair-current/STAGE-REVIEW-RR1/verify-stage-r03-attempt1-dr-contaminated/R02/A05_A06/.last-body
1319bbe558a1a9043433da92529bc8c24d2b6fbcabc962836a938e946e273399  ??  artifacts/rust-tauri/R03/repair-current/STAGE-REVIEW-RR1/verify-stage-r03-attempt1-dr-contaminated/R02/A05_A06/body-limit.txt
c0c19dff508a998f0c6e1fbf2643c2d78647cd6495bc53c57d2566877a3abc0b  ??  artifacts/rust-tauri/R03/repair-current/STAGE-REVIEW-RR1/verify-stage-r03-attempt1-dr-contaminated/R02/A05_A06/cli-sessions-limit-case.json
27df4cc5c6b3cf5795d4d74754658ed04aba47844fc17d6583f7e3abae1e2920  ??  artifacts/rust-tauri/R03/repair-current/STAGE-REVIEW-RR1/verify-stage-r03-attempt1-dr-contaminated/R02/A05_A06/creds-after-authz.json
ebfa0f38ab711ef604f44ce2052db868b2c1d9a2dc3abae1888a2c7a44792e88  ??  artifacts/rust-tauri/R03/repair-current/STAGE-REVIEW-RR1/verify-stage-r03-attempt1-dr-contaminated/R02/A05_A06/creds-before-authz.json
b123a46c4c3f6bf366627d0e5ea783877660253c45b5ca96a4e7113612fb87ec  ??  artifacts/rust-tauri/R03/repair-current/STAGE-REVIEW-RR1/verify-stage-r03-attempt1-dr-contaminated/R02/A05_A06/devices-after-authz.json
1e4035763ac1ff80019b626fc367a53c8684b0f45c20dcbf8df18d4a4a11e5e7  ??  artifacts/rust-tauri/R03/repair-current/STAGE-REVIEW-RR1/verify-stage-r03-attempt1-dr-contaminated/R02/A05_A06/devices-before-authz.json
d2b3de3ad9f0b0bd5831654f9cd8125a6392f67f85f2fc77466b2b2b8a572e4a  ??  artifacts/rust-tauri/R03/repair-current/STAGE-REVIEW-RR1/verify-stage-r03-attempt1-dr-contaminated/R02/A05_A06/leaf-cases.json
8072c699a71bb4e2cd218fbf8dbdaafc11ece51e6d472697fc662a10437b2a6d  ??  artifacts/rust-tauri/R03/repair-current/STAGE-REVIEW-RR1/verify-stage-r03-attempt1-dr-contaminated/R02/A05_A06/leaf-cases.ndjson
545d6e48560df474302d502ad7170f58dd54c0b0ac618a1d8a9618a34738e6c3  ??  artifacts/rust-tauri/R03/repair-current/STAGE-REVIEW-RR1/verify-stage-r03-attempt1-dr-contaminated/R02/A05_A06/me-denied-after.sha256
545d6e48560df474302d502ad7170f58dd54c0b0ac618a1d8a9618a34738e6c3  ??  artifacts/rust-tauri/R03/repair-current/STAGE-REVIEW-RR1/verify-stage-r03-attempt1-dr-contaminated/R02/A05_A06/me-denied-before.sha256
9901fa4939e8c0683cc392787126273c429530490fdebe18e68d1ad0c6fc2459  ??  artifacts/rust-tauri/R03/repair-current/STAGE-REVIEW-RR1/verify-stage-r03-attempt1-dr-contaminated/R02/A05_A06/sessions-list-matrix.json
f8de359de535d08f70f3b40a704d5007fb4c50e50e81a7e02f6f71995cef03ff  ??  artifacts/rust-tauri/R03/repair-current/STAGE-REVIEW-RR1/verify-stage-r03-attempt1-dr-contaminated/R02/A05_A06/state-after-authn.txt
7039db4295e19fe377259e1a97cf353f1ff4c6394f26fd9d9acd4471c8e04fa2  ??  artifacts/rust-tauri/R03/repair-current/STAGE-REVIEW-RR1/verify-stage-r03-attempt1-dr-contaminated/R02/A05_A06/state-after.txt
f8de359de535d08f70f3b40a704d5007fb4c50e50e81a7e02f6f71995cef03ff  ??  artifacts/rust-tauri/R03/repair-current/STAGE-REVIEW-RR1/verify-stage-r03-attempt1-dr-contaminated/R02/A05_A06/state-before-authz.txt
f8de359de535d08f70f3b40a704d5007fb4c50e50e81a7e02f6f71995cef03ff  ??  artifacts/rust-tauri/R03/repair-current/STAGE-REVIEW-RR1/verify-stage-r03-attempt1-dr-contaminated/R02/A05_A06/state-before.txt
164ecf0e46a8c124d32dbc055593bf6056dad0f0da0a1988ef94b297e4a14ca1  ??  artifacts/rust-tauri/R03/repair-current/STAGE-REVIEW-RR1/verify-stage-r03-attempt1-dr-contaminated/R02/A05_A06/summary.txt
922c7dbd67e9d59d7ae258dbc46c055ad3c6546d2b7e85c2724cb8b31aab48fc  ??  artifacts/rust-tauri/R03/repair-current/STAGE-REVIEW-RR1/verify-stage-r03-attempt1-dr-contaminated/R02/A05_A06/ws-matrix.json
226cd0ca5784bc6ddfa42c2bbb52bb9b1170e4ccf8d83973a5cdc8e480dd9073  ??  artifacts/rust-tauri/R03/repair-current/STAGE-REVIEW-RR1/verify-stage-r03-attempt1-dr-contaminated/R02/A07_A08/last-db-hashes.txt
e613a984930f45c73fa5aa79af6955b0ac56faa30868e1da85d84a96a180eee3  ??  artifacts/rust-tauri/R03/repair-current/STAGE-REVIEW-RR1/verify-stage-r03-attempt1-dr-contaminated/R02/A07_A08/s1-counts-after-stop.json
6e11d3157e36f2f24de72943cc5df97aec8475c1e95a29c6fed9cc451e41da10  ??  artifacts/rust-tauri/R03/repair-current/STAGE-REVIEW-RR1/verify-stage-r03-attempt1-dr-contaminated/R02/A07_A08/s2-counts-after-crash.json
84a683f320d8eabe052e8ef6c721e14d99c3be11565e8c27fecd28d9a6a32b10  ??  artifacts/rust-tauri/R03/repair-current/STAGE-REVIEW-RR1/verify-stage-r03-attempt1-dr-contaminated/R02/A07_A08/s2-runs-dump.jsonl
2da45156339f5948991e2d8bc1a81e62574909c5ab72ebf44a589efeac0f482b  ??  artifacts/rust-tauri/R03/repair-current/STAGE-REVIEW-RR1/verify-stage-r03-attempt1-dr-contaminated/R02/A07_A08/s3-fault.err
e3b0c44298fc1c149afbf4c8996fb92427ae41e4649b934ca495991b7852b855  ??  artifacts/rust-tauri/R03/repair-current/STAGE-REVIEW-RR1/verify-stage-r03-attempt1-dr-contaminated/R02/A07_A08/s3-fault.out
1aa3f6ee79f11c145e134d73613f2b0cc3443c0a051f45f34085e10ea79d20a9  ??  artifacts/rust-tauri/R03/repair-current/STAGE-REVIEW-RR1/verify-stage-r03-attempt1-dr-contaminated/R02/A07_A08/s4-hashes-after.txt
1aa3f6ee79f11c145e134d73613f2b0cc3443c0a051f45f34085e10ea79d20a9  ??  artifacts/rust-tauri/R03/repair-current/STAGE-REVIEW-RR1/verify-stage-r03-attempt1-dr-contaminated/R02/A07_A08/s4-hashes-before.txt
dbcb77346e30a74ca3225111205f9abffffb4af2d9a122e051b603bdf20d8030  ??  artifacts/rust-tauri/R03/repair-current/STAGE-REVIEW-RR1/verify-stage-r03-attempt1-dr-contaminated/R02/A07_A08/s4-migrations-round1.json
dbcb77346e30a74ca3225111205f9abffffb4af2d9a122e051b603bdf20d8030  ??  artifacts/rust-tauri/R03/repair-current/STAGE-REVIEW-RR1/verify-stage-r03-attempt1-dr-contaminated/R02/A07_A08/s4-migrations-round2.json
dbcb77346e30a74ca3225111205f9abffffb4af2d9a122e051b603bdf20d8030  ??  artifacts/rust-tauri/R03/repair-current/STAGE-REVIEW-RR1/verify-stage-r03-attempt1-dr-contaminated/R02/A07_A08/s4-migrations-round3.json
8266cfc2142eac63469ed064e7484e5df49040dda7fa83fbace17c0fabab103d  ??  artifacts/rust-tauri/R03/repair-current/STAGE-REVIEW-RR1/verify-stage-r03-attempt1-dr-contaminated/R02/A07_A08/service-s1.err
5854b973fa43518f0d4abb7bf5e68a6b1dd193c082ca5df9f5812417f615e3dc  ??  artifacts/rust-tauri/R03/repair-current/STAGE-REVIEW-RR1/verify-stage-r03-attempt1-dr-contaminated/R02/A07_A08/service-s1.out
9e69022e5e12fd933da74dbdeb624d0f0a94465229f59eddfd6b793c61b202c7  ??  artifacts/rust-tauri/R03/repair-current/STAGE-REVIEW-RR1/verify-stage-r03-attempt1-dr-contaminated/R02/A07_A08/service-s1b.err
b5d45e74a7f0948217ae2190a5981c36c944ed164f09155e8efa248d7f079872  ??  artifacts/rust-tauri/R03/repair-current/STAGE-REVIEW-RR1/verify-stage-r03-attempt1-dr-contaminated/R02/A07_A08/service-s1b.out
f1edff11f21ca620842dac8e9b3126366608e63d192769111ce8d079ab34e580  ??  artifacts/rust-tauri/R03/repair-current/STAGE-REVIEW-RR1/verify-stage-r03-attempt1-dr-contaminated/R02/A07_A08/service-s2.err
7f7b09a496595f6b866be01144885f247fa72d8b8675c7ff47100731a509718f  ??  artifacts/rust-tauri/R03/repair-current/STAGE-REVIEW-RR1/verify-stage-r03-attempt1-dr-contaminated/R02/A07_A08/service-s2.out
bf9cdd8f93420a0523fb61645cc179a987810c04c36b9578a717dbcb9f42da3e  ??  artifacts/rust-tauri/R03/repair-current/STAGE-REVIEW-RR1/verify-stage-r03-attempt1-dr-contaminated/R02/A07_A08/service-s2b.err
c8ba3218d8fe51b57d9d1a7fed897c965230a828656dec13fcacca4b3bd8e309  ??  artifacts/rust-tauri/R03/repair-current/STAGE-REVIEW-RR1/verify-stage-r03-attempt1-dr-contaminated/R02/A07_A08/service-s2b.out
28c165419b47c91e3e25372e9eb6d649e47efe5754f3e05fe1dbca8e0fc16511  ??  artifacts/rust-tauri/R03/repair-current/STAGE-REVIEW-RR1/verify-stage-r03-attempt1-dr-contaminated/R02/A07_A08/service-s4-1.err
ae71aaab88162aa2f3df716988f66d75a80a5c6ece0055760a460691c16effe6  ??  artifacts/rust-tauri/R03/repair-current/STAGE-REVIEW-RR1/verify-stage-r03-attempt1-dr-contaminated/R02/A07_A08/service-s4-1.out
3549c8f3dae4ffc94ad3ee99ef15df8fdeff7e9122acc90f214c4ed3a2f51911  ??  artifacts/rust-tauri/R03/repair-current/STAGE-REVIEW-RR1/verify-stage-r03-attempt1-dr-contaminated/R02/A07_A08/service-s4-2.err
b426d1bbae67df4f94e24a5196fda45e102fbfaf9cdd560f4fd352e3673e3597  ??  artifacts/rust-tauri/R03/repair-current/STAGE-REVIEW-RR1/verify-stage-r03-attempt1-dr-contaminated/R02/A07_A08/service-s4-2.out
a61a656fccaaddd84d3908381fbd84208fce074253d2648a972019043bc86377  ??  artifacts/rust-tauri/R03/repair-current/STAGE-REVIEW-RR1/verify-stage-r03-attempt1-dr-contaminated/R02/A07_A08/service-s4-3.err
32fdaa9017dd878731b1b7a622a7696879d256db6462b787665549ce3b2404b0  ??  artifacts/rust-tauri/R03/repair-current/STAGE-REVIEW-RR1/verify-stage-r03-attempt1-dr-contaminated/R02/A07_A08/service-s4-3.out
0a80c91058f6d2af4e8b176bff930fce6ee1a4f033dad4e0db794ba9aa590757  ??  artifacts/rust-tauri/R03/repair-current/STAGE-REVIEW-RR1/verify-stage-r03-attempt1-dr-contaminated/R02/A07_A08/service.addr
410da4098417d3b0e4fbebaaf98fa64a460a99b108ee3b4656b4de81d0160af0  ??  artifacts/rust-tauri/R03/repair-current/STAGE-REVIEW-RR1/verify-stage-r03-attempt1-dr-contaminated/R02/A07_A08/service.pid
ef0c69072110e13bcf354619c10a98d842e8e82779465f9daa468de30a268a6b  ??  artifacts/rust-tauri/R03/repair-current/STAGE-REVIEW-RR1/verify-stage-r03-attempt1-dr-contaminated/R02/A07_A08/summary.txt
b6cc39f8e42392d5362c64b448f2608406327e1c1c0935ac665bfcea9e38281a  ??  artifacts/rust-tauri/R03/repair-current/STAGE-REVIEW-RR1/verify-stage-r03-attempt1-dr-contaminated/R02/A09_A10/a09-merged-view.json
37bdb8be0c55f1d1771a531cc593b5b093540d8d876baad30f359f779caca85d  ??  artifacts/rust-tauri/R03/repair-current/STAGE-REVIEW-RR1/verify-stage-r03-attempt1-dr-contaminated/R02/A09_A10/a10-rebuild-diff.json
a6fc1b6e1af3435410301288e4084695c021fb1cc5594dbea0680f2ef3042000  ??  artifacts/rust-tauri/R03/repair-current/STAGE-REVIEW-RR1/verify-stage-r03-attempt1-dr-contaminated/R02/A09_A10/key-events-dump.json
471390b6fcb2e83a5ad32b58759cdfc55cf14ae5ab0ec68f3b6b1fe4cc8e3262  ??  artifacts/rust-tauri/R03/repair-current/STAGE-REVIEW-RR1/verify-stage-r03-attempt1-dr-contaminated/R02/A09_A10/matrix.json
54fa1cfb6729f46d916c797f8d86801f3ca9d4c8ad06bf5c69a0f3ef09d494bf  ??  artifacts/rust-tauri/R03/repair-current/STAGE-REVIEW-RR1/verify-stage-r03-attempt1-dr-contaminated/R02/A09_A10/probe-matrix.jsonl
758800f5f614a9fc8049050a77bfdbe04dacfdec6dcadc34da1208dac9bc4fe5  ??  artifacts/rust-tauri/R03/repair-current/STAGE-REVIEW-RR1/verify-stage-r03-attempt1-dr-contaminated/R02/A09_A10/service.err
b47ffd28ed70b0066ea26c46d8b9f91c3fab0ba0bed5fd98db3b36080691c5f5  ??  artifacts/rust-tauri/R03/repair-current/STAGE-REVIEW-RR1/verify-stage-r03-attempt1-dr-contaminated/R02/A09_A10/service.out
2cd87527e91cd6a487a06b660765c1ef5f3e7927df59e48e364b9b16cc15d241  ??  artifacts/rust-tauri/R03/repair-current/STAGE-REVIEW-RR1/verify-stage-r03-attempt1-dr-contaminated/R02/A09_A10/summary.txt
dd63f79ce1a39fdef735dbb9eb292c3f8a45db77c2513d3cc7379e5dbe13749e  ??  artifacts/rust-tauri/R03/repair-current/STAGE-REVIEW-RR1/verify-stage-r03-attempt1-dr-contaminated/R02/A11/backup-restore/s1-backup-dir-listing.txt
9cfa3f49c9010b3ff60f7ec6056fb0e049d32f52070d7118b9188d54d95368fe  ??  artifacts/rust-tauri/R03/repair-current/STAGE-REVIEW-RR1/verify-stage-r03-attempt1-dr-contaminated/R02/A11/backup-restore/s1-backup-outcome.json
e3b0c44298fc1c149afbf4c8996fb92427ae41e4649b934ca495991b7852b855  ??  artifacts/rust-tauri/R03/repair-current/STAGE-REVIEW-RR1/verify-stage-r03-attempt1-dr-contaminated/R02/A11/backup-restore/s1-backup.err
fb70e580b79bb7766e4b686a09e655b6b8087348c29ca9d02221199ba3c72456  ??  artifacts/rust-tauri/R03/repair-current/STAGE-REVIEW-RR1/verify-stage-r03-attempt1-dr-contaminated/R02/A11/backup-restore/s1-restore-outcome.json
e3b0c44298fc1c149afbf4c8996fb92427ae41e4649b934ca495991b7852b855  ??  artifacts/rust-tauri/R03/repair-current/STAGE-REVIEW-RR1/verify-stage-r03-attempt1-dr-contaminated/R02/A11/backup-restore/s1-restore.err
fa08bdb8575028c33b9bbd0229cd0098a5e0bcf8d732c611726c1af01a1dff3c  ??  artifacts/rust-tauri/R03/repair-current/STAGE-REVIEW-RR1/verify-stage-r03-attempt1-dr-contaminated/R02/A11/backup-restore/s1-restored-dump.jsonl
3f0fa2b1c984e221b66d9d483b17da60f99f60e75e11de5c1049b2b867fef7c5  ??  artifacts/rust-tauri/R03/repair-current/STAGE-REVIEW-RR1/verify-stage-r03-attempt1-dr-contaminated/R02/A11/backup-restore/s1-restored-hash.txt
fa08bdb8575028c33b9bbd0229cd0098a5e0bcf8d732c611726c1af01a1dff3c  ??  artifacts/rust-tauri/R03/repair-current/STAGE-REVIEW-RR1/verify-stage-r03-attempt1-dr-contaminated/R02/A11/backup-restore/s1-source-dump.jsonl
79d4ed9385c72a7bdbd52ad7491209a74b8040ffeb8a0492d2cc964d3159b2cb  ??  artifacts/rust-tauri/R03/repair-current/STAGE-REVIEW-RR1/verify-stage-r03-attempt1-dr-contaminated/R02/A11/backup-restore/s1-source-hash.txt
951e1f2cedf4a978898a4f9e620777561b8381ece9faf4223f8594a201f47f74  ??  artifacts/rust-tauri/R03/repair-current/STAGE-REVIEW-RR1/verify-stage-r03-attempt1-dr-contaminated/R02/A11/backup-restore/s1-wal-size.txt
e3b0c44298fc1c149afbf4c8996fb92427ae41e4649b934ca495991b7852b855  ??  artifacts/rust-tauri/R03/repair-current/STAGE-REVIEW-RR1/verify-stage-r03-attempt1-dr-contaminated/R02/A11/backup-restore/s3-backup-out.json
593bf9e7885baada4c5f8dc6e71e394243df7a4bf926f7aafd93f9c80f14f1e5  ??  artifacts/rust-tauri/R03/repair-current/STAGE-REVIEW-RR1/verify-stage-r03-attempt1-dr-contaminated/R02/A11/backup-restore/s3-backup.err
9b33c4d50a9f7a0434980244454a85ce4288c7323241cf9ff22c50e6b8f8dd85  ??  artifacts/rust-tauri/R03/repair-current/STAGE-REVIEW-RR1/verify-stage-r03-attempt1-dr-contaminated/R02/A11/backup-restore/s4-ws-probe.json
a4c3ed04a95a3da14a9d235c83d868bed7c0f45cf7f3faa751ee8f50598d2211  ??  artifacts/rust-tauri/R03/repair-current/STAGE-REVIEW-RR1/verify-stage-r03-attempt1-dr-contaminated/R02/A11/backup-restore/s4-ws-probe.json.probe-done
b30d2690d01e3bddd8e4ce3c26133984b0826983a9dc4b60d44cb132a882eb60  ??  artifacts/rust-tauri/R03/repair-current/STAGE-REVIEW-RR1/verify-stage-r03-attempt1-dr-contaminated/R02/A11/backup-restore/service-s1.addr
41616fd0d3e1186e166023a212b26831a3660b589cbd5bcc35746e46b10f4749  ??  artifacts/rust-tauri/R03/repair-current/STAGE-REVIEW-RR1/verify-stage-r03-attempt1-dr-contaminated/R02/A11/backup-restore/service-s1.err
c7cc06bb271e90c77ded5092c4eb5736fdafb5a65ac1bffa2a7b8551a72a58f8  ??  artifacts/rust-tauri/R03/repair-current/STAGE-REVIEW-RR1/verify-stage-r03-attempt1-dr-contaminated/R02/A11/backup-restore/service-s1.out
202aebaeb3637366d8d2a10c23cf036521ae2c48e0610c722c7ed961c1e7db5f  ??  artifacts/rust-tauri/R03/repair-current/STAGE-REVIEW-RR1/verify-stage-r03-attempt1-dr-contaminated/R02/A11/backup-restore/service-s2.addr
15bcaa0f051d300e1860a532e25e68d419748a680151cc016331c52d5c497339  ??  artifacts/rust-tauri/R03/repair-current/STAGE-REVIEW-RR1/verify-stage-r03-attempt1-dr-contaminated/R02/A11/backup-restore/service-s2.err
8becfc102f73601e53e427049fb94093bcc0ab5da34d9669f5dd30f3c907a73c  ??  artifacts/rust-tauri/R03/repair-current/STAGE-REVIEW-RR1/verify-stage-r03-attempt1-dr-contaminated/R02/A11/backup-restore/service-s2.out
114c5222a228b46e3912c9dfaee8289f3fd3cd752bd3999fb7be86e1eb59a7e1  ??  artifacts/rust-tauri/R03/repair-current/STAGE-REVIEW-RR1/verify-stage-r03-attempt1-dr-contaminated/R02/A11/backup-restore/service-s4.addr
b7bf7a30b9deae272902c46361bd1ace61db4a4880460bbeeb96e43854e75853  ??  artifacts/rust-tauri/R03/repair-current/STAGE-REVIEW-RR1/verify-stage-r03-attempt1-dr-contaminated/R02/A11/backup-restore/service-s4.err
859c96c011ee829dc0cec81639013af055766de3997e50849fec1e56c13343bd  ??  artifacts/rust-tauri/R03/repair-current/STAGE-REVIEW-RR1/verify-stage-r03-attempt1-dr-contaminated/R02/A11/backup-restore/service-s4.out
1b399da3408497dfdad00ba5511976e00428c1275627e2542757b466c6fbfa7a  ??  artifacts/rust-tauri/R03/repair-current/STAGE-REVIEW-RR1/verify-stage-r03-attempt1-dr-contaminated/R02/A11/backup-restore/service.pid
668ed90314dae2acbb6362721a735ad323dcedd827e5ccc35d22848e6361a2f5  ??  artifacts/rust-tauri/R03/repair-current/STAGE-REVIEW-RR1/verify-stage-r03-attempt1-dr-contaminated/R02/A11/backup-restore/summary.txt
ee3f5c9a890772dc341ac551e9e2b33f22cc274e122567f1b231145bf8b08277  ??  artifacts/rust-tauri/R03/repair-current/STAGE-REVIEW-RR1/verify-stage-r03-attempt1-dr-contaminated/R02/A12/recovery-drill/coexist-after.txt
ee3f5c9a890772dc341ac551e9e2b33f22cc274e122567f1b231145bf8b08277  ??  artifacts/rust-tauri/R03/repair-current/STAGE-REVIEW-RR1/verify-stage-r03-attempt1-dr-contaminated/R02/A12/recovery-drill/coexist-before.txt
62351d5e49513a0928ae28b6c9d446397bf94cb4198257e9018cf4358f7297da  ??  artifacts/rust-tauri/R03/repair-current/STAGE-REVIEW-RR1/verify-stage-r03-attempt1-dr-contaminated/R02/A12/recovery-drill/own-created-homes.txt
79be6d64aa93bf457e5b337dfa16a187af549e49a08c7760b4ddb0f61bedf8ac  ??  artifacts/rust-tauri/R03/repair-current/STAGE-REVIEW-RR1/verify-stage-r03-attempt1-dr-contaminated/R02/A12/recovery-drill/summary.txt
7b2f675d535131e9ee3b95eb996b520af42000b1efea572dc62eff72fd758a84  ??  artifacts/rust-tauri/R03/repair-current/STAGE-REVIEW-RR1/verify-stage-r03-attempt1-dr-contaminated/R02/A12/recovery-drill/v1-hashes-after.txt
7b2f675d535131e9ee3b95eb996b520af42000b1efea572dc62eff72fd758a84  ??  artifacts/rust-tauri/R03/repair-current/STAGE-REVIEW-RR1/verify-stage-r03-attempt1-dr-contaminated/R02/A12/recovery-drill/v1-hashes-before.txt
36553cad2a6b1ada945300746cc95ec8f51f320d3ea8855d0863fd120410d26b  ??  artifacts/rust-tauri/R03/repair-current/STAGE-REVIEW-RR1/verify-stage-r03-attempt1-dr-contaminated/R02/A12/recovery-drill/v1.err
e3b0c44298fc1c149afbf4c8996fb92427ae41e4649b934ca495991b7852b855  ??  artifacts/rust-tauri/R03/repair-current/STAGE-REVIEW-RR1/verify-stage-r03-attempt1-dr-contaminated/R02/A12/recovery-drill/v1.out
fcb269f1fc43e20619871bab0f6e464d30773313e55b17f725fc62249ab521be  ??  artifacts/rust-tauri/R03/repair-current/STAGE-REVIEW-RR1/verify-stage-r03-attempt1-dr-contaminated/R02/A12/recovery-drill/v2-hashes-after.txt
fcb269f1fc43e20619871bab0f6e464d30773313e55b17f725fc62249ab521be  ??  artifacts/rust-tauri/R03/repair-current/STAGE-REVIEW-RR1/verify-stage-r03-attempt1-dr-contaminated/R02/A12/recovery-drill/v2-hashes-before.txt
ea4cec66e57121797970d6a6b7d116cf1f5c04b5cedd7e2da967ba97e0819b8f  ??  artifacts/rust-tauri/R03/repair-current/STAGE-REVIEW-RR1/verify-stage-r03-attempt1-dr-contaminated/R02/A12/recovery-drill/v2.err
e3b0c44298fc1c149afbf4c8996fb92427ae41e4649b934ca495991b7852b855  ??  artifacts/rust-tauri/R03/repair-current/STAGE-REVIEW-RR1/verify-stage-r03-attempt1-dr-contaminated/R02/A12/recovery-drill/v2.out
a33ffd69acb495d9a221778bb2317e4cef00e4d752d794b9c1267890666ec43d  ??  artifacts/rust-tauri/R03/repair-current/STAGE-REVIEW-RR1/verify-stage-r03-attempt1-dr-contaminated/R02/A12/recovery-drill/v3-hashes-after.txt
a33ffd69acb495d9a221778bb2317e4cef00e4d752d794b9c1267890666ec43d  ??  artifacts/rust-tauri/R03/repair-current/STAGE-REVIEW-RR1/verify-stage-r03-attempt1-dr-contaminated/R02/A12/recovery-drill/v3-hashes-before.txt
2e2c6da454fbdc83f2d87cbfb3b31123860b5f0a19cabb06680d9703ded949a3  ??  artifacts/rust-tauri/R03/repair-current/STAGE-REVIEW-RR1/verify-stage-r03-attempt1-dr-contaminated/R02/A12/recovery-drill/v3.err
e3b0c44298fc1c149afbf4c8996fb92427ae41e4649b934ca495991b7852b855  ??  artifacts/rust-tauri/R03/repair-current/STAGE-REVIEW-RR1/verify-stage-r03-attempt1-dr-contaminated/R02/A12/recovery-drill/v3.out
2d5b210530a7d7be6820936f6160b1ac7034071bb26e2824963e639557ccfd5a  ??  artifacts/rust-tauri/R03/repair-current/STAGE-REVIEW-RR1/verify-stage-r03-attempt1-dr-contaminated/R02/A12/recovery-drill/v4.err
0d80865241fb9f6a9b3b9fca2929be8a54d9d765e9521bc308e90c3eb3ae9fc6  ??  artifacts/rust-tauri/R03/repair-current/STAGE-REVIEW-RR1/verify-stage-r03-attempt1-dr-contaminated/R02/A12/recovery-drill/v4.out
b84d6d0e44e7ad518bccf087f1602f566328580ffe38742aa04f395ae1726c34  ??  artifacts/rust-tauri/R03/repair-current/STAGE-REVIEW-RR1/verify-stage-r03-attempt1-dr-contaminated/R02/A12/recovery-drill/v5-hashes-after.txt
b84d6d0e44e7ad518bccf087f1602f566328580ffe38742aa04f395ae1726c34  ??  artifacts/rust-tauri/R03/repair-current/STAGE-REVIEW-RR1/verify-stage-r03-attempt1-dr-contaminated/R02/A12/recovery-drill/v5-hashes-before.txt
029d928b18289eabebd4cf7933a4961fbc67b7c68572df3b00a2eaed398c2135  ??  artifacts/rust-tauri/R03/repair-current/STAGE-REVIEW-RR1/verify-stage-r03-attempt1-dr-contaminated/R02/A12/recovery-drill/v5.err
e3b0c44298fc1c149afbf4c8996fb92427ae41e4649b934ca495991b7852b855  ??  artifacts/rust-tauri/R03/repair-current/STAGE-REVIEW-RR1/verify-stage-r03-attempt1-dr-contaminated/R02/A12/recovery-drill/v5.out
c0f12a2a058628f31d448f9388f83e2b321fb45501963348bc897ffe336a6ee9  ??  artifacts/rust-tauri/R03/repair-current/STAGE-REVIEW-RR1/verify-stage-r03-attempt1-dr-contaminated/R02/A12/recovery-drill/v6-recovered-dump.jsonl
27badc983df1780b60c2b3fa9d3a19a00e46aac798451f0febdca52920faaddf  ??  artifacts/rust-tauri/R03/repair-current/STAGE-REVIEW-RR1/verify-stage-r03-attempt1-dr-contaminated/R02/A12/recovery-drill/v6-seed-execute.txt
b7ebbd5aafaa303d65ee845bc027d32ee6e2d8de038499b47b5c49b50c2c1846  ??  artifacts/rust-tauri/R03/repair-current/STAGE-REVIEW-RR1/verify-stage-r03-attempt1-dr-contaminated/R02/A12/recovery-drill/v6-seed.err
7bf45a9c1294d62356cca8e2860c5e72c18bf9fb2a4718abc8091b6a94542930  ??  artifacts/rust-tauri/R03/repair-current/STAGE-REVIEW-RR1/verify-stage-r03-attempt1-dr-contaminated/R02/A12/recovery-drill/v6-seed.out
c6014f2d325f68df39a143355b39969f7bda76e931409418ef6b7187c5f90a92  ??  artifacts/rust-tauri/R03/repair-current/STAGE-REVIEW-RR1/verify-stage-r03-attempt1-dr-contaminated/R02/A12/recovery-drill/v6.err
b1cdd0db1adf69cd0f7ec1a0a952f33f6614fa34d898641fac84af9b97ac0d3b  ??  artifacts/rust-tauri/R03/repair-current/STAGE-REVIEW-RR1/verify-stage-r03-attempt1-dr-contaminated/R02/A12/recovery-drill/v6.out
039fef15b3c62260a5c11694c97e64b4972ec0e4881fce620b53c3bf500e8665  ??  artifacts/rust-tauri/R03/repair-current/STAGE-REVIEW-RR1/verify-stage-r03-attempt1-dr-contaminated/R02/A12/recovery-drill/v7-hashes-after.txt
039fef15b3c62260a5c11694c97e64b4972ec0e4881fce620b53c3bf500e8665  ??  artifacts/rust-tauri/R03/repair-current/STAGE-REVIEW-RR1/verify-stage-r03-attempt1-dr-contaminated/R02/A12/recovery-drill/v7-hashes-before.txt
95e6374ec9170dc5b094440b3616b53fb79309fd7270312c8da7474bcb39ce49  ??  artifacts/rust-tauri/R03/repair-current/STAGE-REVIEW-RR1/verify-stage-r03-attempt1-dr-contaminated/R02/A12/recovery-drill/v7-seed.err
ffad88217a052ec2adaea3fbfad08e91f04ed876040b354376921cd4ae04c1d9  ??  artifacts/rust-tauri/R03/repair-current/STAGE-REVIEW-RR1/verify-stage-r03-attempt1-dr-contaminated/R02/A12/recovery-drill/v7-seed.out
a3594202e6f553504ec8b347025caf51c6ae825743237419de7fe6f4d6813fc3  ??  artifacts/rust-tauri/R03/repair-current/STAGE-REVIEW-RR1/verify-stage-r03-attempt1-dr-contaminated/R02/A12/recovery-drill/v7.err
e3b0c44298fc1c149afbf4c8996fb92427ae41e4649b934ca495991b7852b855  ??  artifacts/rust-tauri/R03/repair-current/STAGE-REVIEW-RR1/verify-stage-r03-attempt1-dr-contaminated/R02/A12/recovery-drill/v7.out
9be49930c76205fe14e833bf72ca8e95c595f1dd013b62b3f4c15a3b913084fd  ??  artifacts/rust-tauri/R03/repair-current/STAGE-REVIEW-RR1/verify-stage-r03-attempt1-dr-contaminated/R02/A12/recovery-drill/v8-observed.err
934b2f9967a74d7966221f2f8d2aaaa6fb4e1af793924f8564f9201ae7616979  ??  artifacts/rust-tauri/R03/repair-current/STAGE-REVIEW-RR1/verify-stage-r03-attempt1-dr-contaminated/R02/A12/recovery-drill/v8-seed.err
8407ca9cd355daa3719226721edc9f87447b856a90ff5f9d367fce4ce404b384  ??  artifacts/rust-tauri/R03/repair-current/STAGE-REVIEW-RR1/verify-stage-r03-attempt1-dr-contaminated/R02/A12/recovery-drill/v8-seed.out
9be49930c76205fe14e833bf72ca8e95c595f1dd013b62b3f4c15a3b913084fd  ??  artifacts/rust-tauri/R03/repair-current/STAGE-REVIEW-RR1/verify-stage-r03-attempt1-dr-contaminated/R02/A12/recovery-drill/v8.err
3b6ae8c2779ec1ca1b906fe2de532b8c9da4f9ef44109578481837ab0d03bf2a  ??  artifacts/rust-tauri/R03/repair-current/STAGE-REVIEW-RR1/verify-stage-r03-attempt1-dr-contaminated/R02/A12/recovery-drill/v8.out
7a876533ad3499405ed31b0bc10518d7756e19dc6859c370c86b44dfff5ce257  ??  artifacts/rust-tauri/R03/repair-current/STAGE-REVIEW-RR1/verify-stage-r03-attempt1-dr-contaminated/R02/A15/full-chain/pre-restart-head.json
e3b0c44298fc1c149afbf4c8996fb92427ae41e4649b934ca495991b7852b855  ??  artifacts/rust-tauri/R03/repair-current/STAGE-REVIEW-RR1/verify-stage-r03-attempt1-dr-contaminated/R02/A15/full-chain/probe1.err
d4312206bc76f932186e0807bf033df2b7cc634bcde0999fd745f7abcf7c7f6a  ??  artifacts/rust-tauri/R03/repair-current/STAGE-REVIEW-RR1/verify-stage-r03-attempt1-dr-contaminated/R02/A15/full-chain/probe1.pass-lines
e3b0c44298fc1c149afbf4c8996fb92427ae41e4649b934ca495991b7852b855  ??  artifacts/rust-tauri/R03/repair-current/STAGE-REVIEW-RR1/verify-stage-r03-attempt1-dr-contaminated/R02/A15/full-chain/probe2.err
28a411dc95be7e6596d2954fdbecf8eb034d9f8dc1248ab1d111c07c1c218b89  ??  artifacts/rust-tauri/R03/repair-current/STAGE-REVIEW-RR1/verify-stage-r03-attempt1-dr-contaminated/R02/A15/full-chain/probe2.pass-lines
2f9ac65e05b872151c074267958dd4b4b924a1cd801bcf8239c99fcd68b0040e  ??  artifacts/rust-tauri/R03/repair-current/STAGE-REVIEW-RR1/verify-stage-r03-attempt1-dr-contaminated/R02/A15/full-chain/service1.err
e2265468122f41633ceb553fab34cc5cc38ef49af7d4a4b8c482758a4c121a3e  ??  artifacts/rust-tauri/R03/repair-current/STAGE-REVIEW-RR1/verify-stage-r03-attempt1-dr-contaminated/R02/A15/full-chain/service1.out
054c1cc01722b0477da51c68b27523bc35a2007fe7e26a558875079317675706  ??  artifacts/rust-tauri/R03/repair-current/STAGE-REVIEW-RR1/verify-stage-r03-attempt1-dr-contaminated/R02/A15/full-chain/service2.err
c74baa453cd46fb8093d159fdbd97f4aebfae895d46e7216dac0ec80dc19f759  ??  artifacts/rust-tauri/R03/repair-current/STAGE-REVIEW-RR1/verify-stage-r03-attempt1-dr-contaminated/R02/A15/full-chain/service2.out
207c9bf102366237d4483e8d252cda774088c8f36d6d63dfce7b8a78e262fb79  ??  artifacts/rust-tauri/R03/repair-current/STAGE-REVIEW-RR1/verify-stage-r03-attempt1-dr-contaminated/R02/A15/full-chain/summary.txt
523ab963a6589a5728516dedfd166d3bb33ca94dad0fc96ba72028e6cc17b218  ??  artifacts/rust-tauri/R03/repair-current/STAGE-REVIEW-RR1/verify-stage-r03-attempt1-dr-contaminated/R02/A16/legacy-entry/e0-base-purity.txt
892d1ed0bb4975b7eade2bf87ff9d098f75514be2c9e0c1c02ab2505b35625d9  ??  artifacts/rust-tauri/R03/repair-current/STAGE-REVIEW-RR1/verify-stage-r03-attempt1-dr-contaminated/R02/A16/legacy-entry/e0-candidate-binding.tsv
7c7f3b23a726a7828841ae2522f444976b06f35b263c5c5de4cdd40e44630e50  ??  artifacts/rust-tauri/R03/repair-current/STAGE-REVIEW-RR1/verify-stage-r03-attempt1-dr-contaminated/R02/A16/legacy-entry/e0-candidate-dirty.diff
2d8ae7f8e99b56e5edcea8f79093fff878524636e5eeb6eea93710c852fee216  ??  artifacts/rust-tauri/R03/repair-current/STAGE-REVIEW-RR1/verify-stage-r03-attempt1-dr-contaminated/R02/A16/legacy-entry/e0-candidate-dirty.txt
dafecdaa505ce47155b8f0b1a6b9d326f65e6e84a229add0428c0fb851a0e505  ??  artifacts/rust-tauri/R03/repair-current/STAGE-REVIEW-RR1/verify-stage-r03-attempt1-dr-contaminated/R02/A16/legacy-entry/e1-binding-surface-intersect.txt
e478b5019f8dc054385b670fc46863aacb8ae7bb2c6af54b195ae23a7474e9a3  ??  artifacts/rust-tauri/R03/repair-current/STAGE-REVIEW-RR1/verify-stage-r03-attempt1-dr-contaminated/R02/A16/legacy-entry/e1-default-entry-assertions.txt
c290e5efd31bc081acd023ea447b5df27ff4ba8703d5be4e3a02c9b69f0782f8  ??  artifacts/rust-tauri/R03/repair-current/STAGE-REVIEW-RR1/verify-stage-r03-attempt1-dr-contaminated/R02/A16/legacy-entry/e1-surface-diff-files.txt
65a8e4d55d1d7b3d0f11e06928569acf896fdaa4c01cf07c3eb17427b16c603a  ??  artifacts/rust-tauri/R03/repair-current/STAGE-REVIEW-RR1/verify-stage-r03-attempt1-dr-contaminated/R02/A16/legacy-entry/e5-cause-classes.txt
a6336e88a861d5d65bf8332c6e104672fbecde11272907b15e2847bc36cfc7b2  ??  artifacts/rust-tauri/R03/repair-current/STAGE-REVIEW-RR1/verify-stage-r03-attempt1-dr-contaminated/R02/A16/legacy-entry/e5-seal-family.txt
87b985b5f0165c9fd012d205e13639a586dd8efafcbe8c3920b4ad74151c47e6  ??  artifacts/rust-tauri/R03/repair-current/STAGE-REVIEW-RR1/verify-stage-r03-attempt1-dr-contaminated/R02/A16/legacy-entry/summary.txt
b7c355c860b96f22bbb1716bf614711f4b5822b88534c006bf96881cb0840822  ??  artifacts/rust-tauri/R03/repair-current/STAGE-REVIEW-RR1/verify-stage-r03-attempt1-dr-contaminated/candidate-source-after.json
b71500ddc9b4eec0cda293acbd86f22fed4b2740e0e20c031fabefb96742c435  ??  artifacts/rust-tauri/R03/repair-current/STAGE-REVIEW-RR1/verify-stage-r03-attempt1-dr-contaminated/candidate-source-before.json
9e9a2f4daf9527442d239b3ca4be3fef1d51569ef9a700eb0c83ee220f59842b  ??  artifacts/rust-tauri/R03/repair-current/STAGE-REVIEW-RR1/verify-stage-r03-attempt1-dr-contaminated/verify-stage-result.json
f5b0981175fe9bd307c7bb4e8dcb8490cfa58585d62d9c3e2f7eb03e4e875e54  ??  artifacts/rust-tauri/R03/repair-current/STAGE-REVIEW-RR1/verify-stage-r03/A15/cases/background-run-completes-decoupled.json
fda5f46e011354371ff149d97818d48d3b78dca205e17e8a7b39dba1cb4013e6  ??  artifacts/rust-tauri/R03/repair-current/STAGE-REVIEW-RR1/verify-stage-r03/A15/cases/background-survives-unrelated-cancel.json
92eebd1162583e5ed42a8e61a80b5c84e94753ed6562c35c930ebb65f6e23f01  ??  artifacts/rust-tauri/R03/repair-current/STAGE-REVIEW-RR1/verify-stage-r03/A15/cases/cancel-live-run-accepted-terminal-cancelled.json
edc380e78d3b8f95b51f12c2bbfcb702760327da3f20bd6c9f456b5c7e0934de  ??  artifacts/rust-tauri/R03/repair-current/STAGE-REVIEW-RR1/verify-stage-r03/A15/cases/cancel-terminal-run-already-terminal.json
e320e539d701e4f285fcff1a42629b28016fa5f103e77fccb5c1ddf921155742  ??  artifacts/rust-tauri/R03/repair-current/STAGE-REVIEW-RR1/verify-stage-r03/A15/cases/cancel-unknown-run-not-found.json
a513a19cd5ca9bc857d2e01c9be7ec61e3e5677e7d1948db618b31fb7aba127a  ??  artifacts/rust-tauri/R03/repair-current/STAGE-REVIEW-RR1/verify-stage-r03/A15/cases/cancel-waiting-approval-cancels-cleanly.json
602b436fbd1f0de778ca086853030197fe28a3fde1a5f694ebea64e4f8779c8a  ??  artifacts/rust-tauri/R03/repair-current/STAGE-REVIEW-RR1/verify-stage-r03/A15/cases/combo-cancel-stream-terminal-cancelled.json
b24ff9cdbb08092492dd68815bdf3c4a6f38c8e2a42cd79c30abbfcacdfef745  ??  artifacts/rust-tauri/R03/repair-current/STAGE-REVIEW-RR1/verify-stage-r03/A15/cases/combo-crash-recovery-honest-interrupted.json
d9e8dea9429b0f0c9fc86be7f31dcd96b4b227e1174dcdea6d1f00b177ec2987  ??  artifacts/rust-tauri/R03/repair-current/STAGE-REVIEW-RR1/verify-stage-r03/A15/cases/combo-cross-session-both-complete.json
106bebd1aa293f120bb83f22b33de1e19ae817a4963587e2ee17be8731293349  ??  artifacts/rust-tauri/R03/repair-current/STAGE-REVIEW-RR1/verify-stage-r03/A15/cases/combo-duplicate-conflict-rejected.json
eafb37ffcb4d76d45d58a64d80d9ef413064c1f979d64ba1cc2e609d147963fc  ??  artifacts/rust-tauri/R03/repair-current/STAGE-REVIEW-RR1/verify-stage-r03/A15/cases/combo-duplicate-replay-no-second-run.json
346e6cb6ae16f125e4bbfdbf24d2bbcf63c92fa9642b2676fa06a78bfa1e8fdb  ??  artifacts/rust-tauri/R03/repair-current/STAGE-REVIEW-RR1/verify-stage-r03/A15/cases/combo-events-subscriber-saw-terminal.json
97a0c8f8404d1c042f8f7efd240d5d5f5446103b21bcccf9c5c90461b6082043  ??  artifacts/rust-tauri/R03/repair-current/STAGE-REVIEW-RR1/verify-stage-r03/A15/cases/combo-multi-tool-three-calls.json
aa936466e694a90f4087b7ae928f7c9b96ae1450073774fcb29d177dfa59c7b6  ??  artifacts/rust-tauri/R03/repair-current/STAGE-REVIEW-RR1/verify-stage-r03/A15/cases/combo-multi-turn-one-terminal.json
f7bdd9e301d37d6a062e13225cfc84d7e96c1f88cd75d34e300ab00dd0fad0a0  ??  artifacts/rust-tauri/R03/repair-current/STAGE-REVIEW-RR1/verify-stage-r03/A15/cases/combo-normal-run-completed.json
51d8bd26cb2f29bee74097b5ef9a36e3389a56a1c7127e86fa36d75a8106659e  ??  artifacts/rust-tauri/R03/repair-current/STAGE-REVIEW-RR1/verify-stage-r03/A15/cases/combo-out-of-order-late-result-fenced.json
e18f1fcb5cc4af47da6184707fb88e0c0ed656f1fafffe8020a3001c9826c931  ??  artifacts/rust-tauri/R03/repair-current/STAGE-REVIEW-RR1/verify-stage-r03/A15/cases/combo-timeout-budget-loud-failure.json
ccbc0f5c630f404851ca1c561fd5c73421ba9b217ceeff29973b263f05e30888  ??  artifacts/rust-tauri/R03/repair-current/STAGE-REVIEW-RR1/verify-stage-r03/A15/cases/parent-cancel-stops-child-run.json
d72d7e1151ea38a4eeb9ad435aa66dc376039e41ff714f9f550e1f2c8934585a  ??  artifacts/rust-tauri/R03/repair-current/STAGE-REVIEW-RR1/verify-stage-r03/A15/cases/reconnect-resume-no-model-restart.json
5d89ed42d309bfcfd13956b901f209eb432200e88c2ae1eea74d6eaffe625b2a  ??  artifacts/rust-tauri/R03/repair-current/STAGE-REVIEW-RR1/verify-stage-r03/A15/cases/steer-busy-accepted.json
360ccd0c00f5114974f5f2967860d1c339a2e2baa808a2f5dca49f334fe0d386  ??  artifacts/rust-tauri/R03/repair-current/STAGE-REVIEW-RR1/verify-stage-r03/A15/cases/steer-idle-miss.json
d00e58227225a313e612b18019d7f95a07382b0426ab7fbeb39bc4b05b740cc5  ??  artifacts/rust-tauri/R03/repair-current/STAGE-REVIEW-RR1/verify-stage-r03/A15/cases/steer-text-drained-into-model-input.json
1d91fbec57470aebfedf338d49c5109fdd0216e02d720737ed53335eb06ae4c8  ??  artifacts/rust-tauri/R03/repair-current/STAGE-REVIEW-RR1/verify-stage-r03/A15/cases/subagent-child-cancel-stops-child-only.json
25c6b5b26b72b0a4408db94f4f0e40b77faa84d32ccfeaffaf04e29fb20c07c9  ??  artifacts/rust-tauri/R03/repair-current/STAGE-REVIEW-RR1/verify-stage-r03/A15/cases/subagent-close-thread-closed-status.json
c8d7de61de38e7dfa38ea3376602da5c50882e6d6238c3a1ff61b6ac7df04418  ??  artifacts/rust-tauri/R03/repair-current/STAGE-REVIEW-RR1/verify-stage-r03/A15/cases/subagent-dispatch-child-lineage-recorded.json
dce5bbb9b54961ee64c8634f90f4f2600975918f6a2590b57b7b28dd425016bd  ??  artifacts/rust-tauri/R03/repair-current/STAGE-REVIEW-RR1/verify-stage-r03/A15/cases/subagent-escalation-write-denied-zero-children.json
dcd19d358a8a5e560042eee304f1f5460d1c79ba1a64d611fb1007b830562010  ??  artifacts/rust-tauri/R03/repair-current/STAGE-REVIEW-RR1/verify-stage-r03/A15/cases/subagent-policy-proactive-delegation-default-off.json
ffef3903ae224f661b415622ed9c76da5e265c01a9c15b867f429c1f6d10ef15  ??  artifacts/rust-tauri/R03/repair-current/STAGE-REVIEW-RR1/verify-stage-r03/A15/cases/subagent-reply-continues-thread.json
d097c60f1416e1febc17bd0959b1c9252ca9be86b6a1e982d42d9240a38b107e  ??  artifacts/rust-tauri/R03/repair-current/STAGE-REVIEW-RR1/verify-stage-r03/A15/combo-counts.json
4c56fd82542a56017ef5e59d3b0c9752ede52032f31f31c24c2de458153ad296  ??  artifacts/rust-tauri/R03/repair-current/STAGE-REVIEW-RR1/verify-stage-r03/A15/combos/cancel-approval-wait.json
f861ce9b1dbe64f781134bae916b9c8f2503f4ad8572e98bfc18d180a4e35e33  ??  artifacts/rust-tauri/R03/repair-current/STAGE-REVIEW-RR1/verify-stage-r03/A15/combos/cancel-stream-read.json
76b74d822e65d068718af971eb29865cc4891a50d128a35b0bc955cc3b6b65a2  ??  artifacts/rust-tauri/R03/repair-current/STAGE-REVIEW-RR1/verify-stage-r03/A15/combos/crash-recovery.json
ef5545b54a472c39f9b09d995f9ba2e3671618a56d4de3eb7fe4fad24d81f22b  ??  artifacts/rust-tauri/R03/repair-current/STAGE-REVIEW-RR1/verify-stage-r03/A15/combos/cross-session-parallel.json
7f7fd9a6f050ba6811d5b1d7313d11473f92089a4ec0fd2335779e99b59cdaa1  ??  artifacts/rust-tauri/R03/repair-current/STAGE-REVIEW-RR1/verify-stage-r03/A15/combos/duplicate-submission.json
fc9b468ae0f2bd2cfff1a3ead3ba02756e59e73dc0c0a0ebb5142456d1ae38a8  ??  artifacts/rust-tauri/R03/repair-current/STAGE-REVIEW-RR1/verify-stage-r03/A15/combos/leaf-parent-cancel.json
a59635405b3569b1c0c950cb282ecf3749923b36c6b1b5e4d3d21fc3f4458102  ??  artifacts/rust-tauri/R03/repair-current/STAGE-REVIEW-RR1/verify-stage-r03/A15/combos/leaf-steer.json
fd60e4ca043c4073ddf838b3f0fe918436ede45ff7765efc8f1cad42821186f4  ??  artifacts/rust-tauri/R03/repair-current/STAGE-REVIEW-RR1/verify-stage-r03/A15/combos/multi-tool.json
075cad25ce0207f3b49138b8d415d0db78da1005207b2f64d282b478bffa44ae  ??  artifacts/rust-tauri/R03/repair-current/STAGE-REVIEW-RR1/verify-stage-r03/A15/combos/multi-turn-model.json
f94832aef81d68346dd1b25b1ad7312d6bc141a69a616a218b640aa170fbebcb  ??  artifacts/rust-tauri/R03/repair-current/STAGE-REVIEW-RR1/verify-stage-r03/A15/combos/normal.json
44f5b48c4f288ee214f7053e16857997f1fb66a6be241466141301a16c6872e7  ??  artifacts/rust-tauri/R03/repair-current/STAGE-REVIEW-RR1/verify-stage-r03/A15/combos/timeout-budget.json
505ecfbac3942739846be3a188cabea9d26c9641628253767c5457bdff2ab44f  ??  artifacts/rust-tauri/R03/repair-current/STAGE-REVIEW-RR1/verify-stage-r03/A15/leaf-cases.json
bdaad3ebf5ff0689f1652a4b7c24716f5b0138db8876d8941ceb6bbe390650fa  ??  artifacts/rust-tauri/R03/repair-current/STAGE-REVIEW-RR1/verify-stage-r03/A15/summary.txt
f1a8f9b735f0a5e77fbca9fcdfc27bf83cb0eaa7fb59c446bcb6a4d3dc9a6049  ??  artifacts/rust-tauri/R03/repair-current/STAGE-REVIEW-RR1/verify-stage-r03/R02/A05_A06/.last-body
1319bbe558a1a9043433da92529bc8c24d2b6fbcabc962836a938e946e273399  ??  artifacts/rust-tauri/R03/repair-current/STAGE-REVIEW-RR1/verify-stage-r03/R02/A05_A06/body-limit.txt
c0c19dff508a998f0c6e1fbf2643c2d78647cd6495bc53c57d2566877a3abc0b  ??  artifacts/rust-tauri/R03/repair-current/STAGE-REVIEW-RR1/verify-stage-r03/R02/A05_A06/cli-sessions-limit-case.json
4a3277b8a3591e96e55e3bc3b2adee6c427400da0dbcc27a5acb938e6442f955  ??  artifacts/rust-tauri/R03/repair-current/STAGE-REVIEW-RR1/verify-stage-r03/R02/A05_A06/creds-after-authz.json
74c18a9255d8c24dac912e18b70e644e95aed41af64bf40548437922695ac44a  ??  artifacts/rust-tauri/R03/repair-current/STAGE-REVIEW-RR1/verify-stage-r03/R02/A05_A06/creds-before-authz.json
eb3e54f3086f2db2e93d3d8c0597a3fb82c4e701a39e40e83fd67c8ca2639e95  ??  artifacts/rust-tauri/R03/repair-current/STAGE-REVIEW-RR1/verify-stage-r03/R02/A05_A06/devices-after-authz.json
9743aced1676130aefb1f3f8b04d470f722f8c5d5feb84e865633b3ec080bbf2  ??  artifacts/rust-tauri/R03/repair-current/STAGE-REVIEW-RR1/verify-stage-r03/R02/A05_A06/devices-before-authz.json
db78c5579d47d0e2d1c5dc6ac4c5032b15d746f98f7d02b82aaa148413f435f9  ??  artifacts/rust-tauri/R03/repair-current/STAGE-REVIEW-RR1/verify-stage-r03/R02/A05_A06/leaf-cases.json
3a766b06959f393486688107293cc731ae1cecf2432f25405f438a0b47553e25  ??  artifacts/rust-tauri/R03/repair-current/STAGE-REVIEW-RR1/verify-stage-r03/R02/A05_A06/leaf-cases.ndjson
01e23b489b0c17155d653853f5c06f6a6719cf7c7e3a2684c9c605765eb2db27  ??  artifacts/rust-tauri/R03/repair-current/STAGE-REVIEW-RR1/verify-stage-r03/R02/A05_A06/me-denied-after.sha256
01e23b489b0c17155d653853f5c06f6a6719cf7c7e3a2684c9c605765eb2db27  ??  artifacts/rust-tauri/R03/repair-current/STAGE-REVIEW-RR1/verify-stage-r03/R02/A05_A06/me-denied-before.sha256
9901fa4939e8c0683cc392787126273c429530490fdebe18e68d1ad0c6fc2459  ??  artifacts/rust-tauri/R03/repair-current/STAGE-REVIEW-RR1/verify-stage-r03/R02/A05_A06/sessions-list-matrix.json
779dce38d68be2e550100dbefbab07e3ffd6d778dbd0320bc9a03d83ba7690f2  ??  artifacts/rust-tauri/R03/repair-current/STAGE-REVIEW-RR1/verify-stage-r03/R02/A05_A06/state-after-authn.txt
f00791e3603e0cd30f4fb16cf46c8c31f7c89189f3aca2191150f2ac4599980b  ??  artifacts/rust-tauri/R03/repair-current/STAGE-REVIEW-RR1/verify-stage-r03/R02/A05_A06/state-after.txt
779dce38d68be2e550100dbefbab07e3ffd6d778dbd0320bc9a03d83ba7690f2  ??  artifacts/rust-tauri/R03/repair-current/STAGE-REVIEW-RR1/verify-stage-r03/R02/A05_A06/state-before-authz.txt
779dce38d68be2e550100dbefbab07e3ffd6d778dbd0320bc9a03d83ba7690f2  ??  artifacts/rust-tauri/R03/repair-current/STAGE-REVIEW-RR1/verify-stage-r03/R02/A05_A06/state-before.txt
9bb1d1d2e2c0bdda0b23f7dac98a18a1530c2fe9d8403868b4beca4e54da7d7f  ??  artifacts/rust-tauri/R03/repair-current/STAGE-REVIEW-RR1/verify-stage-r03/R02/A05_A06/summary.txt
1013bc5b87171c7bfc0bf086f76f3d4f36213dcbce6c2652f9f9d1819778e55e  ??  artifacts/rust-tauri/R03/repair-current/STAGE-REVIEW-RR1/verify-stage-r03/R02/A05_A06/ws-matrix.json
a8fd7f5e78d93ce0d3dd25ff16990e3d5c55e355f408cc60be418d095ba173d3  ??  artifacts/rust-tauri/R03/repair-current/STAGE-REVIEW-RR1/verify-stage-r03/R02/A07_A08/last-db-hashes.txt
e613a984930f45c73fa5aa79af6955b0ac56faa30868e1da85d84a96a180eee3  ??  artifacts/rust-tauri/R03/repair-current/STAGE-REVIEW-RR1/verify-stage-r03/R02/A07_A08/s1-counts-after-stop.json
6e11d3157e36f2f24de72943cc5df97aec8475c1e95a29c6fed9cc451e41da10  ??  artifacts/rust-tauri/R03/repair-current/STAGE-REVIEW-RR1/verify-stage-r03/R02/A07_A08/s2-counts-after-crash.json
baf686b2ce6f22b2a160c79057e4efae7bed6ce9895441d28803df0c0370e9ba  ??  artifacts/rust-tauri/R03/repair-current/STAGE-REVIEW-RR1/verify-stage-r03/R02/A07_A08/s2-runs-dump.jsonl
93ebd374a916bbe51ed4ca34b7bd65602099069d769fec047b5273830f7b8ddf  ??  artifacts/rust-tauri/R03/repair-current/STAGE-REVIEW-RR1/verify-stage-r03/R02/A07_A08/s3-fault.err
e3b0c44298fc1c149afbf4c8996fb92427ae41e4649b934ca495991b7852b855  ??  artifacts/rust-tauri/R03/repair-current/STAGE-REVIEW-RR1/verify-stage-r03/R02/A07_A08/s3-fault.out
4a80609181053c7537e3d10c9a875b8e13498210cc906f0f9af1157158f8336e  ??  artifacts/rust-tauri/R03/repair-current/STAGE-REVIEW-RR1/verify-stage-r03/R02/A07_A08/s4-hashes-after.txt
4a80609181053c7537e3d10c9a875b8e13498210cc906f0f9af1157158f8336e  ??  artifacts/rust-tauri/R03/repair-current/STAGE-REVIEW-RR1/verify-stage-r03/R02/A07_A08/s4-hashes-before.txt
877d9eada552314d84cd10f58331da5d74fa01a03ce22410619625a6327c9d32  ??  artifacts/rust-tauri/R03/repair-current/STAGE-REVIEW-RR1/verify-stage-r03/R02/A07_A08/s4-migrations-round1.json
877d9eada552314d84cd10f58331da5d74fa01a03ce22410619625a6327c9d32  ??  artifacts/rust-tauri/R03/repair-current/STAGE-REVIEW-RR1/verify-stage-r03/R02/A07_A08/s4-migrations-round2.json
877d9eada552314d84cd10f58331da5d74fa01a03ce22410619625a6327c9d32  ??  artifacts/rust-tauri/R03/repair-current/STAGE-REVIEW-RR1/verify-stage-r03/R02/A07_A08/s4-migrations-round3.json
d07b36c06dae8b8fb7c16f001d7a2bb13f8620dc282c8ba0127281217dc80823  ??  artifacts/rust-tauri/R03/repair-current/STAGE-REVIEW-RR1/verify-stage-r03/R02/A07_A08/service-s1.err
e5747ef2ec8b576f732d5378d8eaaa8e01d5db745a40450eccd2c590f81c2795  ??  artifacts/rust-tauri/R03/repair-current/STAGE-REVIEW-RR1/verify-stage-r03/R02/A07_A08/service-s1.out
b76b4ac827093e4e1e40db82dc4012a73a6a61c4e1d35ac8c01d41af05c4e6f5  ??  artifacts/rust-tauri/R03/repair-current/STAGE-REVIEW-RR1/verify-stage-r03/R02/A07_A08/service-s1b.err
afc7384fbd28d78156c4cce38524adceb6e908b0a862cbd7e38b1b42168edcf9  ??  artifacts/rust-tauri/R03/repair-current/STAGE-REVIEW-RR1/verify-stage-r03/R02/A07_A08/service-s1b.out
153d11e3e804b6ee0df9c6d6777e5337666a5fc5883dc0d69efa383f4d33e7d3  ??  artifacts/rust-tauri/R03/repair-current/STAGE-REVIEW-RR1/verify-stage-r03/R02/A07_A08/service-s2.err
b3bf9d8c7949ba3553c3b12aff14161048b4a92d80e71b39c53a5ffe2f193999  ??  artifacts/rust-tauri/R03/repair-current/STAGE-REVIEW-RR1/verify-stage-r03/R02/A07_A08/service-s2.out
97d3e0e4f62851f3e9948a9d28d475a477da9b503f2155f438240210e86fb5af  ??  artifacts/rust-tauri/R03/repair-current/STAGE-REVIEW-RR1/verify-stage-r03/R02/A07_A08/service-s2b.err
b230acbfd9b925477596d3e3580cadfa4048b7f950ec53d295b03a29c80aaa04  ??  artifacts/rust-tauri/R03/repair-current/STAGE-REVIEW-RR1/verify-stage-r03/R02/A07_A08/service-s2b.out
a8f11c78ce3aabcf72f0dff907583b097af34fb8411435bfc5ad00292eecce5d  ??  artifacts/rust-tauri/R03/repair-current/STAGE-REVIEW-RR1/verify-stage-r03/R02/A07_A08/service-s4-1.err
20177aa2fe65004b5d019f0d8bc1c85c56a576ff1fc9192465fca81ae3dea2df  ??  artifacts/rust-tauri/R03/repair-current/STAGE-REVIEW-RR1/verify-stage-r03/R02/A07_A08/service-s4-1.out
2ea75f3a5eb4e291ca81e95db8760643e37f9d7eeed9564c591006aca40a21f8  ??  artifacts/rust-tauri/R03/repair-current/STAGE-REVIEW-RR1/verify-stage-r03/R02/A07_A08/service-s4-2.err
d7dd03bf2c307e0309a441eb381aac0747ddb4780b88d60db53b0639cfbb6426  ??  artifacts/rust-tauri/R03/repair-current/STAGE-REVIEW-RR1/verify-stage-r03/R02/A07_A08/service-s4-2.out
b61125080ab8c3ca55c4a79474759c297d5344c6c37da71f2994ef56efab8f6b  ??  artifacts/rust-tauri/R03/repair-current/STAGE-REVIEW-RR1/verify-stage-r03/R02/A07_A08/service-s4-3.err
b15fdbf2f3352a1730986651968b4be8be9f2cf45d0b58dbe4aa4d4f18159098  ??  artifacts/rust-tauri/R03/repair-current/STAGE-REVIEW-RR1/verify-stage-r03/R02/A07_A08/service-s4-3.out
e5db12d0df55ef9f53bcfb2734e0fad3fea2361ae7cf27fabf759f2a552b665c  ??  artifacts/rust-tauri/R03/repair-current/STAGE-REVIEW-RR1/verify-stage-r03/R02/A07_A08/service.addr
16571398cc96eb7370332e078ea4265ba03290cbe884ab9bfe53c55dbf2d0368  ??  artifacts/rust-tauri/R03/repair-current/STAGE-REVIEW-RR1/verify-stage-r03/R02/A07_A08/service.pid
ef0c69072110e13bcf354619c10a98d842e8e82779465f9daa468de30a268a6b  ??  artifacts/rust-tauri/R03/repair-current/STAGE-REVIEW-RR1/verify-stage-r03/R02/A07_A08/summary.txt
dd63f79ce1a39fdef735dbb9eb292c3f8a45db77c2513d3cc7379e5dbe13749e  ??  artifacts/rust-tauri/R03/repair-current/STAGE-REVIEW-RR1/verify-stage-r03/R02/A11/backup-restore/s1-backup-dir-listing.txt
d09ec7e2a7f9cf2386d21277dd529f00a55fcdceb955108af77350e7629bea61  ??  artifacts/rust-tauri/R03/repair-current/STAGE-REVIEW-RR1/verify-stage-r03/R02/A11/backup-restore/s1-backup-outcome.json
e3b0c44298fc1c149afbf4c8996fb92427ae41e4649b934ca495991b7852b855  ??  artifacts/rust-tauri/R03/repair-current/STAGE-REVIEW-RR1/verify-stage-r03/R02/A11/backup-restore/s1-backup.err
d691a97389eeca3aef43ff71412c241644feb599dfa5a92c0cddf0728bc2269a  ??  artifacts/rust-tauri/R03/repair-current/STAGE-REVIEW-RR1/verify-stage-r03/R02/A11/backup-restore/s1-restore-outcome.json
e3b0c44298fc1c149afbf4c8996fb92427ae41e4649b934ca495991b7852b855  ??  artifacts/rust-tauri/R03/repair-current/STAGE-REVIEW-RR1/verify-stage-r03/R02/A11/backup-restore/s1-restore.err
37a3684ea0e07b0eb9d0b7e5f20591f4f07e01b85eda724c8f5588a40ce92b43  ??  artifacts/rust-tauri/R03/repair-current/STAGE-REVIEW-RR1/verify-stage-r03/R02/A11/backup-restore/s1-restored-dump.jsonl
6d40d39c0aaa69360e1697f57679afea7b52d54be2f3c7efcb37a0c56ed0775d  ??  artifacts/rust-tauri/R03/repair-current/STAGE-REVIEW-RR1/verify-stage-r03/R02/A11/backup-restore/s1-restored-hash.txt
37a3684ea0e07b0eb9d0b7e5f20591f4f07e01b85eda724c8f5588a40ce92b43  ??  artifacts/rust-tauri/R03/repair-current/STAGE-REVIEW-RR1/verify-stage-r03/R02/A11/backup-restore/s1-source-dump.jsonl
cc11b43438a4587f402161a46d39918d7b550583857c9d83501ff05a54dfadcc  ??  artifacts/rust-tauri/R03/repair-current/STAGE-REVIEW-RR1/verify-stage-r03/R02/A11/backup-restore/s1-source-hash.txt
951e1f2cedf4a978898a4f9e620777561b8381ece9faf4223f8594a201f47f74  ??  artifacts/rust-tauri/R03/repair-current/STAGE-REVIEW-RR1/verify-stage-r03/R02/A11/backup-restore/s1-wal-size.txt
e3b0c44298fc1c149afbf4c8996fb92427ae41e4649b934ca495991b7852b855  ??  artifacts/rust-tauri/R03/repair-current/STAGE-REVIEW-RR1/verify-stage-r03/R02/A11/backup-restore/s3-backup-out.json
cc2ae0fd1e2ac29347f46977513f0911fb3396952ebcc918279ffc5279207b26  ??  artifacts/rust-tauri/R03/repair-current/STAGE-REVIEW-RR1/verify-stage-r03/R02/A11/backup-restore/s3-backup.err
9b33c4d50a9f7a0434980244454a85ce4288c7323241cf9ff22c50e6b8f8dd85  ??  artifacts/rust-tauri/R03/repair-current/STAGE-REVIEW-RR1/verify-stage-r03/R02/A11/backup-restore/s4-ws-probe.json
a4c3ed04a95a3da14a9d235c83d868bed7c0f45cf7f3faa751ee8f50598d2211  ??  artifacts/rust-tauri/R03/repair-current/STAGE-REVIEW-RR1/verify-stage-r03/R02/A11/backup-restore/s4-ws-probe.json.probe-done
e42846885850cc2619f0c1a3945b74c57ee93ddc696ef19f33e82a0fec0bc840  ??  artifacts/rust-tauri/R03/repair-current/STAGE-REVIEW-RR1/verify-stage-r03/R02/A11/backup-restore/service-s1.addr
0d087bffc9afcc913f34426394b5e3828244d2bfd60febd7a3959587b0b856ac  ??  artifacts/rust-tauri/R03/repair-current/STAGE-REVIEW-RR1/verify-stage-r03/R02/A11/backup-restore/service-s1.err
e4b058802d3b61e0b20dc1b8eb47132da87e2b9adbd94205f32d57500904e803  ??  artifacts/rust-tauri/R03/repair-current/STAGE-REVIEW-RR1/verify-stage-r03/R02/A11/backup-restore/service-s1.out
597d419157f44a504816c249ecf0b6881bccf7b6643c8b42e5979871a041290b  ??  artifacts/rust-tauri/R03/repair-current/STAGE-REVIEW-RR1/verify-stage-r03/R02/A11/backup-restore/service-s2.addr
fb0430f60cf91f72e9aa90fa0b663f8cc3da1657aafdecf4d8277bafb4e5d695  ??  artifacts/rust-tauri/R03/repair-current/STAGE-REVIEW-RR1/verify-stage-r03/R02/A11/backup-restore/service-s2.err
8e142bb57fd5949c1eb24e080f8ff57bec0c5bd54e1d87395ea9981ad47eabff  ??  artifacts/rust-tauri/R03/repair-current/STAGE-REVIEW-RR1/verify-stage-r03/R02/A11/backup-restore/service-s2.out
1bcde15ed1d17d5b33b0e54e1dc8a83a27f3ea45ecc172a3b7a35ced35d974ca  ??  artifacts/rust-tauri/R03/repair-current/STAGE-REVIEW-RR1/verify-stage-r03/R02/A11/backup-restore/service-s4.addr
d8795cf6ebaaafa5162a1e4276114f63317fdaf07562483642c00f0b7f966689  ??  artifacts/rust-tauri/R03/repair-current/STAGE-REVIEW-RR1/verify-stage-r03/R02/A11/backup-restore/service-s4.err
bb9893ac2654eb9fef2931add0e344079d1d5193775b98c052056e673a101c01  ??  artifacts/rust-tauri/R03/repair-current/STAGE-REVIEW-RR1/verify-stage-r03/R02/A11/backup-restore/service-s4.out
0098ee782081ec9a0e0cf3c3bd7e3f43db59433392917b1c38b5a8dd52e29c6d  ??  artifacts/rust-tauri/R03/repair-current/STAGE-REVIEW-RR1/verify-stage-r03/R02/A11/backup-restore/service.pid
668ed90314dae2acbb6362721a735ad323dcedd827e5ccc35d22848e6361a2f5  ??  artifacts/rust-tauri/R03/repair-current/STAGE-REVIEW-RR1/verify-stage-r03/R02/A11/backup-restore/summary.txt
eb1665b8e2adb9ff62efd6d4169eca26ea1de71dc9ddb30289a2b97962875ba1  ??  artifacts/rust-tauri/R03/repair-current/STAGE-REVIEW-RR1/verify-stage-r03/R02/A12/recovery-drill/coexist-after.txt
eb1665b8e2adb9ff62efd6d4169eca26ea1de71dc9ddb30289a2b97962875ba1  ??  artifacts/rust-tauri/R03/repair-current/STAGE-REVIEW-RR1/verify-stage-r03/R02/A12/recovery-drill/coexist-before.txt
dceae0235450c1a1d91665c30403af162511bb173858288e0f461d691031d013  ??  artifacts/rust-tauri/R03/repair-current/STAGE-REVIEW-RR1/verify-stage-r03/R02/A12/recovery-drill/own-created-homes.txt
79be6d64aa93bf457e5b337dfa16a187af549e49a08c7760b4ddb0f61bedf8ac  ??  artifacts/rust-tauri/R03/repair-current/STAGE-REVIEW-RR1/verify-stage-r03/R02/A12/recovery-drill/summary.txt
7b2f675d535131e9ee3b95eb996b520af42000b1efea572dc62eff72fd758a84  ??  artifacts/rust-tauri/R03/repair-current/STAGE-REVIEW-RR1/verify-stage-r03/R02/A12/recovery-drill/v1-hashes-after.txt
7b2f675d535131e9ee3b95eb996b520af42000b1efea572dc62eff72fd758a84  ??  artifacts/rust-tauri/R03/repair-current/STAGE-REVIEW-RR1/verify-stage-r03/R02/A12/recovery-drill/v1-hashes-before.txt
68cbe73939c9eb5905c786945956bfd7c93017d7d5f2c33cf25cef1b8590110a  ??  artifacts/rust-tauri/R03/repair-current/STAGE-REVIEW-RR1/verify-stage-r03/R02/A12/recovery-drill/v1.err
e3b0c44298fc1c149afbf4c8996fb92427ae41e4649b934ca495991b7852b855  ??  artifacts/rust-tauri/R03/repair-current/STAGE-REVIEW-RR1/verify-stage-r03/R02/A12/recovery-drill/v1.out
fcb269f1fc43e20619871bab0f6e464d30773313e55b17f725fc62249ab521be  ??  artifacts/rust-tauri/R03/repair-current/STAGE-REVIEW-RR1/verify-stage-r03/R02/A12/recovery-drill/v2-hashes-after.txt
fcb269f1fc43e20619871bab0f6e464d30773313e55b17f725fc62249ab521be  ??  artifacts/rust-tauri/R03/repair-current/STAGE-REVIEW-RR1/verify-stage-r03/R02/A12/recovery-drill/v2-hashes-before.txt
731cfa3c975ebcde7c6799853a14269f70435c247512103cf91eb4e26723c714  ??  artifacts/rust-tauri/R03/repair-current/STAGE-REVIEW-RR1/verify-stage-r03/R02/A12/recovery-drill/v2.err
e3b0c44298fc1c149afbf4c8996fb92427ae41e4649b934ca495991b7852b855  ??  artifacts/rust-tauri/R03/repair-current/STAGE-REVIEW-RR1/verify-stage-r03/R02/A12/recovery-drill/v2.out
a33ffd69acb495d9a221778bb2317e4cef00e4d752d794b9c1267890666ec43d  ??  artifacts/rust-tauri/R03/repair-current/STAGE-REVIEW-RR1/verify-stage-r03/R02/A12/recovery-drill/v3-hashes-after.txt
a33ffd69acb495d9a221778bb2317e4cef00e4d752d794b9c1267890666ec43d  ??  artifacts/rust-tauri/R03/repair-current/STAGE-REVIEW-RR1/verify-stage-r03/R02/A12/recovery-drill/v3-hashes-before.txt
33db843d5512d62f14984231cdc5c677d277d1fdb98820ff9222188d227aed9c  ??  artifacts/rust-tauri/R03/repair-current/STAGE-REVIEW-RR1/verify-stage-r03/R02/A12/recovery-drill/v3.err
e3b0c44298fc1c149afbf4c8996fb92427ae41e4649b934ca495991b7852b855  ??  artifacts/rust-tauri/R03/repair-current/STAGE-REVIEW-RR1/verify-stage-r03/R02/A12/recovery-drill/v3.out
910e8cc58fc595a0004513c5762c18db21436751a7ae62922f703c253a20573f  ??  artifacts/rust-tauri/R03/repair-current/STAGE-REVIEW-RR1/verify-stage-r03/R02/A12/recovery-drill/v4.err
359c07b1a34072274eba2d6ec6ec9923d8a5d9b78830110b0926062a30647ec1  ??  artifacts/rust-tauri/R03/repair-current/STAGE-REVIEW-RR1/verify-stage-r03/R02/A12/recovery-drill/v4.out
ecd0759a37738a75bf42e5e5f5c9a7e68402b495cd7e07e801da9226eab3fe90  ??  artifacts/rust-tauri/R03/repair-current/STAGE-REVIEW-RR1/verify-stage-r03/R02/A12/recovery-drill/v5-hashes-after.txt
ecd0759a37738a75bf42e5e5f5c9a7e68402b495cd7e07e801da9226eab3fe90  ??  artifacts/rust-tauri/R03/repair-current/STAGE-REVIEW-RR1/verify-stage-r03/R02/A12/recovery-drill/v5-hashes-before.txt
706cef4818b55c36d25c9715c30de20d075e970713bc0529d4262b2fdfedc408  ??  artifacts/rust-tauri/R03/repair-current/STAGE-REVIEW-RR1/verify-stage-r03/R02/A12/recovery-drill/v5.err
e3b0c44298fc1c149afbf4c8996fb92427ae41e4649b934ca495991b7852b855  ??  artifacts/rust-tauri/R03/repair-current/STAGE-REVIEW-RR1/verify-stage-r03/R02/A12/recovery-drill/v5.out
25a6f1e4b7eee0816b2237d9b3814a1040a470ced86e3d8979111504c0d2b595  ??  artifacts/rust-tauri/R03/repair-current/STAGE-REVIEW-RR1/verify-stage-r03/R02/A12/recovery-drill/v6-recovered-dump.jsonl
27badc983df1780b60c2b3fa9d3a19a00e46aac798451f0febdca52920faaddf  ??  artifacts/rust-tauri/R03/repair-current/STAGE-REVIEW-RR1/verify-stage-r03/R02/A12/recovery-drill/v6-seed-execute.txt
c68565536731adf18723fee7444777eaf0010446f73d7401f317620613b9be9d  ??  artifacts/rust-tauri/R03/repair-current/STAGE-REVIEW-RR1/verify-stage-r03/R02/A12/recovery-drill/v6-seed.err
0cad3d031932bada855e66264d07cc1d919f2e71361e0927cef615fb93240050  ??  artifacts/rust-tauri/R03/repair-current/STAGE-REVIEW-RR1/verify-stage-r03/R02/A12/recovery-drill/v6-seed.out
fe28a348a18398998bd8f28df0b49894c889f0991613886939646947a2f8a062  ??  artifacts/rust-tauri/R03/repair-current/STAGE-REVIEW-RR1/verify-stage-r03/R02/A12/recovery-drill/v6.err
a2a5322468c484e3ad51ba944276f8419e1279026404901e8aaace78c728cadf  ??  artifacts/rust-tauri/R03/repair-current/STAGE-REVIEW-RR1/verify-stage-r03/R02/A12/recovery-drill/v6.out
fd5794c2f29bb3d0f99f1c6896443eb377653036aabc170e212390a995a660ec  ??  artifacts/rust-tauri/R03/repair-current/STAGE-REVIEW-RR1/verify-stage-r03/R02/A12/recovery-drill/v7-hashes-after.txt
fd5794c2f29bb3d0f99f1c6896443eb377653036aabc170e212390a995a660ec  ??  artifacts/rust-tauri/R03/repair-current/STAGE-REVIEW-RR1/verify-stage-r03/R02/A12/recovery-drill/v7-hashes-before.txt
3a6cfc3bf192e3ed361d38163185181f8e0d7bffedd1cdeb04fc7130eb61bbc5  ??  artifacts/rust-tauri/R03/repair-current/STAGE-REVIEW-RR1/verify-stage-r03/R02/A12/recovery-drill/v7-seed.err
0a8fa03370fa7e9167cb0dbfa0f39155e3bd100b76d3e5efcf851249bc2fce46  ??  artifacts/rust-tauri/R03/repair-current/STAGE-REVIEW-RR1/verify-stage-r03/R02/A12/recovery-drill/v7-seed.out
8550208a66e90daae1b9110729ba669fbca5d971839b47b303ccaa9e31cedc7b  ??  artifacts/rust-tauri/R03/repair-current/STAGE-REVIEW-RR1/verify-stage-r03/R02/A12/recovery-drill/v7.err
e3b0c44298fc1c149afbf4c8996fb92427ae41e4649b934ca495991b7852b855  ??  artifacts/rust-tauri/R03/repair-current/STAGE-REVIEW-RR1/verify-stage-r03/R02/A12/recovery-drill/v7.out
cac81f3ec9e1d40da58a45f86dfd136789ebd86b114aa6a84371a8f6f358e30a  ??  artifacts/rust-tauri/R03/repair-current/STAGE-REVIEW-RR1/verify-stage-r03/R02/A12/recovery-drill/v8-observed.err
8f5b26ec02ae0f0a66fb3bae7a9351dad005137f2e58c777d38f32570b7712e7  ??  artifacts/rust-tauri/R03/repair-current/STAGE-REVIEW-RR1/verify-stage-r03/R02/A12/recovery-drill/v8-seed.err
339cf2338a929e381810b827baf3a13408e385dbd043f09cae0f39dec5ba431b  ??  artifacts/rust-tauri/R03/repair-current/STAGE-REVIEW-RR1/verify-stage-r03/R02/A12/recovery-drill/v8-seed.out
cac81f3ec9e1d40da58a45f86dfd136789ebd86b114aa6a84371a8f6f358e30a  ??  artifacts/rust-tauri/R03/repair-current/STAGE-REVIEW-RR1/verify-stage-r03/R02/A12/recovery-drill/v8.err
34550325ea52bcfdd05d77be05b4a780d454ad79abd28914a9b957fbfbef8ed3  ??  artifacts/rust-tauri/R03/repair-current/STAGE-REVIEW-RR1/verify-stage-r03/R02/A12/recovery-drill/v8.out
7866928de075a8665f0c091967a951431344fd6fd78e2de96bee22396de211ec  ??  artifacts/rust-tauri/R03/repair-current/STAGE-REVIEW-RR1/verify-stage-r03/R02/A15/full-chain/pre-restart-head.json
e3b0c44298fc1c149afbf4c8996fb92427ae41e4649b934ca495991b7852b855  ??  artifacts/rust-tauri/R03/repair-current/STAGE-REVIEW-RR1/verify-stage-r03/R02/A15/full-chain/probe1.err
439e6af3a48ebdeee366fabe7aed5579e29cc232ce38d43ac1b88d79bd4b68ea  ??  artifacts/rust-tauri/R03/repair-current/STAGE-REVIEW-RR1/verify-stage-r03/R02/A15/full-chain/probe1.pass-lines
e3b0c44298fc1c149afbf4c8996fb92427ae41e4649b934ca495991b7852b855  ??  artifacts/rust-tauri/R03/repair-current/STAGE-REVIEW-RR1/verify-stage-r03/R02/A15/full-chain/probe2.err
28a411dc95be7e6596d2954fdbecf8eb034d9f8dc1248ab1d111c07c1c218b89  ??  artifacts/rust-tauri/R03/repair-current/STAGE-REVIEW-RR1/verify-stage-r03/R02/A15/full-chain/probe2.pass-lines
4268d96f121de0672de202ae396d0b1c151491ed7b237cd0c380033ccc6474b1  ??  artifacts/rust-tauri/R03/repair-current/STAGE-REVIEW-RR1/verify-stage-r03/R02/A15/full-chain/service1.err
c2b070b76ddff8f944ea22e287b30707aaaacae32524be84faf82bab756921f6  ??  artifacts/rust-tauri/R03/repair-current/STAGE-REVIEW-RR1/verify-stage-r03/R02/A15/full-chain/service1.out
30478a4ca85b10b7a066b08dcfea8b33cf1c12133eafb5ea725fa83a78e72776  ??  artifacts/rust-tauri/R03/repair-current/STAGE-REVIEW-RR1/verify-stage-r03/R02/A15/full-chain/service2.err
ee6dd34b85a0386262dd8d5ccc2d3c48b8f8d732a6d94cb2478007b4f15cfe74  ??  artifacts/rust-tauri/R03/repair-current/STAGE-REVIEW-RR1/verify-stage-r03/R02/A15/full-chain/service2.out
6b54c3b86ab159eaf51365cf2bfe696f8aadc5115c383f86e36f8d3ca06d9a08  ??  artifacts/rust-tauri/R03/repair-current/STAGE-REVIEW-RR1/verify-stage-r03/R02/A15/full-chain/summary.txt
42023856460e48e875381dc8d3becf777f95529b9e06741069fe51d93ebe16de  ??  docs/rust-tauri/R03/dispatches/R03-REPAIR-STAGE-REVIEW-RR1_DISPATCH.md
630784480c8322e56fd6014b6f3bc9b0bdd10e85b52d86605e6b55bf9c2f3199   M  docs/rust-tauri/R03/repair-current/R03_FIX_COMMIT_RECEIPTS.json
a35decd1ae48c4434338c4412f7416ffaa18b0d0dab0277a3b0fed3b7dabd6fa   M  docs/rust-tauri/R03/repair-current/R03_FIX_ISSUES.json
