# binding-exclusion: artifacts/rust-tauri/R04/RR1-STAGE-R1/verify-R04/R03_REGRESSION/R02/A16/legacy-entry/** — this gate's own run-time evidence output subtree (runner output, never candidate source); applied symmetrically to BOTH the main-repo binding and the candidate-copy binding (E0 mirror compare)
973cf0a798a1090285f09665089f6c71abcf24d519fb81cd1c54c9059fa849d7  ??  artifacts/rust-tauri/R04/RR1-STAGE-R1/probe-source/zz_stage_r1_counterexamples.rs
3cb8512079eb7128ecf285b3c43f7ff4c7f20173b33f2f63babe85e8b7b07c8e  ??  artifacts/rust-tauri/R04/RR1-STAGE-R1/probe-source/zz_stage_r1_f04_mod.rs
f5b0981175fe9bd307c7bb4e8dcb8490cfa58585d62d9c3e2f7eb03e4e875e54  ??  artifacts/rust-tauri/R04/RR1-STAGE-R1/verify-R04/R03_REGRESSION/A15/cases/background-run-completes-decoupled.json
fda5f46e011354371ff149d97818d48d3b78dca205e17e8a7b39dba1cb4013e6  ??  artifacts/rust-tauri/R04/RR1-STAGE-R1/verify-R04/R03_REGRESSION/A15/cases/background-survives-unrelated-cancel.json
92eebd1162583e5ed42a8e61a80b5c84e94753ed6562c35c930ebb65f6e23f01  ??  artifacts/rust-tauri/R04/RR1-STAGE-R1/verify-R04/R03_REGRESSION/A15/cases/cancel-live-run-accepted-terminal-cancelled.json
edc380e78d3b8f95b51f12c2bbfcb702760327da3f20bd6c9f456b5c7e0934de  ??  artifacts/rust-tauri/R04/RR1-STAGE-R1/verify-R04/R03_REGRESSION/A15/cases/cancel-terminal-run-already-terminal.json
e320e539d701e4f285fcff1a42629b28016fa5f103e77fccb5c1ddf921155742  ??  artifacts/rust-tauri/R04/RR1-STAGE-R1/verify-R04/R03_REGRESSION/A15/cases/cancel-unknown-run-not-found.json
a513a19cd5ca9bc857d2e01c9be7ec61e3e5677e7d1948db618b31fb7aba127a  ??  artifacts/rust-tauri/R04/RR1-STAGE-R1/verify-R04/R03_REGRESSION/A15/cases/cancel-waiting-approval-cancels-cleanly.json
602b436fbd1f0de778ca086853030197fe28a3fde1a5f694ebea64e4f8779c8a  ??  artifacts/rust-tauri/R04/RR1-STAGE-R1/verify-R04/R03_REGRESSION/A15/cases/combo-cancel-stream-terminal-cancelled.json
b24ff9cdbb08092492dd68815bdf3c4a6f38c8e2a42cd79c30abbfcacdfef745  ??  artifacts/rust-tauri/R04/RR1-STAGE-R1/verify-R04/R03_REGRESSION/A15/cases/combo-crash-recovery-honest-interrupted.json
d9e8dea9429b0f0c9fc86be7f31dcd96b4b227e1174dcdea6d1f00b177ec2987  ??  artifacts/rust-tauri/R04/RR1-STAGE-R1/verify-R04/R03_REGRESSION/A15/cases/combo-cross-session-both-complete.json
106bebd1aa293f120bb83f22b33de1e19ae817a4963587e2ee17be8731293349  ??  artifacts/rust-tauri/R04/RR1-STAGE-R1/verify-R04/R03_REGRESSION/A15/cases/combo-duplicate-conflict-rejected.json
eafb37ffcb4d76d45d58a64d80d9ef413064c1f979d64ba1cc2e609d147963fc  ??  artifacts/rust-tauri/R04/RR1-STAGE-R1/verify-R04/R03_REGRESSION/A15/cases/combo-duplicate-replay-no-second-run.json
346e6cb6ae16f125e4bbfdbf24d2bbcf63c92fa9642b2676fa06a78bfa1e8fdb  ??  artifacts/rust-tauri/R04/RR1-STAGE-R1/verify-R04/R03_REGRESSION/A15/cases/combo-events-subscriber-saw-terminal.json
97a0c8f8404d1c042f8f7efd240d5d5f5446103b21bcccf9c5c90461b6082043  ??  artifacts/rust-tauri/R04/RR1-STAGE-R1/verify-R04/R03_REGRESSION/A15/cases/combo-multi-tool-three-calls.json
aa936466e694a90f4087b7ae928f7c9b96ae1450073774fcb29d177dfa59c7b6  ??  artifacts/rust-tauri/R04/RR1-STAGE-R1/verify-R04/R03_REGRESSION/A15/cases/combo-multi-turn-one-terminal.json
f7bdd9e301d37d6a062e13225cfc84d7e96c1f88cd75d34e300ab00dd0fad0a0  ??  artifacts/rust-tauri/R04/RR1-STAGE-R1/verify-R04/R03_REGRESSION/A15/cases/combo-normal-run-completed.json
51d8bd26cb2f29bee74097b5ef9a36e3389a56a1c7127e86fa36d75a8106659e  ??  artifacts/rust-tauri/R04/RR1-STAGE-R1/verify-R04/R03_REGRESSION/A15/cases/combo-out-of-order-late-result-fenced.json
e18f1fcb5cc4af47da6184707fb88e0c0ed656f1fafffe8020a3001c9826c931  ??  artifacts/rust-tauri/R04/RR1-STAGE-R1/verify-R04/R03_REGRESSION/A15/cases/combo-timeout-budget-loud-failure.json
ccbc0f5c630f404851ca1c561fd5c73421ba9b217ceeff29973b263f05e30888  ??  artifacts/rust-tauri/R04/RR1-STAGE-R1/verify-R04/R03_REGRESSION/A15/cases/parent-cancel-stops-child-run.json
d72d7e1151ea38a4eeb9ad435aa66dc376039e41ff714f9f550e1f2c8934585a  ??  artifacts/rust-tauri/R04/RR1-STAGE-R1/verify-R04/R03_REGRESSION/A15/cases/reconnect-resume-no-model-restart.json
5d89ed42d309bfcfd13956b901f209eb432200e88c2ae1eea74d6eaffe625b2a  ??  artifacts/rust-tauri/R04/RR1-STAGE-R1/verify-R04/R03_REGRESSION/A15/cases/steer-busy-accepted.json
360ccd0c00f5114974f5f2967860d1c339a2e2baa808a2f5dca49f334fe0d386  ??  artifacts/rust-tauri/R04/RR1-STAGE-R1/verify-R04/R03_REGRESSION/A15/cases/steer-idle-miss.json
d00e58227225a313e612b18019d7f95a07382b0426ab7fbeb39bc4b05b740cc5  ??  artifacts/rust-tauri/R04/RR1-STAGE-R1/verify-R04/R03_REGRESSION/A15/cases/steer-text-drained-into-model-input.json
1d91fbec57470aebfedf338d49c5109fdd0216e02d720737ed53335eb06ae4c8  ??  artifacts/rust-tauri/R04/RR1-STAGE-R1/verify-R04/R03_REGRESSION/A15/cases/subagent-child-cancel-stops-child-only.json
25c6b5b26b72b0a4408db94f4f0e40b77faa84d32ccfeaffaf04e29fb20c07c9  ??  artifacts/rust-tauri/R04/RR1-STAGE-R1/verify-R04/R03_REGRESSION/A15/cases/subagent-close-thread-closed-status.json
c8d7de61de38e7dfa38ea3376602da5c50882e6d6238c3a1ff61b6ac7df04418  ??  artifacts/rust-tauri/R04/RR1-STAGE-R1/verify-R04/R03_REGRESSION/A15/cases/subagent-dispatch-child-lineage-recorded.json
dce5bbb9b54961ee64c8634f90f4f2600975918f6a2590b57b7b28dd425016bd  ??  artifacts/rust-tauri/R04/RR1-STAGE-R1/verify-R04/R03_REGRESSION/A15/cases/subagent-escalation-write-denied-zero-children.json
dcd19d358a8a5e560042eee304f1f5460d1c79ba1a64d611fb1007b830562010  ??  artifacts/rust-tauri/R04/RR1-STAGE-R1/verify-R04/R03_REGRESSION/A15/cases/subagent-policy-proactive-delegation-default-off.json
ffef3903ae224f661b415622ed9c76da5e265c01a9c15b867f429c1f6d10ef15  ??  artifacts/rust-tauri/R04/RR1-STAGE-R1/verify-R04/R03_REGRESSION/A15/cases/subagent-reply-continues-thread.json
d097c60f1416e1febc17bd0959b1c9252ca9be86b6a1e982d42d9240a38b107e  ??  artifacts/rust-tauri/R04/RR1-STAGE-R1/verify-R04/R03_REGRESSION/A15/combo-counts.json
4c56fd82542a56017ef5e59d3b0c9752ede52032f31f31c24c2de458153ad296  ??  artifacts/rust-tauri/R04/RR1-STAGE-R1/verify-R04/R03_REGRESSION/A15/combos/cancel-approval-wait.json
f861ce9b1dbe64f781134bae916b9c8f2503f4ad8572e98bfc18d180a4e35e33  ??  artifacts/rust-tauri/R04/RR1-STAGE-R1/verify-R04/R03_REGRESSION/A15/combos/cancel-stream-read.json
76b74d822e65d068718af971eb29865cc4891a50d128a35b0bc955cc3b6b65a2  ??  artifacts/rust-tauri/R04/RR1-STAGE-R1/verify-R04/R03_REGRESSION/A15/combos/crash-recovery.json
ef5545b54a472c39f9b09d995f9ba2e3671618a56d4de3eb7fe4fad24d81f22b  ??  artifacts/rust-tauri/R04/RR1-STAGE-R1/verify-R04/R03_REGRESSION/A15/combos/cross-session-parallel.json
7f7fd9a6f050ba6811d5b1d7313d11473f92089a4ec0fd2335779e99b59cdaa1  ??  artifacts/rust-tauri/R04/RR1-STAGE-R1/verify-R04/R03_REGRESSION/A15/combos/duplicate-submission.json
fc9b468ae0f2bd2cfff1a3ead3ba02756e59e73dc0c0a0ebb5142456d1ae38a8  ??  artifacts/rust-tauri/R04/RR1-STAGE-R1/verify-R04/R03_REGRESSION/A15/combos/leaf-parent-cancel.json
a59635405b3569b1c0c950cb282ecf3749923b36c6b1b5e4d3d21fc3f4458102  ??  artifacts/rust-tauri/R04/RR1-STAGE-R1/verify-R04/R03_REGRESSION/A15/combos/leaf-steer.json
fd60e4ca043c4073ddf838b3f0fe918436ede45ff7765efc8f1cad42821186f4  ??  artifacts/rust-tauri/R04/RR1-STAGE-R1/verify-R04/R03_REGRESSION/A15/combos/multi-tool.json
075cad25ce0207f3b49138b8d415d0db78da1005207b2f64d282b478bffa44ae  ??  artifacts/rust-tauri/R04/RR1-STAGE-R1/verify-R04/R03_REGRESSION/A15/combos/multi-turn-model.json
f94832aef81d68346dd1b25b1ad7312d6bc141a69a616a218b640aa170fbebcb  ??  artifacts/rust-tauri/R04/RR1-STAGE-R1/verify-R04/R03_REGRESSION/A15/combos/normal.json
44f5b48c4f288ee214f7053e16857997f1fb66a6be241466141301a16c6872e7  ??  artifacts/rust-tauri/R04/RR1-STAGE-R1/verify-R04/R03_REGRESSION/A15/combos/timeout-budget.json
505ecfbac3942739846be3a188cabea9d26c9641628253767c5457bdff2ab44f  ??  artifacts/rust-tauri/R04/RR1-STAGE-R1/verify-R04/R03_REGRESSION/A15/leaf-cases.json
bdaad3ebf5ff0689f1652a4b7c24716f5b0138db8876d8941ceb6bbe390650fa  ??  artifacts/rust-tauri/R04/RR1-STAGE-R1/verify-R04/R03_REGRESSION/A15/summary.txt
7d41d3775ece7ca97ae5ace6310a0fb8e78232d96567c5bd6575ffa7f64ed16d  ??  artifacts/rust-tauri/R04/RR1-STAGE-R1/verify-R04/R03_REGRESSION/R02/A05_A06/.last-body
1319bbe558a1a9043433da92529bc8c24d2b6fbcabc962836a938e946e273399  ??  artifacts/rust-tauri/R04/RR1-STAGE-R1/verify-R04/R03_REGRESSION/R02/A05_A06/body-limit.txt
c0c19dff508a998f0c6e1fbf2643c2d78647cd6495bc53c57d2566877a3abc0b  ??  artifacts/rust-tauri/R04/RR1-STAGE-R1/verify-R04/R03_REGRESSION/R02/A05_A06/cli-sessions-limit-case.json
7a7d3d74a1002171e148b53ec35b45d73f8fdff270016478dfdcfb060478bf1d  ??  artifacts/rust-tauri/R04/RR1-STAGE-R1/verify-R04/R03_REGRESSION/R02/A05_A06/creds-after-authz.json
639ba04b0ad06b524928dba567c12efe5ca8387a100ea7f6a38a5e2c714dd244  ??  artifacts/rust-tauri/R04/RR1-STAGE-R1/verify-R04/R03_REGRESSION/R02/A05_A06/creds-before-authz.json
d712ef98f99341fbf2b79fa971f5e366d1a6ceb3f601d736f9d7e3e986560d84  ??  artifacts/rust-tauri/R04/RR1-STAGE-R1/verify-R04/R03_REGRESSION/R02/A05_A06/devices-after-authz.json
8786baddf2b75f61c3165842cd637bc21d9aa5dff8816c2cb21c355f27bfc07a  ??  artifacts/rust-tauri/R04/RR1-STAGE-R1/verify-R04/R03_REGRESSION/R02/A05_A06/devices-before-authz.json
0f1ddb9b17d5864d2d445dec12cacdffeb8fdd557215351e74b61af9f8dfc4de  ??  artifacts/rust-tauri/R04/RR1-STAGE-R1/verify-R04/R03_REGRESSION/R02/A05_A06/leaf-cases.json
f823781b8421efc0c179e33a751a1ba2d00b5a6465e21e22948c908a736175fa  ??  artifacts/rust-tauri/R04/RR1-STAGE-R1/verify-R04/R03_REGRESSION/R02/A05_A06/leaf-cases.ndjson
6daf034b0ee72e29fe1aa0b089414132bf6f24a143e51ea17a7e1e4044ec6de4  ??  artifacts/rust-tauri/R04/RR1-STAGE-R1/verify-R04/R03_REGRESSION/R02/A05_A06/me-denied-after.sha256
6daf034b0ee72e29fe1aa0b089414132bf6f24a143e51ea17a7e1e4044ec6de4  ??  artifacts/rust-tauri/R04/RR1-STAGE-R1/verify-R04/R03_REGRESSION/R02/A05_A06/me-denied-before.sha256
9901fa4939e8c0683cc392787126273c429530490fdebe18e68d1ad0c6fc2459  ??  artifacts/rust-tauri/R04/RR1-STAGE-R1/verify-R04/R03_REGRESSION/R02/A05_A06/sessions-list-matrix.json
ab6837e9f859bd43d9de52a75f8877a728566bd8697bd90fb7a14ce2cabab4e3  ??  artifacts/rust-tauri/R04/RR1-STAGE-R1/verify-R04/R03_REGRESSION/R02/A05_A06/state-after-authn.txt
d899b1f4d79c13ca8526b7b1316e5b9ece5ce7abcdf97bf6171dbe2c5d55a7b5  ??  artifacts/rust-tauri/R04/RR1-STAGE-R1/verify-R04/R03_REGRESSION/R02/A05_A06/state-after.txt
ab6837e9f859bd43d9de52a75f8877a728566bd8697bd90fb7a14ce2cabab4e3  ??  artifacts/rust-tauri/R04/RR1-STAGE-R1/verify-R04/R03_REGRESSION/R02/A05_A06/state-before-authz.txt
ab6837e9f859bd43d9de52a75f8877a728566bd8697bd90fb7a14ce2cabab4e3  ??  artifacts/rust-tauri/R04/RR1-STAGE-R1/verify-R04/R03_REGRESSION/R02/A05_A06/state-before.txt
38e592cc079e6ecc82565088861f64db92a14fcd2cd1f0c0464fd9683d709e2b  ??  artifacts/rust-tauri/R04/RR1-STAGE-R1/verify-R04/R03_REGRESSION/R02/A05_A06/summary.txt
8eafc702920c673e26cafa96a05b880f521b38b11eeea384fbd895b4a96fe811  ??  artifacts/rust-tauri/R04/RR1-STAGE-R1/verify-R04/R03_REGRESSION/R02/A05_A06/ws-matrix.json
91d5186a88a5758184cf4e3c9970683bb6bf5c7bdbad47b5a7a5bd57b01563e8  ??  artifacts/rust-tauri/R04/RR1-STAGE-R1/verify-R04/R03_REGRESSION/R02/A07_A08/last-db-hashes.txt
e613a984930f45c73fa5aa79af6955b0ac56faa30868e1da85d84a96a180eee3  ??  artifacts/rust-tauri/R04/RR1-STAGE-R1/verify-R04/R03_REGRESSION/R02/A07_A08/s1-counts-after-stop.json
6e11d3157e36f2f24de72943cc5df97aec8475c1e95a29c6fed9cc451e41da10  ??  artifacts/rust-tauri/R04/RR1-STAGE-R1/verify-R04/R03_REGRESSION/R02/A07_A08/s2-counts-after-crash.json
32549d0f791799f6935376115cdedbdc036579f611aec6317f7f9b86f874dd84  ??  artifacts/rust-tauri/R04/RR1-STAGE-R1/verify-R04/R03_REGRESSION/R02/A07_A08/s2-runs-dump.jsonl
0cf2c92a229ca2b2d37a956554004bf174c0ef2755598b4ecf15086b4b8d0a69  ??  artifacts/rust-tauri/R04/RR1-STAGE-R1/verify-R04/R03_REGRESSION/R02/A07_A08/s3-fault.err
e3b0c44298fc1c149afbf4c8996fb92427ae41e4649b934ca495991b7852b855  ??  artifacts/rust-tauri/R04/RR1-STAGE-R1/verify-R04/R03_REGRESSION/R02/A07_A08/s3-fault.out
089423a589fdbbc9758d819359ad7f4163d7e8a998fe466b7558c642559e725b  ??  artifacts/rust-tauri/R04/RR1-STAGE-R1/verify-R04/R03_REGRESSION/R02/A07_A08/s4-hashes-after.txt
089423a589fdbbc9758d819359ad7f4163d7e8a998fe466b7558c642559e725b  ??  artifacts/rust-tauri/R04/RR1-STAGE-R1/verify-R04/R03_REGRESSION/R02/A07_A08/s4-hashes-before.txt
051c8f3a8679e328d111dde6d6bc6d54037a96df8feb3988e02913dfa81114db  ??  artifacts/rust-tauri/R04/RR1-STAGE-R1/verify-R04/R03_REGRESSION/R02/A07_A08/s4-migrations-round1.json
051c8f3a8679e328d111dde6d6bc6d54037a96df8feb3988e02913dfa81114db  ??  artifacts/rust-tauri/R04/RR1-STAGE-R1/verify-R04/R03_REGRESSION/R02/A07_A08/s4-migrations-round2.json
051c8f3a8679e328d111dde6d6bc6d54037a96df8feb3988e02913dfa81114db  ??  artifacts/rust-tauri/R04/RR1-STAGE-R1/verify-R04/R03_REGRESSION/R02/A07_A08/s4-migrations-round3.json
418f252c5b32135500c4743d8aee0ee8959da4e7de7520b0a8c21173391d3971  ??  artifacts/rust-tauri/R04/RR1-STAGE-R1/verify-R04/R03_REGRESSION/R02/A07_A08/service-s1.err
5cd960478844a24fefa22deacedb705f9bb177933992d08d41bc917704dac13d  ??  artifacts/rust-tauri/R04/RR1-STAGE-R1/verify-R04/R03_REGRESSION/R02/A07_A08/service-s1.out
cfe8cd4418e1ce92fba6aef793d5924f0b5da5491885e8a54e639f5617736201  ??  artifacts/rust-tauri/R04/RR1-STAGE-R1/verify-R04/R03_REGRESSION/R02/A07_A08/service-s1b.err
5ba53787454c33cec66a708ec0095752e7154105cb0c98121728adaf5426186a  ??  artifacts/rust-tauri/R04/RR1-STAGE-R1/verify-R04/R03_REGRESSION/R02/A07_A08/service-s1b.out
41e849424f3db08ec9cb94cca2881355a465ae068f2a62505586dadd7d7c6bcb  ??  artifacts/rust-tauri/R04/RR1-STAGE-R1/verify-R04/R03_REGRESSION/R02/A07_A08/service-s2.err
1a5c3af0827e666c44b0e3e76ac4ee0416ad3d4e2e6d46c3b760ae3d9b0cedcc  ??  artifacts/rust-tauri/R04/RR1-STAGE-R1/verify-R04/R03_REGRESSION/R02/A07_A08/service-s2.out
875d829ebe86d9b93bca19d89464a6aee601f6aaa66d6c778b30b5f35604a60a  ??  artifacts/rust-tauri/R04/RR1-STAGE-R1/verify-R04/R03_REGRESSION/R02/A07_A08/service-s2b.err
8a1a9e7b7ea6e88773fdb9ccda37bb3ded94c77942dbed725cf6c839ab875e0d  ??  artifacts/rust-tauri/R04/RR1-STAGE-R1/verify-R04/R03_REGRESSION/R02/A07_A08/service-s2b.out
c42bd50103168e52ab9bb2e938a2fd11cede5d781bfb850c93ee260b6b47dd69  ??  artifacts/rust-tauri/R04/RR1-STAGE-R1/verify-R04/R03_REGRESSION/R02/A07_A08/service-s4-1.err
9d468beb881cc54524797f5a8ee32cf4415c0d0600cc4cbd080e5cdb087bba6b  ??  artifacts/rust-tauri/R04/RR1-STAGE-R1/verify-R04/R03_REGRESSION/R02/A07_A08/service-s4-1.out
beda588efa03f7a3fcab98c2568304b5ede700417521a63465389e760193c04f  ??  artifacts/rust-tauri/R04/RR1-STAGE-R1/verify-R04/R03_REGRESSION/R02/A07_A08/service-s4-2.err
fa496daaa15c5b5b9c9a360deccf93b88176a5c33d6924e4b6ce9aaab27eb237  ??  artifacts/rust-tauri/R04/RR1-STAGE-R1/verify-R04/R03_REGRESSION/R02/A07_A08/service-s4-2.out
c356b6518b7c1b264f10934b984aa82af7e684d1500d96b5490945bdfdb8d548  ??  artifacts/rust-tauri/R04/RR1-STAGE-R1/verify-R04/R03_REGRESSION/R02/A07_A08/service-s4-3.err
5a63457d12c11716ec8fec05f21e7182c25f17beb78980b2049cb49fc46f4b70  ??  artifacts/rust-tauri/R04/RR1-STAGE-R1/verify-R04/R03_REGRESSION/R02/A07_A08/service-s4-3.out
b76b4a6aa26f2e2d13cdbeb0251dcb0f1be0ca8171cea09f9ceca3e5e1b6d7fb  ??  artifacts/rust-tauri/R04/RR1-STAGE-R1/verify-R04/R03_REGRESSION/R02/A07_A08/service.addr
7fa107638cd936f310c90e911f49e8521eb1d9adf56adc28c2d977de20101206  ??  artifacts/rust-tauri/R04/RR1-STAGE-R1/verify-R04/R03_REGRESSION/R02/A07_A08/service.pid
ef0c69072110e13bcf354619c10a98d842e8e82779465f9daa468de30a268a6b  ??  artifacts/rust-tauri/R04/RR1-STAGE-R1/verify-R04/R03_REGRESSION/R02/A07_A08/summary.txt
dd63f79ce1a39fdef735dbb9eb292c3f8a45db77c2513d3cc7379e5dbe13749e  ??  artifacts/rust-tauri/R04/RR1-STAGE-R1/verify-R04/R03_REGRESSION/R02/A11/backup-restore/s1-backup-dir-listing.txt
f70d3895e441bf1428fd15976d496d42bd6ac2326bcd0798643de64cac3655b7  ??  artifacts/rust-tauri/R04/RR1-STAGE-R1/verify-R04/R03_REGRESSION/R02/A11/backup-restore/s1-backup-outcome.json
e3b0c44298fc1c149afbf4c8996fb92427ae41e4649b934ca495991b7852b855  ??  artifacts/rust-tauri/R04/RR1-STAGE-R1/verify-R04/R03_REGRESSION/R02/A11/backup-restore/s1-backup.err
63cc9cd6949d866416477e5de874025911dbcb2e7e8e974cb101b61ddd1aabb6  ??  artifacts/rust-tauri/R04/RR1-STAGE-R1/verify-R04/R03_REGRESSION/R02/A11/backup-restore/s1-restore-outcome.json
e3b0c44298fc1c149afbf4c8996fb92427ae41e4649b934ca495991b7852b855  ??  artifacts/rust-tauri/R04/RR1-STAGE-R1/verify-R04/R03_REGRESSION/R02/A11/backup-restore/s1-restore.err
daaef3919baa9d9cdb6c0b96eaa2bf08621c7e906d7df812622c11df013c9f3e  ??  artifacts/rust-tauri/R04/RR1-STAGE-R1/verify-R04/R03_REGRESSION/R02/A11/backup-restore/s1-restored-dump.jsonl
8e75e9f7ae0aebc52d3b6c1c399fda6a58aed3d15065f7e37df5edaacc772509  ??  artifacts/rust-tauri/R04/RR1-STAGE-R1/verify-R04/R03_REGRESSION/R02/A11/backup-restore/s1-restored-hash.txt
daaef3919baa9d9cdb6c0b96eaa2bf08621c7e906d7df812622c11df013c9f3e  ??  artifacts/rust-tauri/R04/RR1-STAGE-R1/verify-R04/R03_REGRESSION/R02/A11/backup-restore/s1-source-dump.jsonl
a56acec53a6f04a75e7e7d26560b6789bced8d7fe00bb1699d906bbf57133b9b  ??  artifacts/rust-tauri/R04/RR1-STAGE-R1/verify-R04/R03_REGRESSION/R02/A11/backup-restore/s1-source-hash.txt
951e1f2cedf4a978898a4f9e620777561b8381ece9faf4223f8594a201f47f74  ??  artifacts/rust-tauri/R04/RR1-STAGE-R1/verify-R04/R03_REGRESSION/R02/A11/backup-restore/s1-wal-size.txt
e3b0c44298fc1c149afbf4c8996fb92427ae41e4649b934ca495991b7852b855  ??  artifacts/rust-tauri/R04/RR1-STAGE-R1/verify-R04/R03_REGRESSION/R02/A11/backup-restore/s3-backup-out.json
0aa58ce3714545184fb74bd5920f57c9928eb3d959cb36dfacdc5897f4a1733e  ??  artifacts/rust-tauri/R04/RR1-STAGE-R1/verify-R04/R03_REGRESSION/R02/A11/backup-restore/s3-backup.err
9b33c4d50a9f7a0434980244454a85ce4288c7323241cf9ff22c50e6b8f8dd85  ??  artifacts/rust-tauri/R04/RR1-STAGE-R1/verify-R04/R03_REGRESSION/R02/A11/backup-restore/s4-ws-probe.json
a4c3ed04a95a3da14a9d235c83d868bed7c0f45cf7f3faa751ee8f50598d2211  ??  artifacts/rust-tauri/R04/RR1-STAGE-R1/verify-R04/R03_REGRESSION/R02/A11/backup-restore/s4-ws-probe.json.probe-done
18be76bb5bf741c649c30e7c084fbdca3ea6246d3ae7ad5fe73134e7588c17d3  ??  artifacts/rust-tauri/R04/RR1-STAGE-R1/verify-R04/R03_REGRESSION/R02/A11/backup-restore/service-s1.addr
e5f2e82f8e321c7b2ba776a9130d407005ad2a101b15befea29da644dfe87416  ??  artifacts/rust-tauri/R04/RR1-STAGE-R1/verify-R04/R03_REGRESSION/R02/A11/backup-restore/service-s1.err
6243f0176c57534070e2cae34b45b13cbc4ad5175be91521ff88f51b54c349c2  ??  artifacts/rust-tauri/R04/RR1-STAGE-R1/verify-R04/R03_REGRESSION/R02/A11/backup-restore/service-s1.out
0f1e43c3fb0d0d06524df5ab28c401f77c03753ff1e002bf106d4285a042f9b2  ??  artifacts/rust-tauri/R04/RR1-STAGE-R1/verify-R04/R03_REGRESSION/R02/A11/backup-restore/service-s2.addr
7df850506010527bd03bd0c4341122095d7bc696d9ac6c8f754c9c0ce09463ac  ??  artifacts/rust-tauri/R04/RR1-STAGE-R1/verify-R04/R03_REGRESSION/R02/A11/backup-restore/service-s2.err
127096cfa36650e699394ed4b643a2f59f4b26742617b22ae85b1c9fb57beced  ??  artifacts/rust-tauri/R04/RR1-STAGE-R1/verify-R04/R03_REGRESSION/R02/A11/backup-restore/service-s2.out
39d5b79d2728b87016890d7b296224421fd4d7f9fb67718d37d8f2b4e74b7257  ??  artifacts/rust-tauri/R04/RR1-STAGE-R1/verify-R04/R03_REGRESSION/R02/A11/backup-restore/service-s4.addr
0110758c135eb81fcdedb475b285367476c0be527571eab78992b5bf2feffe98  ??  artifacts/rust-tauri/R04/RR1-STAGE-R1/verify-R04/R03_REGRESSION/R02/A11/backup-restore/service-s4.err
96e58709980070e2d7e69de4ea2a9639e8e42b7c51f6c28d7d74d7de2596f412  ??  artifacts/rust-tauri/R04/RR1-STAGE-R1/verify-R04/R03_REGRESSION/R02/A11/backup-restore/service-s4.out
7b7c20b160f2c4105fb685e77dc39a0010290a9db1ea7c080975ce110e09fa36  ??  artifacts/rust-tauri/R04/RR1-STAGE-R1/verify-R04/R03_REGRESSION/R02/A11/backup-restore/service.pid
668ed90314dae2acbb6362721a735ad323dcedd827e5ccc35d22848e6361a2f5  ??  artifacts/rust-tauri/R04/RR1-STAGE-R1/verify-R04/R03_REGRESSION/R02/A11/backup-restore/summary.txt
7a2590c5dce5d5b3bc8f7f99d99b055f3fb6e2ef07ae945eb33ba92ccc9cf898  ??  artifacts/rust-tauri/R04/RR1-STAGE-R1/verify-R04/R03_REGRESSION/R02/A12/recovery-drill/coexist-after.txt
7a2590c5dce5d5b3bc8f7f99d99b055f3fb6e2ef07ae945eb33ba92ccc9cf898  ??  artifacts/rust-tauri/R04/RR1-STAGE-R1/verify-R04/R03_REGRESSION/R02/A12/recovery-drill/coexist-before.txt
a085656c605db3503c3eb78215f1b72e6f5398a807f2a00aa9b3706129f46ac2  ??  artifacts/rust-tauri/R04/RR1-STAGE-R1/verify-R04/R03_REGRESSION/R02/A12/recovery-drill/own-created-homes.txt
79be6d64aa93bf457e5b337dfa16a187af549e49a08c7760b4ddb0f61bedf8ac  ??  artifacts/rust-tauri/R04/RR1-STAGE-R1/verify-R04/R03_REGRESSION/R02/A12/recovery-drill/summary.txt
7b2f675d535131e9ee3b95eb996b520af42000b1efea572dc62eff72fd758a84  ??  artifacts/rust-tauri/R04/RR1-STAGE-R1/verify-R04/R03_REGRESSION/R02/A12/recovery-drill/v1-hashes-after.txt
7b2f675d535131e9ee3b95eb996b520af42000b1efea572dc62eff72fd758a84  ??  artifacts/rust-tauri/R04/RR1-STAGE-R1/verify-R04/R03_REGRESSION/R02/A12/recovery-drill/v1-hashes-before.txt
bb5356a960fefbbc6d80d57c4edf55815f8d45fc537b02eacee02227a21ac9b8  ??  artifacts/rust-tauri/R04/RR1-STAGE-R1/verify-R04/R03_REGRESSION/R02/A12/recovery-drill/v1.err
e3b0c44298fc1c149afbf4c8996fb92427ae41e4649b934ca495991b7852b855  ??  artifacts/rust-tauri/R04/RR1-STAGE-R1/verify-R04/R03_REGRESSION/R02/A12/recovery-drill/v1.out
fcb269f1fc43e20619871bab0f6e464d30773313e55b17f725fc62249ab521be  ??  artifacts/rust-tauri/R04/RR1-STAGE-R1/verify-R04/R03_REGRESSION/R02/A12/recovery-drill/v2-hashes-after.txt
fcb269f1fc43e20619871bab0f6e464d30773313e55b17f725fc62249ab521be  ??  artifacts/rust-tauri/R04/RR1-STAGE-R1/verify-R04/R03_REGRESSION/R02/A12/recovery-drill/v2-hashes-before.txt
0701a71c0f876d79dfb94c1df0a8dbb3a22ba922f7d7cfc4c4b6b008fd7710f5  ??  artifacts/rust-tauri/R04/RR1-STAGE-R1/verify-R04/R03_REGRESSION/R02/A12/recovery-drill/v2.err
e3b0c44298fc1c149afbf4c8996fb92427ae41e4649b934ca495991b7852b855  ??  artifacts/rust-tauri/R04/RR1-STAGE-R1/verify-R04/R03_REGRESSION/R02/A12/recovery-drill/v2.out
a33ffd69acb495d9a221778bb2317e4cef00e4d752d794b9c1267890666ec43d  ??  artifacts/rust-tauri/R04/RR1-STAGE-R1/verify-R04/R03_REGRESSION/R02/A12/recovery-drill/v3-hashes-after.txt
a33ffd69acb495d9a221778bb2317e4cef00e4d752d794b9c1267890666ec43d  ??  artifacts/rust-tauri/R04/RR1-STAGE-R1/verify-R04/R03_REGRESSION/R02/A12/recovery-drill/v3-hashes-before.txt
9e51871b3e88c582b0acd995385f776bd75c82a63ca78d54c07d87629eeb8687  ??  artifacts/rust-tauri/R04/RR1-STAGE-R1/verify-R04/R03_REGRESSION/R02/A12/recovery-drill/v3.err
e3b0c44298fc1c149afbf4c8996fb92427ae41e4649b934ca495991b7852b855  ??  artifacts/rust-tauri/R04/RR1-STAGE-R1/verify-R04/R03_REGRESSION/R02/A12/recovery-drill/v3.out
310d03706ce542fbd618f6225fa459035a26ecab07dc5f1532fe1a7c25669506  ??  artifacts/rust-tauri/R04/RR1-STAGE-R1/verify-R04/R03_REGRESSION/R02/A12/recovery-drill/v4.err
0212e1eb2c418c3ef5ba65f73b5cace0f290aef7bd96b05622f1ff955c3cfce8  ??  artifacts/rust-tauri/R04/RR1-STAGE-R1/verify-R04/R03_REGRESSION/R02/A12/recovery-drill/v4.out
e9194a8cf05d4b356ef51b81020a8670bf9c632b14d58a83d5274fa3de5667e2  ??  artifacts/rust-tauri/R04/RR1-STAGE-R1/verify-R04/R03_REGRESSION/R02/A12/recovery-drill/v5-hashes-after.txt
e9194a8cf05d4b356ef51b81020a8670bf9c632b14d58a83d5274fa3de5667e2  ??  artifacts/rust-tauri/R04/RR1-STAGE-R1/verify-R04/R03_REGRESSION/R02/A12/recovery-drill/v5-hashes-before.txt
61a9cc691c41671c1e60ea83d9534dff497db475d7970ef6825b442294677891  ??  artifacts/rust-tauri/R04/RR1-STAGE-R1/verify-R04/R03_REGRESSION/R02/A12/recovery-drill/v5.err
e3b0c44298fc1c149afbf4c8996fb92427ae41e4649b934ca495991b7852b855  ??  artifacts/rust-tauri/R04/RR1-STAGE-R1/verify-R04/R03_REGRESSION/R02/A12/recovery-drill/v5.out
e42c869e547959078aa1e8b72679df44e79ecc2ba86f09979f1c194fb892d6df  ??  artifacts/rust-tauri/R04/RR1-STAGE-R1/verify-R04/R03_REGRESSION/R02/A12/recovery-drill/v6-recovered-dump.jsonl
27badc983df1780b60c2b3fa9d3a19a00e46aac798451f0febdca52920faaddf  ??  artifacts/rust-tauri/R04/RR1-STAGE-R1/verify-R04/R03_REGRESSION/R02/A12/recovery-drill/v6-seed-execute.txt
8b6f63fef52fa2781b8db60d29dcf7d88a338e74eec7b5a2a470da0af73459c2  ??  artifacts/rust-tauri/R04/RR1-STAGE-R1/verify-R04/R03_REGRESSION/R02/A12/recovery-drill/v6-seed.err
3b48fcabfe92881f43794e77b335c5684619d85b22905c7e5d22877e4f8dc481  ??  artifacts/rust-tauri/R04/RR1-STAGE-R1/verify-R04/R03_REGRESSION/R02/A12/recovery-drill/v6-seed.out
7945bedf1e28c515a3a419d5daba6d3395671705c4ffd350e3b65150648eb9be  ??  artifacts/rust-tauri/R04/RR1-STAGE-R1/verify-R04/R03_REGRESSION/R02/A12/recovery-drill/v6.err
b692476f51191ef34d94dff2bfbdeb1bd46f51e0c77ac916b7fc555f46d04e96  ??  artifacts/rust-tauri/R04/RR1-STAGE-R1/verify-R04/R03_REGRESSION/R02/A12/recovery-drill/v6.out
a5b4849dff0c50128b234e63eca09f37dba19af76642ccc5fffd28fbb36b8928  ??  artifacts/rust-tauri/R04/RR1-STAGE-R1/verify-R04/R03_REGRESSION/R02/A12/recovery-drill/v7-hashes-after.txt
a5b4849dff0c50128b234e63eca09f37dba19af76642ccc5fffd28fbb36b8928  ??  artifacts/rust-tauri/R04/RR1-STAGE-R1/verify-R04/R03_REGRESSION/R02/A12/recovery-drill/v7-hashes-before.txt
107ff3f03c234e9fc482d9001cc557ff6ea6a5c62dad779dda956a322adbcbb8  ??  artifacts/rust-tauri/R04/RR1-STAGE-R1/verify-R04/R03_REGRESSION/R02/A12/recovery-drill/v7-seed.err
fb8e7368d651ea113808b8e5b73f16e0c5018e3d21747f1edab816c602b98181  ??  artifacts/rust-tauri/R04/RR1-STAGE-R1/verify-R04/R03_REGRESSION/R02/A12/recovery-drill/v7-seed.out
a2cd97701f4820326d926b4eecb3a12c502dd868c402add93cc2e149838fc78d  ??  artifacts/rust-tauri/R04/RR1-STAGE-R1/verify-R04/R03_REGRESSION/R02/A12/recovery-drill/v7.err
e3b0c44298fc1c149afbf4c8996fb92427ae41e4649b934ca495991b7852b855  ??  artifacts/rust-tauri/R04/RR1-STAGE-R1/verify-R04/R03_REGRESSION/R02/A12/recovery-drill/v7.out
928a148de659a479069f301004efcc967103221f6f10d1c96e064badf77c2334  ??  artifacts/rust-tauri/R04/RR1-STAGE-R1/verify-R04/R03_REGRESSION/R02/A12/recovery-drill/v8-observed.err
def90bd3321dbc5bf73028c67694de9d56a4fdd73f767d00dcd292636e66a2eb  ??  artifacts/rust-tauri/R04/RR1-STAGE-R1/verify-R04/R03_REGRESSION/R02/A12/recovery-drill/v8-seed.err
56585a222e371d3cea24858277dc2f0ee3f18ac3e1b1a07d8fa26aa56efc8a55  ??  artifacts/rust-tauri/R04/RR1-STAGE-R1/verify-R04/R03_REGRESSION/R02/A12/recovery-drill/v8-seed.out
928a148de659a479069f301004efcc967103221f6f10d1c96e064badf77c2334  ??  artifacts/rust-tauri/R04/RR1-STAGE-R1/verify-R04/R03_REGRESSION/R02/A12/recovery-drill/v8.err
0ee96df0b125456ea8f8180ce2fa586f2eaa78e07f96f6711697ca76b13f9940  ??  artifacts/rust-tauri/R04/RR1-STAGE-R1/verify-R04/R03_REGRESSION/R02/A12/recovery-drill/v8.out
68e18eb00b9653ef8045d1dd457dd9b5a17becab94e08d743a9d21e43a22f5eb  ??  artifacts/rust-tauri/R04/RR1-STAGE-R1/verify-R04/R03_REGRESSION/R02/A15/full-chain/pre-restart-head.json
e3b0c44298fc1c149afbf4c8996fb92427ae41e4649b934ca495991b7852b855  ??  artifacts/rust-tauri/R04/RR1-STAGE-R1/verify-R04/R03_REGRESSION/R02/A15/full-chain/probe1.err
de0b5d3cb35f94d99eec079f555e15537ab0ab44abb42f46a4c0b3bca9de4f81  ??  artifacts/rust-tauri/R04/RR1-STAGE-R1/verify-R04/R03_REGRESSION/R02/A15/full-chain/probe1.pass-lines
e3b0c44298fc1c149afbf4c8996fb92427ae41e4649b934ca495991b7852b855  ??  artifacts/rust-tauri/R04/RR1-STAGE-R1/verify-R04/R03_REGRESSION/R02/A15/full-chain/probe2.err
28a411dc95be7e6596d2954fdbecf8eb034d9f8dc1248ab1d111c07c1c218b89  ??  artifacts/rust-tauri/R04/RR1-STAGE-R1/verify-R04/R03_REGRESSION/R02/A15/full-chain/probe2.pass-lines
cbc54993ed18c3872d70f3a5adfad99b3b8bf94d5e9ac05ca264bb03b995573e  ??  artifacts/rust-tauri/R04/RR1-STAGE-R1/verify-R04/R03_REGRESSION/R02/A15/full-chain/service1.err
70938313a57d85c2abb7d5c306952b0101a37da883aa038e30b706109f619eba  ??  artifacts/rust-tauri/R04/RR1-STAGE-R1/verify-R04/R03_REGRESSION/R02/A15/full-chain/service1.out
64f9281439585a8aa99c9276969fb9c048bf5de0009e4f97daf45ef973946494  ??  artifacts/rust-tauri/R04/RR1-STAGE-R1/verify-R04/R03_REGRESSION/R02/A15/full-chain/service2.err
4c15ca8a70830b9f9178d90dec5b3404792bd540ede00212ef2f370b0822394d  ??  artifacts/rust-tauri/R04/RR1-STAGE-R1/verify-R04/R03_REGRESSION/R02/A15/full-chain/service2.out
ed80df7aa95ca9582b59ea3b2c829a51b805f961230a83b301e9cc102d9ecffa  ??  artifacts/rust-tauri/R04/RR1-STAGE-R1/verify-R04/R03_REGRESSION/R02/A15/full-chain/summary.txt
10a16641e3405663989bf586c36c94e6522cc9932c30df552a4cb308377a9676  ??  artifacts/rust-tauri/R04/RR1-STAGE-R1/verify-R04/R04_MATRIX/cases/a15-directory-claim-refused.json
09f385efaedc793ea498845967037cfcbfc0fe2c163104737d7ff99e880e98bc  ??  artifacts/rust-tauri/R04/RR1-STAGE-R1/verify-R04/R04_MATRIX/cases/a15-gateway-audit-directory-ref-failed.json
d0df7dade822790f5735f4ebef501e03b8aa905318cb8a60905b81715d427965  ??  artifacts/rust-tauri/R04/RR1-STAGE-R1/verify-R04/R04_MATRIX/cases/a15-gateway-audit-fake-ref-failed.json
a0800cd68927a3e79f38730d4c55036813c6947a5675713428917d03a1b44145  ??  artifacts/rust-tauri/R04/RR1-STAGE-R1/verify-R04/R04_MATRIX/cases/a15-gateway-audit-real-ref-passes.json
8f9b212963fdfce437456018df1536c00c82aa2118f3c3af37532e979ed04f2b  ??  artifacts/rust-tauri/R04/RR1-STAGE-R1/verify-R04/R04_MATRIX/cases/a15-missing-claim-refused.json
04245f14680505fadaf81819e4b39818cf0d629654f8733039a6ac2e8d68bb98  ??  artifacts/rust-tauri/R04/RR1-STAGE-R1/verify-R04/R04_MATRIX/cases/a15-out-of-grant-claim-refused.json
e4bb14f7a842ae22ee91e7b3bebdfcc5273aec1410f84eb90970f2bc4dc3fc91  ??  artifacts/rust-tauri/R04/RR1-STAGE-R1/verify-R04/R04_MATRIX/cases/a15-real-delivery-registered.json
6895d6a72b4da91d630223ce6ad2b8320db84534f721b5748ac0f487c1a29223  ??  artifacts/rust-tauri/R04/RR1-STAGE-R1/verify-R04/R04_MATRIX/cases/a15-structure-violation-refused.json
94c57b04cb80a3ce8932e58d775b4aaa85affa76e33e34512e4a0bc47ade49a9  ??  artifacts/rust-tauri/R04/RR1-STAGE-R1/verify-R04/R04_MATRIX/cases/a16-alias-route-covered.json
506ae3c069a2a967546a4ca114bf3e15abac6ebcdb0f7e35b359b12c1cde92b5  ??  artifacts/rust-tauri/R04/RR1-STAGE-R1/verify-R04/R04_MATRIX/cases/a16-history-preserved.json
901361017912bc20e016d13a2a4f8d701ddee123481ac52c440c176b6d9510aa  ??  artifacts/rust-tauri/R04/RR1-STAGE-R1/verify-R04/R04_MATRIX/cases/approval-answer-executes-once.json
bd45162c41ae2eec362f6f35bc50015ae2a8266f70ce5f91d5c45e5ad8053270  ??  artifacts/rust-tauri/R04/RR1-STAGE-R1/verify-R04/R04_MATRIX/cases/approval-duplicate-idempotent.json
bababcc7f3e64579d35c9259a419a674630e4e549217be76c41f04eda4f0bcdc  ??  artifacts/rust-tauri/R04/RR1-STAGE-R1/verify-R04/R04_MATRIX/cases/approval-reject-zero-dispatch.json
20fd6bee69494fece169e2b99ea1e3085ddffbb071d88ebc23f7dcaeb412c721  ??  artifacts/rust-tauri/R04/RR1-STAGE-R1/verify-R04/R04_MATRIX/cases/catalog-face-lists-mcp-tools-with-permission.json
a6740bd82388993cca6d0b79d294334e6ad84438d23b819303e84cb2670999df  ??  artifacts/rust-tauri/R04/RR1-STAGE-R1/verify-R04/R04_MATRIX/cases/future-tool-shape-ast_edit-discoverable-not-callable.json
821137c4819111c5cab65e31fe33146b843d4bc963a7ae66bf3c6139aab4dc68  ??  artifacts/rust-tauri/R04/RR1-STAGE-R1/verify-R04/R04_MATRIX/cases/future-tool-shape-ast_grep-discoverable-not-callable.json
9827cfcbf4ea963126bc89e02f8247506844fc54c5a0d9086547106cafdcdefd  ??  artifacts/rust-tauri/R04/RR1-STAGE-R1/verify-R04/R04_MATRIX/cases/future-tool-shape-file-discoverable-not-callable.json
cb8e2db3b924a24b0bf8d611b22015f3a2a10ccc3f6ee16a819bc9388379c7f3  ??  artifacts/rust-tauri/R04/RR1-STAGE-R1/verify-R04/R04_MATRIX/cases/future-tool-shape-find-discoverable-not-callable.json
1c192846cc1d07ba6864e5dd594b97a48f402ab5519fca2040ecc7edc3d3fd02  ??  artifacts/rust-tauri/R04/RR1-STAGE-R1/verify-R04/R04_MATRIX/cases/future-tool-shape-grep-discoverable-not-callable.json
bbe14f10f21cc0a2c306c3554804930c3bf5b13c66b6b90cf1c79b465e394c3b  ??  artifacts/rust-tauri/R04/RR1-STAGE-R1/verify-R04/R04_MATRIX/cases/future-tool-shape-ls-discoverable-not-callable.json
a9b97d5170fb12a3359bdde03aa8fdfc8fe089399cd5f1dc3810dacaf5ac5653  ??  artifacts/rust-tauri/R04/RR1-STAGE-R1/verify-R04/R04_MATRIX/cases/future-tool-shape-lsp-discoverable-not-callable.json
6bc884d530bd7615a63e4dd9241155689273f4f9c70ccc044e2d91afc8eba4f1  ??  artifacts/rust-tauri/R04/RR1-STAGE-R1/verify-R04/R04_MATRIX/cases/future-tool-shape-materialize-discoverable-not-callable.json
5904c81036b270e82834b8084ca4b8b9b4492957d7d3ac5a83328f9bdc84b538  ??  artifacts/rust-tauri/R04/RR1-STAGE-R1/verify-R04/R04_MATRIX/cases/future-tool-shape-run_code-discoverable-not-callable.json
c9d67aa6d2f3fce41a3a011e42ac47399824eae28c54e2b89cf0bdae0dbf8052  ??  artifacts/rust-tauri/R04/RR1-STAGE-R1/verify-R04/R04_MATRIX/cases/future-tool-shape-security_scan-discoverable-not-callable.json
6cf1880613144cb8b359bd1c195f561f79c42836315ec94767b2336f24a9b783  ??  artifacts/rust-tauri/R04/RR1-STAGE-R1/verify-R04/R04_MATRIX/cases/future-tool-shape-stage_files-discoverable-not-callable.json
87164a841282a81c7b614451f88f157e89c03336043524a16637aa848d201f59  ??  artifacts/rust-tauri/R04/RR1-STAGE-R1/verify-R04/R04_MATRIX/cases/gateway-each-call-independent-permission.json
7d3631b38221c7c56e5b77793921c4de3ab067e7097d1c77131e73a3dadb0ce5  ??  artifacts/rust-tauri/R04/RR1-STAGE-R1/verify-R04/R04_MATRIX/cases/matrix-lifecycle-disable-holes.json
52e2294d2db41ba60884ca74bedd63d9e196def8ea43623c327cf7579c72e6e0  ??  artifacts/rust-tauri/R04/RR1-STAGE-R1/verify-R04/R04_MATRIX/cases/matrix-lifecycle-generation-refusals.json
710d96abbd53795e2f40639001eee2454a6ce7e5a285c883f9cd62f1b58ebda9  ??  artifacts/rust-tauri/R04/RR1-STAGE-R1/verify-R04/R04_MATRIX/cases/matrix-lifecycle-uninstall-holes.json
23c16612d569bb60e563215b453c022203ab19f05298ce7c9a3fc080da10b7d2  ??  artifacts/rust-tauri/R04/RR1-STAGE-R1/verify-R04/R04_MATRIX/cases/matrix-permission-consistency.json
d475fb8c9114bfdf95de5cc202da903bf354241d13f071bce870d8ba2502fd60  ??  artifacts/rust-tauri/R04/RR1-STAGE-R1/verify-R04/R04_MATRIX/cases/matrix-route-consistency.json
2b451a4a1fd773fba2e107116235dd5f28a06d104c7f7450f221f662510fc070  ??  artifacts/rust-tauri/R04/RR1-STAGE-R1/verify-R04/R04_MATRIX/cases/matrix-tool-family-count.json
1e442f90436b22848aeb3329ce35c020def0d74ba7d6bbc49eb983573e8e708d  ??  artifacts/rust-tauri/R04/RR1-STAGE-R1/verify-R04/R04_MATRIX/cases/mcp-connector-catalog-sync.json
02be7eb700e551cb0a000177a0e033872c65ad8b5ef7f46d66c014ecf3fb7150  ??  artifacts/rust-tauri/R04/RR1-STAGE-R1/verify-R04/R04_MATRIX/cases/mcp-connector-register-handshake.json
905e6508c4c99929579667bd3184014916a117d7522917621f1aea839bdd039e  ??  artifacts/rust-tauri/R04/RR1-STAGE-R1/verify-R04/R04_MATRIX/cases/mcp-describe-real-identity.json
42c719e1d9f2fdae556b08414f6facea228b729210f804971fb1f41772e1ec5f  ??  artifacts/rust-tauri/R04/RR1-STAGE-R1/verify-R04/R04_MATRIX/cases/mcp-search-namespaced.json
dfbc531d38332ae34bc27eef48d7c96103f6f7b0cf55e51377608e95deffabc9  ??  artifacts/rust-tauri/R04/RR1-STAGE-R1/verify-R04/R04_MATRIX/cases/mcp-tool-call-full-chain.json
916eba77e6c3a4f9a8bf58bdf3a14d110fe9b75b22aa316ce7a47412c013fa04  ??  artifacts/rust-tauri/R04/RR1-STAGE-R1/verify-R04/R04_MATRIX/cases/mcp-tool-permission-face.json
c3f30127a40dfa980a32479cec6547074c067a4d8cd61e858b0aa7dc095455b3  ??  artifacts/rust-tauri/R04/RR1-STAGE-R1/verify-R04/R04_MATRIX/cases/permission-face-modes-verifiable.json
c51a56cfdce860c73de8e015f088d38b31bbf8e373a0dc6e1c8e43f9b5f80a2c  ??  artifacts/rust-tauri/R04/RR1-STAGE-R1/verify-R04/R04_MATRIX/cases/preauthorization-single-session-scoped.json
eefd602104c2c290f3a2704acec9cf3923cbf072e0e9ac1e5dad4b1103794f05  ??  artifacts/rust-tauri/R04/RR1-STAGE-R1/verify-R04/R04_MATRIX/cases/semantics-cancel-leaves-no-fabricated-receipt.json
1c8fced2b48030b05d00ab397c3aa0470c4f068287f841b1c7e53778b43e038d  ??  artifacts/rust-tauri/R04/RR1-STAGE-R1/verify-R04/R04_MATRIX/cases/semantics-failed-never-dispatched-receipt.json
220379bb262285fad8e6314d35a23f12ba26fcb0e501fe2431141c1a4d28a5a2  ??  artifacts/rust-tauri/R04/RR1-STAGE-R1/verify-R04/R04_MATRIX/cases/semantics-success-receipt-dispatched.json
8337cc9f0c6c3a4eeb0b4beb6ff1d93acd40878d92c9f16c4649942469017888  ??  artifacts/rust-tauri/R04/RR1-STAGE-R1/verify-R04/R04_MATRIX/cases/semantics-unknown-receipt-honest.json
cb89e56a59ac812a63576832232489b328ac7abf8041df762e7b1af1e2caa95d  ??  artifacts/rust-tauri/R04/RR1-STAGE-R1/verify-R04/R04_MATRIX/cases/sup01-ask-subagent-write-refused.json
1b21930f6737d6935a82328d4afb7b4fd7b439c107b48d01b29e4cdfa7399015  ??  artifacts/rust-tauri/R04/RR1-STAGE-R1/verify-R04/R04_MATRIX/cases/terminal-close-stops-terminal.json
59095540a473b474ab918f20eb08986f6bbb6cbfd08c49b9810963ae37407de5  ??  artifacts/rust-tauri/R04/RR1-STAGE-R1/verify-R04/R04_MATRIX/cases/terminal-snapshot-current-transcript.json
004a41eae978391bad56ebe5c3e6d2ced1a2c02eda01a37f79abc8867cb5a063  ??  artifacts/rust-tauri/R04/RR1-STAGE-R1/verify-R04/R04_MATRIX/cases/terminal-tail-cursor-continuation.json
16870fec4c31cd9e67e56d3328c74d20f9213a2e96113c28be3d7f7fe0d28979  ??  artifacts/rust-tauri/R04/RR1-STAGE-R1/verify-R04/R04_MATRIX/cases/tool-edit-conflict-preserves-user-version.json
bb810a38ce8bfbcafc0d64e1fc2831a08e952dfdc4a057fd99166ef589df1032  ??  artifacts/rust-tauri/R04/RR1-STAGE-R1/verify-R04/R04_MATRIX/cases/tool-edit-real-chain.json
bec2c6d085918085fb7eb01f8ec54ea53681b68aa489b59bc0a8e9b272c5c02e  ??  artifacts/rust-tauri/R04/RR1-STAGE-R1/verify-R04/R04_MATRIX/cases/tool-exec-cancel-cleanup.json
c0341bc7ba746aaa51754e5650264b1d7d55e93d55ea2a03df67769834825bcc  ??  artifacts/rust-tauri/R04/RR1-STAGE-R1/verify-R04/R04_MATRIX/cases/tool-exec-command-real-chain.json
e990fcd2da49cb923f667ea1714cfea3f69c8f3bd0002416761b93ab35d87ec3  ??  artifacts/rust-tauri/R04/RR1-STAGE-R1/verify-R04/R04_MATRIX/cases/tool-read-real-chain.json
ea288f832ccf584b20e6d0ef80d0116568fd2c989aff55d985adce98266f5f62  ??  artifacts/rust-tauri/R04/RR1-STAGE-R1/verify-R04/R04_MATRIX/cases/tool-write-real-chain.json
52e2d9bbf2b9890f5b4d03bf7c27cfb6c82322790e254fc813b47b7f093d939f  ??  artifacts/rust-tauri/R04/RR1-STAGE-R1/verify-R04/R04_MATRIX/cases/tool-write-stdin-continuation.json
83f514b83ad20e51f11205b345ebcce85d4423a69379cb2a9804c8ceaf07a027  ??  artifacts/rust-tauri/R04/RR1-STAGE-R1/verify-R04/R04_MATRIX/cases/tool-write-stdin-foreign-writes.json
c471fa08013c67ab99fb67a5e4e430f83cfc349758cdc601fb53e35b1ee28397  ??  artifacts/rust-tauri/R04/RR1-STAGE-R1/verify-R04/R04_MATRIX/leaf-cases.json
1dbc5972065a848f6d2d8456df0891660c2c695ca72f24c3d4bd7fde395b462e  ??  artifacts/rust-tauri/R04/RR1-STAGE-R1/verify-R04/R04_MATRIX/matrix-counts.json
4d427e411d4094175bda8b798c0114af4830967a0acf48fd27ee7f9e11c1fd46  ??  artifacts/rust-tauri/R04/RR1-STAGE-R1/verify-R04/R04_MATRIX/summary.txt
