# binding-exclusion: artifacts/rust-tauri/R03/repair-current/G07-E01/verify-stage-r02-regression/A16/legacy-entry/** — this gate's own run-time evidence output subtree (runner output, never candidate source); applied symmetrically to BOTH the main-repo binding and the candidate-copy binding (E0 mirror compare)
49003fe8be15055091d737d5bea20563b4db3a66a4e77fbeed50b8a2494b7213  ??  artifacts/rust-tauri/R03/repair-current/G07-E01/gate-commands/check_boundaries/exit-code.txt
6a18df34d108eb82fbdccda725b9628290e95a16322e723290c1ddaa2467ccf3  ??  artifacts/rust-tauri/R03/repair-current/G07-E01/gate-commands/check_contracts/exit-code.txt
0d75ad1cefb045cfa52b0b2974264a48a9db3701addfcc97fcb6b60b00bb8635  ??  artifacts/rust-tauri/R03/repair-current/G07-E01/gate-commands/rust_clippy/exit-code.txt
1b5d8d6341069801a016b6c550c9e2fb6912797d3e814d44ff0961d7a67cfee6  ??  artifacts/rust-tauri/R03/repair-current/G07-E01/gate-commands/rust_fmt/exit-code.txt
58304e22a2335464bf6b54991bf5fffa13bc960529269f5fe380c510933ba821  ??  artifacts/rust-tauri/R03/repair-current/G07-E01/gate-commands/rust_test_workspace/exit-code.txt
a78e649733d4fea6a4eed258f2828044be4f87cbe15d6e4cd56aa13bbdf42064  ??  artifacts/rust-tauri/R03/repair-current/G07-E01/preflight-repair-suites/cases.jsonl
e3b0c44298fc1c149afbf4c8996fb92427ae41e4649b934ca495991b7852b855  ??  artifacts/rust-tauri/R03/repair-current/G07-E01/preflight-repair-suites/gaps.txt
fb01ac619921de38fc8b3f4b03acf1679ef1970aa72ad9b11894254d77ec1319  ??  artifacts/rust-tauri/R03/repair-current/G07-E01/preflight-repair-suites/repair-cases.json
adebf94adf1305de41508726eebe386e4abf2994f31973f70d0a4580d7372cc6  ??  artifacts/rust-tauri/R03/repair-current/G07-E01/preflight-repair-suites/summary.txt
e3b0c44298fc1c149afbf4c8996fb92427ae41e4649b934ca495991b7852b855  ??  artifacts/rust-tauri/R03/repair-current/G07-E01/verify-stage-r02-regression/A01/a01-cargo-metadata.err
83409c006bae316a3a4076b79b784cd4a3d88230d1747c167482753ce7dff50b  ??  artifacts/rust-tauri/R03/repair-current/G07-E01/verify-stage-r02-regression/A01/a01-cargo-metadata.json
e3b0c44298fc1c149afbf4c8996fb92427ae41e4649b934ca495991b7852b855  ??  artifacts/rust-tauri/R03/repair-current/G07-E01/verify-stage-r02-regression/A01/a01-child-snapshot.tsv
f7fcacea611f836fcfee896f96b921cb6f11f87ef330adf7f40d820cb361ac1c  ??  artifacts/rust-tauri/R03/repair-current/G07-E01/verify-stage-r02-regression/A01/a01-health-body.json
d081bd7991c661e1a468dc4de0b4e6dbcc263be20412e5f1aacdc44924beb6c7  ??  artifacts/rust-tauri/R03/repair-current/G07-E01/verify-stage-r02-regression/A01/a01-invalid-bind-homes-after.txt
d081bd7991c661e1a468dc4de0b4e6dbcc263be20412e5f1aacdc44924beb6c7  ??  artifacts/rust-tauri/R03/repair-current/G07-E01/verify-stage-r02-regression/A01/a01-invalid-bind-homes-before.txt
6c88f1bf243b09c3f5c0207654b095224ce3608f74e78b992b2a648ff6ad119b  ??  artifacts/rust-tauri/R03/repair-current/G07-E01/verify-stage-r02-regression/A01/a01-leaf-cases.json
1539d00d02720acf25ca64543a2322dd2832e169861c9498b6bea2898536a45e  ??  artifacts/rust-tauri/R03/repair-current/G07-E01/verify-stage-r02-regression/A01/a01-newer-config-data-fallback-after.txt
1539d00d02720acf25ca64543a2322dd2832e169861c9498b6bea2898536a45e  ??  artifacts/rust-tauri/R03/repair-current/G07-E01/verify-stage-r02-regression/A01/a01-newer-config-data-fallback-before.txt
79303189f2a27fcaffc1db659a148ad770d0ce859283b1b98796716d3f72f518  ??  artifacts/rust-tauri/R03/repair-current/G07-E01/verify-stage-r02-regression/A01/a01-newer-config-data-homes-after.txt
4ef34445d206692b63e717ed86118c925553c3efb6b74c8d5489775848f1569e  ??  artifacts/rust-tauri/R03/repair-current/G07-E01/verify-stage-r02-regression/A01/a01-newer-config-data-homes-before.txt
48567e4849767a4917ccec6555920f4581358f7cd222841302bd7d10384dbd2f  ??  artifacts/rust-tauri/R03/repair-current/G07-E01/verify-stage-r02-regression/A01/a01-newer-config-data-original-after.sha256
48567e4849767a4917ccec6555920f4581358f7cd222841302bd7d10384dbd2f  ??  artifacts/rust-tauri/R03/repair-current/G07-E01/verify-stage-r02-regression/A01/a01-newer-config-data-original-before.sha256
1539d00d02720acf25ca64543a2322dd2832e169861c9498b6bea2898536a45e  ??  artifacts/rust-tauri/R03/repair-current/G07-E01/verify-stage-r02-regression/A01/a01-newer-data-fallback-after.txt
1539d00d02720acf25ca64543a2322dd2832e169861c9498b6bea2898536a45e  ??  artifacts/rust-tauri/R03/repair-current/G07-E01/verify-stage-r02-regression/A01/a01-newer-data-fallback-before.txt
1de095ca842b29abc42da9752899737b82396201b590f927511e5c6fd2b21811  ??  artifacts/rust-tauri/R03/repair-current/G07-E01/verify-stage-r02-regression/A01/a01-newer-data-homes-after.txt
d7469d0febb065eb3b959993b3ec5f373f942299e067ec9f7746a52c83dd6f3e  ??  artifacts/rust-tauri/R03/repair-current/G07-E01/verify-stage-r02-regression/A01/a01-newer-data-homes-before.txt
44c382cadbd1b50330ade4893553f961ae25bf942bfc80b9c6f853769d88831e  ??  artifacts/rust-tauri/R03/repair-current/G07-E01/verify-stage-r02-regression/A01/a01-newer-data-original-after.sha256
44c382cadbd1b50330ade4893553f961ae25bf942bfc80b9c6f853769d88831e  ??  artifacts/rust-tauri/R03/repair-current/G07-E01/verify-stage-r02-regression/A01/a01-newer-data-original-before.sha256
1539d00d02720acf25ca64543a2322dd2832e169861c9498b6bea2898536a45e  ??  artifacts/rust-tauri/R03/repair-current/G07-E01/verify-stage-r02-regression/A01/a01-newer-env-data-fallback-after.txt
1539d00d02720acf25ca64543a2322dd2832e169861c9498b6bea2898536a45e  ??  artifacts/rust-tauri/R03/repair-current/G07-E01/verify-stage-r02-regression/A01/a01-newer-env-data-fallback-before.txt
3d30d51f070467cdae05f8ae1757bf066899d9c90d310164f4a7597c943aaf7b  ??  artifacts/rust-tauri/R03/repair-current/G07-E01/verify-stage-r02-regression/A01/a01-newer-env-data-homes-after.txt
6c32f2c2f1f39e82f36fc6cf0d71790a378b2287c01931262bfce27d450ca909  ??  artifacts/rust-tauri/R03/repair-current/G07-E01/verify-stage-r02-regression/A01/a01-newer-env-data-homes-before.txt
a4d4062a50cf74b73502cf8421d3796a6d29c64d78b7759e79c1de5b55a002e0  ??  artifacts/rust-tauri/R03/repair-current/G07-E01/verify-stage-r02-regression/A01/a01-newer-env-data-original-after.sha256
a4d4062a50cf74b73502cf8421d3796a6d29c64d78b7759e79c1de5b55a002e0  ??  artifacts/rust-tauri/R03/repair-current/G07-E01/verify-stage-r02-regression/A01/a01-newer-env-data-original-before.sha256
3ce1005240a8ebfb25acd73c8ec01b4df742a35b81e2a622a6c65bf368865033  ??  artifacts/rust-tauri/R03/repair-current/G07-E01/verify-stage-r02-regression/A01/leaf-cases.ndjson
126590fb3b2c27a435ec453c529c1dbf3f271de095ce4a4c0bb568ae34732ffd  ??  artifacts/rust-tauri/R03/repair-current/G07-E01/verify-stage-r02-regression/A03/a03-forged-record.json
f7fcacea611f836fcfee896f96b921cb6f11f87ef330adf7f40d820cb361ac1c  ??  artifacts/rust-tauri/R03/repair-current/G07-E01/verify-stage-r02-regression/A03/a03-inst1-health.json
98bc22924c4799534f5fe4ec6c352d63e8cc48bcffa506a386849f9af8d51c48  ??  artifacts/rust-tauri/R03/repair-current/G07-E01/verify-stage-r02-regression/A03/a03-inst2-marker.txt
c2dbfd846ac6d8078b6300c6bc4379366aa70252b013f750b193a156bb59276c  ??  artifacts/rust-tauri/R03/repair-current/G07-E01/verify-stage-r02-regression/A03/a03-summary.txt
1942f91c2086b9ae98f14b002072b52f27a4ce5a7b02502e8e8476e4d36d70c6  ??  artifacts/rust-tauri/R03/repair-current/G07-E01/verify-stage-r02-regression/A04/a04-summary.txt
d0643d1364deb6294283e5fc5157d26b80eab4950b3c31013095bc94e642f05f  ??  artifacts/rust-tauri/R03/repair-current/G07-E01/verify-stage-r02-regression/A05_A06/.last-body
1319bbe558a1a9043433da92529bc8c24d2b6fbcabc962836a938e946e273399  ??  artifacts/rust-tauri/R03/repair-current/G07-E01/verify-stage-r02-regression/A05_A06/body-limit.txt
c0c19dff508a998f0c6e1fbf2643c2d78647cd6495bc53c57d2566877a3abc0b  ??  artifacts/rust-tauri/R03/repair-current/G07-E01/verify-stage-r02-regression/A05_A06/cli-sessions-limit-case.json
8db6271098b14ae03d875596b16e988aa3c0e78be03f815a6aaf8ff352f26c4c  ??  artifacts/rust-tauri/R03/repair-current/G07-E01/verify-stage-r02-regression/A05_A06/creds-after-authz.json
17918062058c0bce262ced1a4d981fef25d4909dbb5d5ac0fd6f4d90df73d637  ??  artifacts/rust-tauri/R03/repair-current/G07-E01/verify-stage-r02-regression/A05_A06/creds-before-authz.json
bb2b4721c894462464866e620e48d3e16e5efde5cde45156f9f3b57a9a9c1af7  ??  artifacts/rust-tauri/R03/repair-current/G07-E01/verify-stage-r02-regression/A05_A06/devices-after-authz.json
2749093efff20581e792feb11dad697e412171ba250b60988bfad8c2d8a99c91  ??  artifacts/rust-tauri/R03/repair-current/G07-E01/verify-stage-r02-regression/A05_A06/devices-before-authz.json
ab4b7fbb6a470c4da09c90af4cbc80275ea6076b8598075a96e7a27447c8a4e6  ??  artifacts/rust-tauri/R03/repair-current/G07-E01/verify-stage-r02-regression/A05_A06/leaf-cases.json
cad4161c41b97f24585eca0a54f61d5dcc765b3b6cfe416a468c959adcfab84e  ??  artifacts/rust-tauri/R03/repair-current/G07-E01/verify-stage-r02-regression/A05_A06/leaf-cases.ndjson
45f9c5a175bfc2c1941fd8e0ee5461fcf3e51d7fd7a1db8d1bab3ed2ff66018f  ??  artifacts/rust-tauri/R03/repair-current/G07-E01/verify-stage-r02-regression/A05_A06/me-denied-after.sha256
45f9c5a175bfc2c1941fd8e0ee5461fcf3e51d7fd7a1db8d1bab3ed2ff66018f  ??  artifacts/rust-tauri/R03/repair-current/G07-E01/verify-stage-r02-regression/A05_A06/me-denied-before.sha256
9901fa4939e8c0683cc392787126273c429530490fdebe18e68d1ad0c6fc2459  ??  artifacts/rust-tauri/R03/repair-current/G07-E01/verify-stage-r02-regression/A05_A06/sessions-list-matrix.json
3a8b0375a7244b6dc103d5daeb323e1f364a95020f7974715bc10aa4fbb64310  ??  artifacts/rust-tauri/R03/repair-current/G07-E01/verify-stage-r02-regression/A05_A06/state-after-authn.txt
81ed7f4b90d2f9eb00ec79a1af08a242c8cbad418634f67d630ea971faff3238  ??  artifacts/rust-tauri/R03/repair-current/G07-E01/verify-stage-r02-regression/A05_A06/state-after.txt
3a8b0375a7244b6dc103d5daeb323e1f364a95020f7974715bc10aa4fbb64310  ??  artifacts/rust-tauri/R03/repair-current/G07-E01/verify-stage-r02-regression/A05_A06/state-before-authz.txt
3a8b0375a7244b6dc103d5daeb323e1f364a95020f7974715bc10aa4fbb64310  ??  artifacts/rust-tauri/R03/repair-current/G07-E01/verify-stage-r02-regression/A05_A06/state-before.txt
22ccffa16f2dbf27b7e302503c2ebccd0aa0564574ec195798243dc9a5bdac29  ??  artifacts/rust-tauri/R03/repair-current/G07-E01/verify-stage-r02-regression/A05_A06/summary.txt
d1f604193ce5f8ea7af2846ac90a63b1c62172f25736f5fbda16a0a0ccf75c29  ??  artifacts/rust-tauri/R03/repair-current/G07-E01/verify-stage-r02-regression/A05_A06/ws-matrix.json
baf7ffd15277f3fbdebe64da66206610f58775570018d99f8d86a8e2a4e64f98  ??  artifacts/rust-tauri/R03/repair-current/G07-E01/verify-stage-r02-regression/A07_A08/last-db-hashes.txt
e613a984930f45c73fa5aa79af6955b0ac56faa30868e1da85d84a96a180eee3  ??  artifacts/rust-tauri/R03/repair-current/G07-E01/verify-stage-r02-regression/A07_A08/s1-counts-after-stop.json
6e11d3157e36f2f24de72943cc5df97aec8475c1e95a29c6fed9cc451e41da10  ??  artifacts/rust-tauri/R03/repair-current/G07-E01/verify-stage-r02-regression/A07_A08/s2-counts-after-crash.json
c4499ef4ad9c1ae1a18f223f3f4dce140a58529972bf0647e04bf41da36eb563  ??  artifacts/rust-tauri/R03/repair-current/G07-E01/verify-stage-r02-regression/A07_A08/s2-runs-dump.jsonl
8ddffba0ab0435e79753451b6de1b13a18f7f4c921457e2f2ea00b108c2378e1  ??  artifacts/rust-tauri/R03/repair-current/G07-E01/verify-stage-r02-regression/A07_A08/s3-fault.err
e3b0c44298fc1c149afbf4c8996fb92427ae41e4649b934ca495991b7852b855  ??  artifacts/rust-tauri/R03/repair-current/G07-E01/verify-stage-r02-regression/A07_A08/s3-fault.out
0430c0670050b747d600d2d3446a37b559ab45cbe716f71925891d84a37842fd  ??  artifacts/rust-tauri/R03/repair-current/G07-E01/verify-stage-r02-regression/A07_A08/s4-hashes-after.txt
0430c0670050b747d600d2d3446a37b559ab45cbe716f71925891d84a37842fd  ??  artifacts/rust-tauri/R03/repair-current/G07-E01/verify-stage-r02-regression/A07_A08/s4-hashes-before.txt
2f86e5403a7f377fe7c54dab4abfb6987018cfe6613b0c66050eb8c5d5425a97  ??  artifacts/rust-tauri/R03/repair-current/G07-E01/verify-stage-r02-regression/A07_A08/s4-migrations-round1.json
2f86e5403a7f377fe7c54dab4abfb6987018cfe6613b0c66050eb8c5d5425a97  ??  artifacts/rust-tauri/R03/repair-current/G07-E01/verify-stage-r02-regression/A07_A08/s4-migrations-round2.json
2f86e5403a7f377fe7c54dab4abfb6987018cfe6613b0c66050eb8c5d5425a97  ??  artifacts/rust-tauri/R03/repair-current/G07-E01/verify-stage-r02-regression/A07_A08/s4-migrations-round3.json
751bf5290fdb3484719a3d04a12ce9fb98f027a23cfba787a0e44458b65ac2c7  ??  artifacts/rust-tauri/R03/repair-current/G07-E01/verify-stage-r02-regression/A07_A08/service-s1.err
e56e2284aa9ccd051ba9bbca94d39b6b4c8c97db91d9d8d8ff1f3d74a63d5952  ??  artifacts/rust-tauri/R03/repair-current/G07-E01/verify-stage-r02-regression/A07_A08/service-s1.out
3cccae7cf440098bca663da6c7518911240f94e5225aa4332b0702afe30b1083  ??  artifacts/rust-tauri/R03/repair-current/G07-E01/verify-stage-r02-regression/A07_A08/service-s1b.err
a484ec8a96f11dc5c686aece86387bfb7f7284b56e16c428901bb2a2713ed259  ??  artifacts/rust-tauri/R03/repair-current/G07-E01/verify-stage-r02-regression/A07_A08/service-s1b.out
6bf53496dfb80bb134d71360befe7212949f0a135ecff65d89ff67be03535d83  ??  artifacts/rust-tauri/R03/repair-current/G07-E01/verify-stage-r02-regression/A07_A08/service-s2.err
86acf3285195611abd0588b6f428f8306e22fbce4befe0e36762368c3ba8d96f  ??  artifacts/rust-tauri/R03/repair-current/G07-E01/verify-stage-r02-regression/A07_A08/service-s2.out
5f72c4a6533d75ff0d7530ab5756967bb05aa6fcff22e795956f18d6be2c8201  ??  artifacts/rust-tauri/R03/repair-current/G07-E01/verify-stage-r02-regression/A07_A08/service-s2b.err
cb95cc41542820edf96d77bb1a9c9af11cb7206a38b0162206e2779bae884d3b  ??  artifacts/rust-tauri/R03/repair-current/G07-E01/verify-stage-r02-regression/A07_A08/service-s2b.out
e7aad4aa4279d9e691edbb581e7df2e72619b14a470e15254f5ed9c7f8ee94e3  ??  artifacts/rust-tauri/R03/repair-current/G07-E01/verify-stage-r02-regression/A07_A08/service-s4-1.err
dc1ff4a1a7de13ce3e3c93840b543264c98b40ad34c8385c4ba525aa4ef798d8  ??  artifacts/rust-tauri/R03/repair-current/G07-E01/verify-stage-r02-regression/A07_A08/service-s4-1.out
99711595c8bcbdb153765be86cc9ce7344bec847cd774c0d7f2f30c1d355acee  ??  artifacts/rust-tauri/R03/repair-current/G07-E01/verify-stage-r02-regression/A07_A08/service-s4-2.err
13f71e5cd679b34a2e1d8858c9802bd948f97dc9ff69f4daf1659a6f808f2e71  ??  artifacts/rust-tauri/R03/repair-current/G07-E01/verify-stage-r02-regression/A07_A08/service-s4-2.out
7e37a56fb52d97d44fbe5396f53c36277f6160ed404bc673b5baabb964ff3dc9  ??  artifacts/rust-tauri/R03/repair-current/G07-E01/verify-stage-r02-regression/A07_A08/service-s4-3.err
a9c1024a66d01dc3bd9002bfd14d45f27aef71909e76afec3af7d3a1bafb019e  ??  artifacts/rust-tauri/R03/repair-current/G07-E01/verify-stage-r02-regression/A07_A08/service-s4-3.out
60e644717e71339c5bd799e31623aa498dc929e2944aaf78ad7bf5ca06ad807a  ??  artifacts/rust-tauri/R03/repair-current/G07-E01/verify-stage-r02-regression/A07_A08/service.addr
a54e5f17b44d7291988a4f2a532237e665e9267a3c291e60017807000ce5dfb9  ??  artifacts/rust-tauri/R03/repair-current/G07-E01/verify-stage-r02-regression/A07_A08/service.pid
ef0c69072110e13bcf354619c10a98d842e8e82779465f9daa468de30a268a6b  ??  artifacts/rust-tauri/R03/repair-current/G07-E01/verify-stage-r02-regression/A07_A08/summary.txt
85ded1d59f33fa46a8d078e8df75a5e66c3534e12943ce61d266cf1ae0303b8e  ??  artifacts/rust-tauri/R03/repair-current/G07-E01/verify-stage-r02-regression/A07_LIVE_FAULT/case.json
f2e373dab444d4eac5276adcaf4e1180e7661425d298621a91e8fe0117243006  ??  artifacts/rust-tauri/R03/repair-current/G07-E01/verify-stage-r02-regression/A07_LIVE_FAULT/checked.json
a908a6e86c62d2e51ca78da96f581957814571894c0e5c30316692005d76edcf  ??  artifacts/rust-tauri/R03/repair-current/G07-E01/verify-stage-r02-regression/A09_A10/a09-merged-view.json
ff29fe27dd9f75e5e65dab18d15a50f3cd0a180a70aad611e1a6a916b345e98b  ??  artifacts/rust-tauri/R03/repair-current/G07-E01/verify-stage-r02-regression/A09_A10/a10-rebuild-diff.json
964305f77584b6f1174448d993c6fda479b5b528f3da9e9412722b1b300e54b3  ??  artifacts/rust-tauri/R03/repair-current/G07-E01/verify-stage-r02-regression/A09_A10/key-events-dump.json
3566fd68c1ac7b0fb4fd1a4b648651970995f009f971efd49a607d7243f2a6ea  ??  artifacts/rust-tauri/R03/repair-current/G07-E01/verify-stage-r02-regression/A09_A10/matrix.json
fce215ec604f08932c1f1a189a1345daf6c2f8c8259f7c5408bcf38abdf76603  ??  artifacts/rust-tauri/R03/repair-current/G07-E01/verify-stage-r02-regression/A09_A10/probe-matrix.jsonl
39f070ca84bf55c88a600cd29d7d5a74f44880be41561f1e6fca9d40fc2316cc  ??  artifacts/rust-tauri/R03/repair-current/G07-E01/verify-stage-r02-regression/A09_A10/service.err
0e9c21b4f3db45c145b864026d07fd50f897f991c9d426a105fc2f5cd012c573  ??  artifacts/rust-tauri/R03/repair-current/G07-E01/verify-stage-r02-regression/A09_A10/service.out
553b86329f37168068350dd21f1f90093a66e22f4765bd5c8da71a4d93c7ed5a  ??  artifacts/rust-tauri/R03/repair-current/G07-E01/verify-stage-r02-regression/A09_A10/summary.txt
dd63f79ce1a39fdef735dbb9eb292c3f8a45db77c2513d3cc7379e5dbe13749e  ??  artifacts/rust-tauri/R03/repair-current/G07-E01/verify-stage-r02-regression/A11/backup-restore/s1-backup-dir-listing.txt
ffd3e2f5d980ca5f32d8893d565027ff72068f8c330d5ac33ab25e4bd31546f1  ??  artifacts/rust-tauri/R03/repair-current/G07-E01/verify-stage-r02-regression/A11/backup-restore/s1-backup-outcome.json
e3b0c44298fc1c149afbf4c8996fb92427ae41e4649b934ca495991b7852b855  ??  artifacts/rust-tauri/R03/repair-current/G07-E01/verify-stage-r02-regression/A11/backup-restore/s1-backup.err
4336520f0e714d4675e72805d23e213e614e4d7d08eb071c0f845db86be50794  ??  artifacts/rust-tauri/R03/repair-current/G07-E01/verify-stage-r02-regression/A11/backup-restore/s1-restore-outcome.json
e3b0c44298fc1c149afbf4c8996fb92427ae41e4649b934ca495991b7852b855  ??  artifacts/rust-tauri/R03/repair-current/G07-E01/verify-stage-r02-regression/A11/backup-restore/s1-restore.err
934700165727c2034fe514dded8715eb25b41bec7cef6b2edb425ac33221ec74  ??  artifacts/rust-tauri/R03/repair-current/G07-E01/verify-stage-r02-regression/A11/backup-restore/s1-restored-dump.jsonl
b98f791b798118e3ce3812b22f369657d3d49af99be7e899e51471cd323de090  ??  artifacts/rust-tauri/R03/repair-current/G07-E01/verify-stage-r02-regression/A11/backup-restore/s1-restored-hash.txt
934700165727c2034fe514dded8715eb25b41bec7cef6b2edb425ac33221ec74  ??  artifacts/rust-tauri/R03/repair-current/G07-E01/verify-stage-r02-regression/A11/backup-restore/s1-source-dump.jsonl
f5366b24cf1baaffa758fbd21431051b9bee90b23ca018fdc40f9f909db03be8  ??  artifacts/rust-tauri/R03/repair-current/G07-E01/verify-stage-r02-regression/A11/backup-restore/s1-source-hash.txt
951e1f2cedf4a978898a4f9e620777561b8381ece9faf4223f8594a201f47f74  ??  artifacts/rust-tauri/R03/repair-current/G07-E01/verify-stage-r02-regression/A11/backup-restore/s1-wal-size.txt
e3b0c44298fc1c149afbf4c8996fb92427ae41e4649b934ca495991b7852b855  ??  artifacts/rust-tauri/R03/repair-current/G07-E01/verify-stage-r02-regression/A11/backup-restore/s3-backup-out.json
05a7e462a8e9e74f5442b590ea4b49dee1fb6f32c3091223edc65c46a05a2e1d  ??  artifacts/rust-tauri/R03/repair-current/G07-E01/verify-stage-r02-regression/A11/backup-restore/s3-backup.err
9b33c4d50a9f7a0434980244454a85ce4288c7323241cf9ff22c50e6b8f8dd85  ??  artifacts/rust-tauri/R03/repair-current/G07-E01/verify-stage-r02-regression/A11/backup-restore/s4-ws-probe.json
a4c3ed04a95a3da14a9d235c83d868bed7c0f45cf7f3faa751ee8f50598d2211  ??  artifacts/rust-tauri/R03/repair-current/G07-E01/verify-stage-r02-regression/A11/backup-restore/s4-ws-probe.json.probe-done
e563fb52b38ddfffa416fb3b43afa13146785f7df43dc7c65b547f84d1d6d5ec  ??  artifacts/rust-tauri/R03/repair-current/G07-E01/verify-stage-r02-regression/A11/backup-restore/service-s1.addr
b4ef8090db8e68c6486efbfb01953dc4ae4582e0f7f150786bdb67ee3f9afa85  ??  artifacts/rust-tauri/R03/repair-current/G07-E01/verify-stage-r02-regression/A11/backup-restore/service-s1.err
3a06f40db05bdf7c99f90e6a35c5d7c939fea9ef252878344c9afd3d918c5a73  ??  artifacts/rust-tauri/R03/repair-current/G07-E01/verify-stage-r02-regression/A11/backup-restore/service-s1.out
b9e44cd81b5080351ed923b21a7ade1ec2fbaade9e1432ccfa853daa9b210609  ??  artifacts/rust-tauri/R03/repair-current/G07-E01/verify-stage-r02-regression/A11/backup-restore/service-s2.addr
dc69d04ced25b94d23eaa35ce6c11bb3500b4330b788eacb50456fb81b275a3a  ??  artifacts/rust-tauri/R03/repair-current/G07-E01/verify-stage-r02-regression/A11/backup-restore/service-s2.err
ede9f8bcf391ee0c5835e223fe88420b120a4e66658c98d26cce102d84a8e731  ??  artifacts/rust-tauri/R03/repair-current/G07-E01/verify-stage-r02-regression/A11/backup-restore/service-s2.out
5e86f1084227280ed307edde9b9719fc37a8cdc365e811e7db25ec2ead6d458c  ??  artifacts/rust-tauri/R03/repair-current/G07-E01/verify-stage-r02-regression/A11/backup-restore/service-s4.addr
f8f3c39168dab2809880da3326735988e5339adbb1f59ed4c6603c64444db42b  ??  artifacts/rust-tauri/R03/repair-current/G07-E01/verify-stage-r02-regression/A11/backup-restore/service-s4.err
ae8209a637c172695bd3288c293de397f7fffa24e990d2eb1e3399e19ab70937  ??  artifacts/rust-tauri/R03/repair-current/G07-E01/verify-stage-r02-regression/A11/backup-restore/service-s4.out
fe2da50225e052202ad1faca60e6bcaad9957c1185fc7d8cc67dea4e7080888e  ??  artifacts/rust-tauri/R03/repair-current/G07-E01/verify-stage-r02-regression/A11/backup-restore/service.pid
668ed90314dae2acbb6362721a735ad323dcedd827e5ccc35d22848e6361a2f5  ??  artifacts/rust-tauri/R03/repair-current/G07-E01/verify-stage-r02-regression/A11/backup-restore/summary.txt
bc8fbe496f849c6b9a0ae94c266626828bee0096aba14b9664c200456ec095de  ??  artifacts/rust-tauri/R03/repair-current/G07-E01/verify-stage-r02-regression/A12/recovery-drill/coexist-after.txt
bc8fbe496f849c6b9a0ae94c266626828bee0096aba14b9664c200456ec095de  ??  artifacts/rust-tauri/R03/repair-current/G07-E01/verify-stage-r02-regression/A12/recovery-drill/coexist-before.txt
a9053b25d6e4a4e6a51e786e588b9868d1e74cc733af53461cac11355fcc9557  ??  artifacts/rust-tauri/R03/repair-current/G07-E01/verify-stage-r02-regression/A12/recovery-drill/own-created-homes.txt
79be6d64aa93bf457e5b337dfa16a187af549e49a08c7760b4ddb0f61bedf8ac  ??  artifacts/rust-tauri/R03/repair-current/G07-E01/verify-stage-r02-regression/A12/recovery-drill/summary.txt
7b2f675d535131e9ee3b95eb996b520af42000b1efea572dc62eff72fd758a84  ??  artifacts/rust-tauri/R03/repair-current/G07-E01/verify-stage-r02-regression/A12/recovery-drill/v1-hashes-after.txt
7b2f675d535131e9ee3b95eb996b520af42000b1efea572dc62eff72fd758a84  ??  artifacts/rust-tauri/R03/repair-current/G07-E01/verify-stage-r02-regression/A12/recovery-drill/v1-hashes-before.txt
c0fdb5beaa8ba6dd6a74213bd9c3b35361ac232247186df1c9f09b7ccf63a3f3  ??  artifacts/rust-tauri/R03/repair-current/G07-E01/verify-stage-r02-regression/A12/recovery-drill/v1.err
e3b0c44298fc1c149afbf4c8996fb92427ae41e4649b934ca495991b7852b855  ??  artifacts/rust-tauri/R03/repair-current/G07-E01/verify-stage-r02-regression/A12/recovery-drill/v1.out
fcb269f1fc43e20619871bab0f6e464d30773313e55b17f725fc62249ab521be  ??  artifacts/rust-tauri/R03/repair-current/G07-E01/verify-stage-r02-regression/A12/recovery-drill/v2-hashes-after.txt
fcb269f1fc43e20619871bab0f6e464d30773313e55b17f725fc62249ab521be  ??  artifacts/rust-tauri/R03/repair-current/G07-E01/verify-stage-r02-regression/A12/recovery-drill/v2-hashes-before.txt
ee05994c43ce3f35c7789a8be5b2a1227756ec90fe65e609d887e67e0f37540c  ??  artifacts/rust-tauri/R03/repair-current/G07-E01/verify-stage-r02-regression/A12/recovery-drill/v2.err
e3b0c44298fc1c149afbf4c8996fb92427ae41e4649b934ca495991b7852b855  ??  artifacts/rust-tauri/R03/repair-current/G07-E01/verify-stage-r02-regression/A12/recovery-drill/v2.out
a33ffd69acb495d9a221778bb2317e4cef00e4d752d794b9c1267890666ec43d  ??  artifacts/rust-tauri/R03/repair-current/G07-E01/verify-stage-r02-regression/A12/recovery-drill/v3-hashes-after.txt
a33ffd69acb495d9a221778bb2317e4cef00e4d752d794b9c1267890666ec43d  ??  artifacts/rust-tauri/R03/repair-current/G07-E01/verify-stage-r02-regression/A12/recovery-drill/v3-hashes-before.txt
ed7ea8207c2d07b3971cb1af0739bcb6b180f5e34025acbd455b440907225811  ??  artifacts/rust-tauri/R03/repair-current/G07-E01/verify-stage-r02-regression/A12/recovery-drill/v3.err
e3b0c44298fc1c149afbf4c8996fb92427ae41e4649b934ca495991b7852b855  ??  artifacts/rust-tauri/R03/repair-current/G07-E01/verify-stage-r02-regression/A12/recovery-drill/v3.out
aef41536b12d6fda37daad7f2bccdbe5b749e5b1cc4a9929713cafac972413a5  ??  artifacts/rust-tauri/R03/repair-current/G07-E01/verify-stage-r02-regression/A12/recovery-drill/v4.err
f99dfa35100fe8753f1b6c2c67f53d3229ee316c91985f6a8c124e34d937bc56  ??  artifacts/rust-tauri/R03/repair-current/G07-E01/verify-stage-r02-regression/A12/recovery-drill/v4.out
4b98e63242e80b764c90be360a8ec1ff8a71690fb5b6eaf4c0a4b5288ba8602f  ??  artifacts/rust-tauri/R03/repair-current/G07-E01/verify-stage-r02-regression/A12/recovery-drill/v5-hashes-after.txt
4b98e63242e80b764c90be360a8ec1ff8a71690fb5b6eaf4c0a4b5288ba8602f  ??  artifacts/rust-tauri/R03/repair-current/G07-E01/verify-stage-r02-regression/A12/recovery-drill/v5-hashes-before.txt
1a7bc6d50d56c4444d7eac6ecfee5d4cc196652aee81b38b0beba4c5087822a6  ??  artifacts/rust-tauri/R03/repair-current/G07-E01/verify-stage-r02-regression/A12/recovery-drill/v5.err
e3b0c44298fc1c149afbf4c8996fb92427ae41e4649b934ca495991b7852b855  ??  artifacts/rust-tauri/R03/repair-current/G07-E01/verify-stage-r02-regression/A12/recovery-drill/v5.out
39bcce97f879b142385f82cab7338bc382624ab9bcce0f05d716eb74bea2fc31  ??  artifacts/rust-tauri/R03/repair-current/G07-E01/verify-stage-r02-regression/A12/recovery-drill/v6-recovered-dump.jsonl
27badc983df1780b60c2b3fa9d3a19a00e46aac798451f0febdca52920faaddf  ??  artifacts/rust-tauri/R03/repair-current/G07-E01/verify-stage-r02-regression/A12/recovery-drill/v6-seed-execute.txt
505a5edfdc61ec5b735babaeb7fbaf1dcfa5e5d6e52f5263905ff9b9204f599e  ??  artifacts/rust-tauri/R03/repair-current/G07-E01/verify-stage-r02-regression/A12/recovery-drill/v6-seed.err
4cb62f0ae65eacc651555626332b0c46fc51dd8321101d98a55b8c08dc977b08  ??  artifacts/rust-tauri/R03/repair-current/G07-E01/verify-stage-r02-regression/A12/recovery-drill/v6-seed.out
a2c8ebffaed2d42d8a3ee1c9379d1c0ff60edd6957ce68972c5d9c6be8a86b30  ??  artifacts/rust-tauri/R03/repair-current/G07-E01/verify-stage-r02-regression/A12/recovery-drill/v6.err
742ad652f9ad79d600054671f2758e49cb6682f4b33e117a59e98dc47f9d1c1e  ??  artifacts/rust-tauri/R03/repair-current/G07-E01/verify-stage-r02-regression/A12/recovery-drill/v6.out
196ea0a8e735f09d5b65548441713ad37857cfe8345f81be1a8842492d2c63c8  ??  artifacts/rust-tauri/R03/repair-current/G07-E01/verify-stage-r02-regression/A12/recovery-drill/v7-hashes-after.txt
196ea0a8e735f09d5b65548441713ad37857cfe8345f81be1a8842492d2c63c8  ??  artifacts/rust-tauri/R03/repair-current/G07-E01/verify-stage-r02-regression/A12/recovery-drill/v7-hashes-before.txt
0aef6eebf7cfed7965235d3b9d3b1fe2142dfd64d40d693c53664054d85c363b  ??  artifacts/rust-tauri/R03/repair-current/G07-E01/verify-stage-r02-regression/A12/recovery-drill/v7-seed.err
12345b17292e2f1f2779b3182eb6b2689314840c20f0800ff90ee6ed3ae8a217  ??  artifacts/rust-tauri/R03/repair-current/G07-E01/verify-stage-r02-regression/A12/recovery-drill/v7-seed.out
c08c875e5b6cf01c6ceda1d5c3779adcb0a8b856a556ec38b3cbda99e67bddb8  ??  artifacts/rust-tauri/R03/repair-current/G07-E01/verify-stage-r02-regression/A12/recovery-drill/v7.err
e3b0c44298fc1c149afbf4c8996fb92427ae41e4649b934ca495991b7852b855  ??  artifacts/rust-tauri/R03/repair-current/G07-E01/verify-stage-r02-regression/A12/recovery-drill/v7.out
807ad62c56e29821aa505d850f763717d25bac2a997e4d48fbdb57dcab515b08  ??  artifacts/rust-tauri/R03/repair-current/G07-E01/verify-stage-r02-regression/A12/recovery-drill/v8-observed.err
33466c3bc31b8489e78151c2813582de43bd34ce797b2a1bde9ec03fd5ccef85  ??  artifacts/rust-tauri/R03/repair-current/G07-E01/verify-stage-r02-regression/A12/recovery-drill/v8-seed.err
fa5e8debd80fd6e23dce68242d40376497ffc3464b6d88e124773de7cb0f1b5c  ??  artifacts/rust-tauri/R03/repair-current/G07-E01/verify-stage-r02-regression/A12/recovery-drill/v8-seed.out
807ad62c56e29821aa505d850f763717d25bac2a997e4d48fbdb57dcab515b08  ??  artifacts/rust-tauri/R03/repair-current/G07-E01/verify-stage-r02-regression/A12/recovery-drill/v8.err
1428b0d195a9ee05c04cb46bc8a1f7ea7ab4ce16b6fe8505335be6464982fcdf  ??  artifacts/rust-tauri/R03/repair-current/G07-E01/verify-stage-r02-regression/A12/recovery-drill/v8.out
cb0c7677af2561ef6db2e54755b0ce947b91d6cbb50dcb152990f10873e3a00c  ??  artifacts/rust-tauri/R03/repair-current/G07-E01/verify-stage-r02-regression/A13/redaction-scan/inventory.txt
426b3137ec2d4a1fe80bbc23638533606a280b7c9ac4a8b142bf69b7ee4846fd  ??  artifacts/rust-tauri/R03/repair-current/G07-E01/verify-stage-r02-regression/A13/redaction-scan/p1-execute-ok.body
98304303c7808189fb904d07716598f0e8b5dbc09fb624ee5ff472a816ec5f36  ??  artifacts/rust-tauri/R03/repair-current/G07-E01/verify-stage-r02-regression/A13/redaction-scan/p1-execute-ok.headers
4e38ffcd373cb9faac3bd1881d675776a089520fc94d443b306bced20e040e27  ??  artifacts/rust-tauri/R03/repair-current/G07-E01/verify-stage-r02-regression/A13/redaction-scan/p1-execute-request.json
10fe9bd6cd2c820ec04adfcf1260f923a333a946558a8da42e71267312b88bd1  ??  artifacts/rust-tauri/R03/repair-current/G07-E01/verify-stage-r02-regression/A13/redaction-scan/p1-issue-credential.body
7e3c69dd8bf00508059abbf2e36e8280b48f9dc929302866a2a2dc0f4304447a  ??  artifacts/rust-tauri/R03/repair-current/G07-E01/verify-stage-r02-regression/A13/redaction-scan/p1-issue-credential.headers
e4f7d15ff214194f7c5c24e9a2d1c020776147eba88dd3ecea2e456a7c234da3  ??  artifacts/rust-tauri/R03/repair-current/G07-E01/verify-stage-r02-regression/A13/redaction-scan/p1-issue-request.json
7b3515bf28aefa9e985f611ef66e213c0704d32e622a5f53aad50b5180956696  ??  artifacts/rust-tauri/R03/repair-current/G07-E01/verify-stage-r02-regression/A13/redaction-scan/p1-me-ok.body
798f667061e32f398cd500ddce3c2d1806199bf36f6ed25d33f4b2f58759f28d  ??  artifacts/rust-tauri/R03/repair-current/G07-E01/verify-stage-r02-regression/A13/redaction-scan/p1-me-ok.headers
44136fa355b3678a1146ad16f7e8649e94fb4fc21fe77e8310c060f61caaff8a  ??  artifacts/rust-tauri/R03/repair-current/G07-E01/verify-stage-r02-regression/A13/redaction-scan/p1-ticket-request.json
91a917905fc1665055f7a954f84d892f3b8954bccda1bef68f51d048f2b91662  ??  artifacts/rust-tauri/R03/repair-current/G07-E01/verify-stage-r02-regression/A13/redaction-scan/p1-ticket.body
764b261ebe57033651e0d963a3e72556c75dbbbab1f7e8403066b0c8611712c4  ??  artifacts/rust-tauri/R03/repair-current/G07-E01/verify-stage-r02-regression/A13/redaction-scan/p1-ticket.headers
e1d8396c1ed0d2be165d3de396918bf975a575020a4687742b0eafb85a2c8ce5  ??  artifacts/rust-tauri/R03/repair-current/G07-E01/verify-stage-r02-regression/A13/redaction-scan/p2-me-bad-bearer.body
3b43d65514462b0859075351a380ddbbe97ddeee6b1ad85fe999b183d4d91ca1  ??  artifacts/rust-tauri/R03/repair-current/G07-E01/verify-stage-r02-regression/A13/redaction-scan/p2-me-bad-bearer.headers
4df8e0fe59b8527231a1e249313e86775d53e67b8f0bf1bd3734ad957f55f507  ??  artifacts/rust-tauri/R03/repair-current/G07-E01/verify-stage-r02-regression/A13/redaction-scan/p2-me-no-auth.body
cb355076d5cffe711c0959c24665a05929d9ce5343fa2481759489e081b28964  ??  artifacts/rust-tauri/R03/repair-current/G07-E01/verify-stage-r02-regression/A13/redaction-scan/p2-me-no-auth.headers
e11e53732fdd397aa004ff6d85f39604580fb22b95860137829dc87d0a4357d9  ??  artifacts/rust-tauri/R03/repair-current/G07-E01/verify-stage-r02-regression/A13/redaction-scan/p2-session-cross.body
e0630ee57b3170723ce675a2725d0a4a0a75d36435e7f9127b3f980c58a37aef  ??  artifacts/rust-tauri/R03/repair-current/G07-E01/verify-stage-r02-regression/A13/redaction-scan/p2-session-cross.headers
1bf99f55f9f41a586dcc7d3f889609c017ac0605a81a3c86849aee4685a7e688  ??  artifacts/rust-tauri/R03/repair-current/G07-E01/verify-stage-r02-regression/A13/redaction-scan/p2-session-missing.body
1d50e686f1dcbdcba3d0234ffbb4b1a54da3f7743645851a19220f46a2d68c8d  ??  artifacts/rust-tauri/R03/repair-current/G07-E01/verify-stage-r02-regression/A13/redaction-scan/p2-session-missing.headers
f0bdb253f6df3edb44c43bde108ffa8bd87dc04994051701a843cb2939eeec2c  ??  artifacts/rust-tauri/R03/repair-current/G07-E01/verify-stage-r02-regression/A13/redaction-scan/p2-ws-bad-query.body
cb355076d5cffe711c0959c24665a05929d9ce5343fa2481759489e081b28964  ??  artifacts/rust-tauri/R03/repair-current/G07-E01/verify-stage-r02-regression/A13/redaction-scan/p2-ws-bad-query.headers
bc5c798c8846facd87a34da03c3888687355cd3b64ccd008907c9fea00a535ae  ??  artifacts/rust-tauri/R03/repair-current/G07-E01/verify-stage-r02-regression/A13/redaction-scan/p2-ws-transcript.txt
95f04c65342e361b417e1c31233af56bdb2e41b7077086d4f56cc26a6c0d934f  ??  artifacts/rust-tauri/R03/repair-current/G07-E01/verify-stage-r02-regression/A13/redaction-scan/p3-burst-1.body
c3ef908d7e6f383f32f6f64e604372c8732056c64632b6348f074f8c2d0c2f31  ??  artifacts/rust-tauri/R03/repair-current/G07-E01/verify-stage-r02-regression/A13/redaction-scan/p3-burst-2.body
51c792da067e22ec89b6b705d8939d6277a86b416cc15f7443f960b37c046335  ??  artifacts/rust-tauri/R03/repair-current/G07-E01/verify-stage-r02-regression/A13/redaction-scan/p3-burst-3.body
adea151d4e53e4426d51c2ea8a3e0a97235abc598913458037d6790e963a684e  ??  artifacts/rust-tauri/R03/repair-current/G07-E01/verify-stage-r02-regression/A13/redaction-scan/p3-burst-4.body
bd96d17420e4b11e71d36569ae0bf7c978ecbcdf0a96416043da09edd37fbca6  ??  artifacts/rust-tauri/R03/repair-current/G07-E01/verify-stage-r02-regression/A13/redaction-scan/p3-burst-5.body
42bc461eef260726b33cdca6a4c69e2788df037e44108e5ae83cbc0e8e6a880a  ??  artifacts/rust-tauri/R03/repair-current/G07-E01/verify-stage-r02-regression/A13/redaction-scan/p3-burst-6.body
688691176d4997b0ab76abb666a62568b22b29c5b66c1c2b5529114c50bba8fc  ??  artifacts/rust-tauri/R03/repair-current/G07-E01/verify-stage-r02-regression/A13/redaction-scan/p3-burst-7.body
6e9fc7ae938c92c8e02e447f79441d9c9aac8a5c43c94d3e096ae97ac98b9857  ??  artifacts/rust-tauri/R03/repair-current/G07-E01/verify-stage-r02-regression/A13/redaction-scan/p3-burst-8.body
e89d50f95150fa2e9458cb0c5d045ab66124116f16d839c55b21a703190fe91d  ??  artifacts/rust-tauri/R03/repair-current/G07-E01/verify-stage-r02-regression/A13/redaction-scan/p3-execute-request.json
a6dda384cb29aa7824e844434387d697ea157716747505be3c3fab5d9f6ce2b3  ??  artifacts/rust-tauri/R03/repair-current/G07-E01/verify-stage-r02-regression/A13/redaction-scan/p3-status-codes.txt
c14bdf9a61271fb46240c54dc06a22112ee0a0d3e807af2f87027ca5c8cab6c3  ??  artifacts/rust-tauri/R03/repair-current/G07-E01/verify-stage-r02-regression/A13/redaction-scan/service-logs/retention-manifest.txt
6f029a15ba7fbbbbcf47e6504230271979626a154113c76240c38bf6f159e652  ??  artifacts/rust-tauri/R03/repair-current/G07-E01/verify-stage-r02-regression/A13/redaction-scan/service-p1.addr
6f86803e9bdc71756dd826dfa94b74dbb69515576aefc73e87ba9ca38948f2b9  ??  artifacts/rust-tauri/R03/repair-current/G07-E01/verify-stage-r02-regression/A13/redaction-scan/service-p1.err
acfd749f88cd18d1c7cae5d0ba4d61b7210ba0738d22fa6187325e433a52ffa4  ??  artifacts/rust-tauri/R03/repair-current/G07-E01/verify-stage-r02-regression/A13/redaction-scan/service-p1.out
03b740bc640392ad42f757fc7f3b16f2c33912244f3ae8167e8c776d02397cfa  ??  artifacts/rust-tauri/R03/repair-current/G07-E01/verify-stage-r02-regression/A13/redaction-scan/service-p3.addr
296f0309262b59cd9cdbba2e5b9955d815c4c14e08ea350b6c4b67adad2b5319  ??  artifacts/rust-tauri/R03/repair-current/G07-E01/verify-stage-r02-regression/A13/redaction-scan/service-p3.err
eb9c20717cee7529e3894ba02f1f9aaa2c56ac1b05203d37e6dc025a8385f529  ??  artifacts/rust-tauri/R03/repair-current/G07-E01/verify-stage-r02-regression/A13/redaction-scan/service-p3.out
75ca9dd17856296a3c5f5deae8b575a99731722d90e5bb35e86a8816f1e0dddc  ??  artifacts/rust-tauri/R03/repair-current/G07-E01/verify-stage-r02-regression/A13/redaction-scan/service-p4.err
e3b0c44298fc1c149afbf4c8996fb92427ae41e4649b934ca495991b7852b855  ??  artifacts/rust-tauri/R03/repair-current/G07-E01/verify-stage-r02-regression/A13/redaction-scan/service-p4.out
4fa851a3f6864812a8178fb085c76bb07fcf8a8777eb756222448d0db675c2c7  ??  artifacts/rust-tauri/R03/repair-current/G07-E01/verify-stage-r02-regression/A13/redaction-scan/summary.txt
2b1ddd0decd81a075168de744506d74fd1e27da011c952a8b203ee12e141506e  ??  artifacts/rust-tauri/R03/repair-current/G07-E01/verify-stage-r02-regression/A14/slow-subscriber/detach-lines.txt
d05283e069cfaf5cb9a7ff0999f1bb840ed435bd92456b6bf9d0901dab9dd54a  ??  artifacts/rust-tauri/R03/repair-current/G07-E01/verify-stage-r02-regression/A14/slow-subscriber/rss-samples.csv
d86f85a5d1b1f2ea0a12e3a4a1288f6bd95723d82ffec274eee47f4f186e0398  ??  artifacts/rust-tauri/R03/repair-current/G07-E01/verify-stage-r02-regression/A14/slow-subscriber/service.err
23915eba2641e7780a6dd3fa1c85ec3adaadbab341e58f15b132ea11a296e660  ??  artifacts/rust-tauri/R03/repair-current/G07-E01/verify-stage-r02-regression/A14/slow-subscriber/service.out
3d4f429df8df1eefaf245a5a4499b71c0e3e1d19e2bfb2ea5289589af632c1dd  ??  artifacts/rust-tauri/R03/repair-current/G07-E01/verify-stage-r02-regression/A14/slow-subscriber/storm-results.json
bde9a921cb212ad453fd1a9dafebc8326a78720c20e6193c279b5c0bcaa7c467  ??  artifacts/rust-tauri/R03/repair-current/G07-E01/verify-stage-r02-regression/A14/slow-subscriber/summary.txt
fcb372fb07217448923cb33fff1efc79f1dcda9280e7f7c68bc3a8a686303c3f  ??  artifacts/rust-tauri/R03/repair-current/G07-E01/verify-stage-r02-regression/A15/full-chain/pre-restart-head.json
e3b0c44298fc1c149afbf4c8996fb92427ae41e4649b934ca495991b7852b855  ??  artifacts/rust-tauri/R03/repair-current/G07-E01/verify-stage-r02-regression/A15/full-chain/probe1.err
7659c2903cd8719759bcf9a592c976c4a6f6dc8080214be2d6b6212aae965509  ??  artifacts/rust-tauri/R03/repair-current/G07-E01/verify-stage-r02-regression/A15/full-chain/probe1.pass-lines
e3b0c44298fc1c149afbf4c8996fb92427ae41e4649b934ca495991b7852b855  ??  artifacts/rust-tauri/R03/repair-current/G07-E01/verify-stage-r02-regression/A15/full-chain/probe2.err
28a411dc95be7e6596d2954fdbecf8eb034d9f8dc1248ab1d111c07c1c218b89  ??  artifacts/rust-tauri/R03/repair-current/G07-E01/verify-stage-r02-regression/A15/full-chain/probe2.pass-lines
c0d30eef35dda0e0634c9ff45fd7e36b0248c34b0f60590993fa8b4d5ca0763a  ??  artifacts/rust-tauri/R03/repair-current/G07-E01/verify-stage-r02-regression/A15/full-chain/service1.err
69c78cf74956fad8b837b0a1d7d23c883dd61e96cc66d01e6d152aa5ba92e97a  ??  artifacts/rust-tauri/R03/repair-current/G07-E01/verify-stage-r02-regression/A15/full-chain/service1.out
efb9da9246ce5b64cf9526ee70acca54363a55e3c8d106bcb551df09a8e186cc  ??  artifacts/rust-tauri/R03/repair-current/G07-E01/verify-stage-r02-regression/A15/full-chain/service2.err
b0a3463d4da1b86d6841a0034382632d21d2fc9052b26bccb0a64214189abf72  ??  artifacts/rust-tauri/R03/repair-current/G07-E01/verify-stage-r02-regression/A15/full-chain/service2.out
62ac5baf4f7daef13537341eee14bf2b1407f56023ce9a74c6fe86e32c3e79ef  ??  artifacts/rust-tauri/R03/repair-current/G07-E01/verify-stage-r02-regression/A15/full-chain/summary.txt
e74e2c43c25655fae56a802529d230cd89a03098bf71e488eb1483c3b0f92982  ??  artifacts/rust-tauri/R03/repair-current/G07-E01/verify-stage-r03.exit-code.txt
f5b0981175fe9bd307c7bb4e8dcb8490cfa58585d62d9c3e2f7eb03e4e875e54  ??  artifacts/rust-tauri/R03/repair-current/G07-E01/verify-stage-r03/A15/cases/background-run-completes-decoupled.json
fda5f46e011354371ff149d97818d48d3b78dca205e17e8a7b39dba1cb4013e6  ??  artifacts/rust-tauri/R03/repair-current/G07-E01/verify-stage-r03/A15/cases/background-survives-unrelated-cancel.json
92eebd1162583e5ed42a8e61a80b5c84e94753ed6562c35c930ebb65f6e23f01  ??  artifacts/rust-tauri/R03/repair-current/G07-E01/verify-stage-r03/A15/cases/cancel-live-run-accepted-terminal-cancelled.json
edc380e78d3b8f95b51f12c2bbfcb702760327da3f20bd6c9f456b5c7e0934de  ??  artifacts/rust-tauri/R03/repair-current/G07-E01/verify-stage-r03/A15/cases/cancel-terminal-run-already-terminal.json
e320e539d701e4f285fcff1a42629b28016fa5f103e77fccb5c1ddf921155742  ??  artifacts/rust-tauri/R03/repair-current/G07-E01/verify-stage-r03/A15/cases/cancel-unknown-run-not-found.json
a513a19cd5ca9bc857d2e01c9be7ec61e3e5677e7d1948db618b31fb7aba127a  ??  artifacts/rust-tauri/R03/repair-current/G07-E01/verify-stage-r03/A15/cases/cancel-waiting-approval-cancels-cleanly.json
602b436fbd1f0de778ca086853030197fe28a3fde1a5f694ebea64e4f8779c8a  ??  artifacts/rust-tauri/R03/repair-current/G07-E01/verify-stage-r03/A15/cases/combo-cancel-stream-terminal-cancelled.json
b24ff9cdbb08092492dd68815bdf3c4a6f38c8e2a42cd79c30abbfcacdfef745  ??  artifacts/rust-tauri/R03/repair-current/G07-E01/verify-stage-r03/A15/cases/combo-crash-recovery-honest-interrupted.json
d9e8dea9429b0f0c9fc86be7f31dcd96b4b227e1174dcdea6d1f00b177ec2987  ??  artifacts/rust-tauri/R03/repair-current/G07-E01/verify-stage-r03/A15/cases/combo-cross-session-both-complete.json
106bebd1aa293f120bb83f22b33de1e19ae817a4963587e2ee17be8731293349  ??  artifacts/rust-tauri/R03/repair-current/G07-E01/verify-stage-r03/A15/cases/combo-duplicate-conflict-rejected.json
eafb37ffcb4d76d45d58a64d80d9ef413064c1f979d64ba1cc2e609d147963fc  ??  artifacts/rust-tauri/R03/repair-current/G07-E01/verify-stage-r03/A15/cases/combo-duplicate-replay-no-second-run.json
346e6cb6ae16f125e4bbfdbf24d2bbcf63c92fa9642b2676fa06a78bfa1e8fdb  ??  artifacts/rust-tauri/R03/repair-current/G07-E01/verify-stage-r03/A15/cases/combo-events-subscriber-saw-terminal.json
97a0c8f8404d1c042f8f7efd240d5d5f5446103b21bcccf9c5c90461b6082043  ??  artifacts/rust-tauri/R03/repair-current/G07-E01/verify-stage-r03/A15/cases/combo-multi-tool-three-calls.json
aa936466e694a90f4087b7ae928f7c9b96ae1450073774fcb29d177dfa59c7b6  ??  artifacts/rust-tauri/R03/repair-current/G07-E01/verify-stage-r03/A15/cases/combo-multi-turn-one-terminal.json
f7bdd9e301d37d6a062e13225cfc84d7e96c1f88cd75d34e300ab00dd0fad0a0  ??  artifacts/rust-tauri/R03/repair-current/G07-E01/verify-stage-r03/A15/cases/combo-normal-run-completed.json
51d8bd26cb2f29bee74097b5ef9a36e3389a56a1c7127e86fa36d75a8106659e  ??  artifacts/rust-tauri/R03/repair-current/G07-E01/verify-stage-r03/A15/cases/combo-out-of-order-late-result-fenced.json
e18f1fcb5cc4af47da6184707fb88e0c0ed656f1fafffe8020a3001c9826c931  ??  artifacts/rust-tauri/R03/repair-current/G07-E01/verify-stage-r03/A15/cases/combo-timeout-budget-loud-failure.json
ccbc0f5c630f404851ca1c561fd5c73421ba9b217ceeff29973b263f05e30888  ??  artifacts/rust-tauri/R03/repair-current/G07-E01/verify-stage-r03/A15/cases/parent-cancel-stops-child-run.json
d72d7e1151ea38a4eeb9ad435aa66dc376039e41ff714f9f550e1f2c8934585a  ??  artifacts/rust-tauri/R03/repair-current/G07-E01/verify-stage-r03/A15/cases/reconnect-resume-no-model-restart.json
5d89ed42d309bfcfd13956b901f209eb432200e88c2ae1eea74d6eaffe625b2a  ??  artifacts/rust-tauri/R03/repair-current/G07-E01/verify-stage-r03/A15/cases/steer-busy-accepted.json
360ccd0c00f5114974f5f2967860d1c339a2e2baa808a2f5dca49f334fe0d386  ??  artifacts/rust-tauri/R03/repair-current/G07-E01/verify-stage-r03/A15/cases/steer-idle-miss.json
d00e58227225a313e612b18019d7f95a07382b0426ab7fbeb39bc4b05b740cc5  ??  artifacts/rust-tauri/R03/repair-current/G07-E01/verify-stage-r03/A15/cases/steer-text-drained-into-model-input.json
1d91fbec57470aebfedf338d49c5109fdd0216e02d720737ed53335eb06ae4c8  ??  artifacts/rust-tauri/R03/repair-current/G07-E01/verify-stage-r03/A15/cases/subagent-child-cancel-stops-child-only.json
25c6b5b26b72b0a4408db94f4f0e40b77faa84d32ccfeaffaf04e29fb20c07c9  ??  artifacts/rust-tauri/R03/repair-current/G07-E01/verify-stage-r03/A15/cases/subagent-close-thread-closed-status.json
c8d7de61de38e7dfa38ea3376602da5c50882e6d6238c3a1ff61b6ac7df04418  ??  artifacts/rust-tauri/R03/repair-current/G07-E01/verify-stage-r03/A15/cases/subagent-dispatch-child-lineage-recorded.json
dce5bbb9b54961ee64c8634f90f4f2600975918f6a2590b57b7b28dd425016bd  ??  artifacts/rust-tauri/R03/repair-current/G07-E01/verify-stage-r03/A15/cases/subagent-escalation-write-denied-zero-children.json
dcd19d358a8a5e560042eee304f1f5460d1c79ba1a64d611fb1007b830562010  ??  artifacts/rust-tauri/R03/repair-current/G07-E01/verify-stage-r03/A15/cases/subagent-policy-proactive-delegation-default-off.json
ffef3903ae224f661b415622ed9c76da5e265c01a9c15b867f429c1f6d10ef15  ??  artifacts/rust-tauri/R03/repair-current/G07-E01/verify-stage-r03/A15/cases/subagent-reply-continues-thread.json
d097c60f1416e1febc17bd0959b1c9252ca9be86b6a1e982d42d9240a38b107e  ??  artifacts/rust-tauri/R03/repair-current/G07-E01/verify-stage-r03/A15/combo-counts.json
4c56fd82542a56017ef5e59d3b0c9752ede52032f31f31c24c2de458153ad296  ??  artifacts/rust-tauri/R03/repair-current/G07-E01/verify-stage-r03/A15/combos/cancel-approval-wait.json
f861ce9b1dbe64f781134bae916b9c8f2503f4ad8572e98bfc18d180a4e35e33  ??  artifacts/rust-tauri/R03/repair-current/G07-E01/verify-stage-r03/A15/combos/cancel-stream-read.json
76b74d822e65d068718af971eb29865cc4891a50d128a35b0bc955cc3b6b65a2  ??  artifacts/rust-tauri/R03/repair-current/G07-E01/verify-stage-r03/A15/combos/crash-recovery.json
ef5545b54a472c39f9b09d995f9ba2e3671618a56d4de3eb7fe4fad24d81f22b  ??  artifacts/rust-tauri/R03/repair-current/G07-E01/verify-stage-r03/A15/combos/cross-session-parallel.json
7f7fd9a6f050ba6811d5b1d7313d11473f92089a4ec0fd2335779e99b59cdaa1  ??  artifacts/rust-tauri/R03/repair-current/G07-E01/verify-stage-r03/A15/combos/duplicate-submission.json
fc9b468ae0f2bd2cfff1a3ead3ba02756e59e73dc0c0a0ebb5142456d1ae38a8  ??  artifacts/rust-tauri/R03/repair-current/G07-E01/verify-stage-r03/A15/combos/leaf-parent-cancel.json
a59635405b3569b1c0c950cb282ecf3749923b36c6b1b5e4d3d21fc3f4458102  ??  artifacts/rust-tauri/R03/repair-current/G07-E01/verify-stage-r03/A15/combos/leaf-steer.json
fd60e4ca043c4073ddf838b3f0fe918436ede45ff7765efc8f1cad42821186f4  ??  artifacts/rust-tauri/R03/repair-current/G07-E01/verify-stage-r03/A15/combos/multi-tool.json
075cad25ce0207f3b49138b8d415d0db78da1005207b2f64d282b478bffa44ae  ??  artifacts/rust-tauri/R03/repair-current/G07-E01/verify-stage-r03/A15/combos/multi-turn-model.json
f94832aef81d68346dd1b25b1ad7312d6bc141a69a616a218b640aa170fbebcb  ??  artifacts/rust-tauri/R03/repair-current/G07-E01/verify-stage-r03/A15/combos/normal.json
44f5b48c4f288ee214f7053e16857997f1fb66a6be241466141301a16c6872e7  ??  artifacts/rust-tauri/R03/repair-current/G07-E01/verify-stage-r03/A15/combos/timeout-budget.json
505ecfbac3942739846be3a188cabea9d26c9641628253767c5457bdff2ab44f  ??  artifacts/rust-tauri/R03/repair-current/G07-E01/verify-stage-r03/A15/leaf-cases.json
bdaad3ebf5ff0689f1652a4b7c24716f5b0138db8876d8941ceb6bbe390650fa  ??  artifacts/rust-tauri/R03/repair-current/G07-E01/verify-stage-r03/A15/summary.txt
9a652a14c5a43c20164935bd4963aa32c2a32445a13a91c504c563352517c3b7  ??  artifacts/rust-tauri/R03/repair-current/G07-E01/verify-stage-r03/A16/captured-seed.txt
9a652a14c5a43c20164935bd4963aa32c2a32445a13a91c504c563352517c3b7  ??  artifacts/rust-tauri/R03/repair-current/G07-E01/verify-stage-r03/A16/p2-captured-seed-attempt-0.txt
9a652a14c5a43c20164935bd4963aa32c2a32445a13a91c504c563352517c3b7  ??  artifacts/rust-tauri/R03/repair-current/G07-E01/verify-stage-r03/A16/p3-replay-1-seed.txt
9a652a14c5a43c20164935bd4963aa32c2a32445a13a91c504c563352517c3b7  ??  artifacts/rust-tauri/R03/repair-current/G07-E01/verify-stage-r03/A16/p3-replay-2-seed.txt
3fd4aaf96fe0793daf71f6aa3f52fa6c74856c7ddd31d414962724cf4df651d5  ??  artifacts/rust-tauri/R03/repair-current/G07-E01/verify-stage-r03/A16/seed-mechanism.json
7d823ecd2fe778be4bc9ccdeaa060189bb8c8a9e8bd9737f51cb16fbd9b11f68  ??  artifacts/rust-tauri/R03/repair-current/G07-E01/verify-stage-r03/A16/summary.txt
a78e649733d4fea6a4eed258f2828044be4f87cbe15d6e4cd56aa13bbdf42064  ??  artifacts/rust-tauri/R03/repair-current/G07-E01/verify-stage-r03/G07_REPAIR/cases.jsonl
e3b0c44298fc1c149afbf4c8996fb92427ae41e4649b934ca495991b7852b855  ??  artifacts/rust-tauri/R03/repair-current/G07-E01/verify-stage-r03/G07_REPAIR/gaps.txt
fb01ac619921de38fc8b3f4b03acf1679ef1970aa72ad9b11894254d77ec1319  ??  artifacts/rust-tauri/R03/repair-current/G07-E01/verify-stage-r03/G07_REPAIR/repair-cases.json
adebf94adf1305de41508726eebe386e4abf2994f31973f70d0a4580d7372cc6  ??  artifacts/rust-tauri/R03/repair-current/G07-E01/verify-stage-r03/G07_REPAIR/summary.txt
a1d153bd134388d8b95b8c51ef521397a93e9a11258abc35e380246e5cafafeb  ??  artifacts/rust-tauri/R03/repair-current/G07-E01/verify-stage-r03/R02/A05_A06/.last-body
1319bbe558a1a9043433da92529bc8c24d2b6fbcabc962836a938e946e273399  ??  artifacts/rust-tauri/R03/repair-current/G07-E01/verify-stage-r03/R02/A05_A06/body-limit.txt
c0c19dff508a998f0c6e1fbf2643c2d78647cd6495bc53c57d2566877a3abc0b  ??  artifacts/rust-tauri/R03/repair-current/G07-E01/verify-stage-r03/R02/A05_A06/cli-sessions-limit-case.json
caac9dc66dc5e6611a036853499af0739784ee851d6886f512834acc6abf0542  ??  artifacts/rust-tauri/R03/repair-current/G07-E01/verify-stage-r03/R02/A05_A06/creds-after-authz.json
bec27ec87d260e5a59858fbd29c1339be3da80f0824de549c76f2c5af0a84cce  ??  artifacts/rust-tauri/R03/repair-current/G07-E01/verify-stage-r03/R02/A05_A06/creds-before-authz.json
2eaef16c50e24eb952906ebde6be9334cb391142b205bc2b828304e6f6f1fd3c  ??  artifacts/rust-tauri/R03/repair-current/G07-E01/verify-stage-r03/R02/A05_A06/devices-after-authz.json
61f4e1fa67a81274987e30a740b04009e9fac39d090910fedd54d01975fe9625  ??  artifacts/rust-tauri/R03/repair-current/G07-E01/verify-stage-r03/R02/A05_A06/devices-before-authz.json
f973a7a55989f4c77b159a37383a34fe0bb7526eb660e8a01ae2c3685305ca2f  ??  artifacts/rust-tauri/R03/repair-current/G07-E01/verify-stage-r03/R02/A05_A06/leaf-cases.json
1d2a14f6b6e5ff08d91f6f7cfca54e0725cc0b60c6318b706fe12471a36f3605  ??  artifacts/rust-tauri/R03/repair-current/G07-E01/verify-stage-r03/R02/A05_A06/leaf-cases.ndjson
9c90920b08ac582795bca5854a21e3785c228f7144cefb9d9e111dfbed71a60d  ??  artifacts/rust-tauri/R03/repair-current/G07-E01/verify-stage-r03/R02/A05_A06/me-denied-after.sha256
9c90920b08ac582795bca5854a21e3785c228f7144cefb9d9e111dfbed71a60d  ??  artifacts/rust-tauri/R03/repair-current/G07-E01/verify-stage-r03/R02/A05_A06/me-denied-before.sha256
9901fa4939e8c0683cc392787126273c429530490fdebe18e68d1ad0c6fc2459  ??  artifacts/rust-tauri/R03/repair-current/G07-E01/verify-stage-r03/R02/A05_A06/sessions-list-matrix.json
021c3dd71f63d8968930e87297a43fc520ba0a493e501852e3221af0fffac1d4  ??  artifacts/rust-tauri/R03/repair-current/G07-E01/verify-stage-r03/R02/A05_A06/state-after-authn.txt
73bbb958af58c7cdd5d1e5bf6aaebfb0f9bb230c60f75fc0f13c411ca6335186  ??  artifacts/rust-tauri/R03/repair-current/G07-E01/verify-stage-r03/R02/A05_A06/state-after.txt
021c3dd71f63d8968930e87297a43fc520ba0a493e501852e3221af0fffac1d4  ??  artifacts/rust-tauri/R03/repair-current/G07-E01/verify-stage-r03/R02/A05_A06/state-before-authz.txt
021c3dd71f63d8968930e87297a43fc520ba0a493e501852e3221af0fffac1d4  ??  artifacts/rust-tauri/R03/repair-current/G07-E01/verify-stage-r03/R02/A05_A06/state-before.txt
f0335bc57b949e7c6493e8a8ad6b12ebfec90c153c0da5a05db3a59573a5c976  ??  artifacts/rust-tauri/R03/repair-current/G07-E01/verify-stage-r03/R02/A05_A06/summary.txt
086e508ee12775836ffdd3f330e6ff80ee89d2b347020d2059b9983a99f7c39f  ??  artifacts/rust-tauri/R03/repair-current/G07-E01/verify-stage-r03/R02/A05_A06/ws-matrix.json
f98ffdd693ae704885803613d71343fbd7e49379f709859136ee001a998e66d6  ??  artifacts/rust-tauri/R03/repair-current/G07-E01/verify-stage-r03/R02/A07_A08/last-db-hashes.txt
e613a984930f45c73fa5aa79af6955b0ac56faa30868e1da85d84a96a180eee3  ??  artifacts/rust-tauri/R03/repair-current/G07-E01/verify-stage-r03/R02/A07_A08/s1-counts-after-stop.json
6e11d3157e36f2f24de72943cc5df97aec8475c1e95a29c6fed9cc451e41da10  ??  artifacts/rust-tauri/R03/repair-current/G07-E01/verify-stage-r03/R02/A07_A08/s2-counts-after-crash.json
44dfcd600781c6cb6c27ccf7c421836dd14773477a77a384cb5a3373192ce5bb  ??  artifacts/rust-tauri/R03/repair-current/G07-E01/verify-stage-r03/R02/A07_A08/s2-runs-dump.jsonl
7965d7fd261e7f369d2f2b1bfe266803083e670cba60155a01e9ef13bbf0fc69  ??  artifacts/rust-tauri/R03/repair-current/G07-E01/verify-stage-r03/R02/A07_A08/s3-fault.err
e3b0c44298fc1c149afbf4c8996fb92427ae41e4649b934ca495991b7852b855  ??  artifacts/rust-tauri/R03/repair-current/G07-E01/verify-stage-r03/R02/A07_A08/s3-fault.out
41e82a6306961effdc89a551804417b5efac9b550e8071f1ec2ca848e956f015  ??  artifacts/rust-tauri/R03/repair-current/G07-E01/verify-stage-r03/R02/A07_A08/s4-hashes-after.txt
41e82a6306961effdc89a551804417b5efac9b550e8071f1ec2ca848e956f015  ??  artifacts/rust-tauri/R03/repair-current/G07-E01/verify-stage-r03/R02/A07_A08/s4-hashes-before.txt
c2a54522741dcf3da7a772fd1f3b1b185bf50de3ecddbdb9b72dff4fd809c8ee  ??  artifacts/rust-tauri/R03/repair-current/G07-E01/verify-stage-r03/R02/A07_A08/s4-migrations-round1.json
c2a54522741dcf3da7a772fd1f3b1b185bf50de3ecddbdb9b72dff4fd809c8ee  ??  artifacts/rust-tauri/R03/repair-current/G07-E01/verify-stage-r03/R02/A07_A08/s4-migrations-round2.json
c2a54522741dcf3da7a772fd1f3b1b185bf50de3ecddbdb9b72dff4fd809c8ee  ??  artifacts/rust-tauri/R03/repair-current/G07-E01/verify-stage-r03/R02/A07_A08/s4-migrations-round3.json
0c7983c6323bbf825185ada55a098f2949ddd8236c7e9c9c6d37e640bf2e54f8  ??  artifacts/rust-tauri/R03/repair-current/G07-E01/verify-stage-r03/R02/A07_A08/service-s1.err
492adf21e34d5541a447785d4bdb169cd6782a090339410b5edbc89e85040366  ??  artifacts/rust-tauri/R03/repair-current/G07-E01/verify-stage-r03/R02/A07_A08/service-s1.out
b1a1aad93a5350a08395daba42be85708545b5ce8175b25f6e4e2f0364312e7d  ??  artifacts/rust-tauri/R03/repair-current/G07-E01/verify-stage-r03/R02/A07_A08/service-s1b.err
3285aa468cf37375bd45d14f4c5d820ece3d89ab7478b2bc460b3345a5c407b2  ??  artifacts/rust-tauri/R03/repair-current/G07-E01/verify-stage-r03/R02/A07_A08/service-s1b.out
8179c3f829600cd5234d76997192145ce75ea9fba208cf1e70fea8c951cb9183  ??  artifacts/rust-tauri/R03/repair-current/G07-E01/verify-stage-r03/R02/A07_A08/service-s2.err
b6dc38e52f99be972e77daf9aaecfd9f0efa63457555c341df307dd1e009866b  ??  artifacts/rust-tauri/R03/repair-current/G07-E01/verify-stage-r03/R02/A07_A08/service-s2.out
e6056e69d34844d318025822fad13ec13479b51ad697ddeb65ebe84b27e7913c  ??  artifacts/rust-tauri/R03/repair-current/G07-E01/verify-stage-r03/R02/A07_A08/service-s2b.err
766ce7e90041867e32b083a6107bbd7309bb9e314aff683d38731d467d6e195c  ??  artifacts/rust-tauri/R03/repair-current/G07-E01/verify-stage-r03/R02/A07_A08/service-s2b.out
31ffbb77f3af6f9a297ca812fac71b32fed255f75fa5c9cda9facb1ec9ebe66a  ??  artifacts/rust-tauri/R03/repair-current/G07-E01/verify-stage-r03/R02/A07_A08/service-s4-1.err
984a22e8cfb8d482c3c5fa7cf93c57f2100198442a0dd0d4b4b4b394caaef8c0  ??  artifacts/rust-tauri/R03/repair-current/G07-E01/verify-stage-r03/R02/A07_A08/service-s4-1.out
dce26662554e03956b2488e64a912c9c6f1abeb0b2d64ca336d5b0bca8fb30aa  ??  artifacts/rust-tauri/R03/repair-current/G07-E01/verify-stage-r03/R02/A07_A08/service-s4-2.err
37dccddc61e8dd2d707b1cddbac240c296c934b0d191d753c1de5a2d3022ff83  ??  artifacts/rust-tauri/R03/repair-current/G07-E01/verify-stage-r03/R02/A07_A08/service-s4-2.out
6621bc83476a9f0cefe34515894c1dc7099ad2765036aafe28e92ea31920b76b  ??  artifacts/rust-tauri/R03/repair-current/G07-E01/verify-stage-r03/R02/A07_A08/service-s4-3.err
2cedcce7026a22f0b3988bf1c3048b00ef809d882fcb8baecae0d5df71caadb1  ??  artifacts/rust-tauri/R03/repair-current/G07-E01/verify-stage-r03/R02/A07_A08/service-s4-3.out
21f73f26b0276cd256e41cefdb4300bc933638db5a3f8c576dffca40fe813163  ??  artifacts/rust-tauri/R03/repair-current/G07-E01/verify-stage-r03/R02/A07_A08/service.addr
7885cdb789dc030ebd3dc7ad0698cc2d3bfe0193846c5db1b85805b4ec8d9993  ??  artifacts/rust-tauri/R03/repair-current/G07-E01/verify-stage-r03/R02/A07_A08/service.pid
ef0c69072110e13bcf354619c10a98d842e8e82779465f9daa468de30a268a6b  ??  artifacts/rust-tauri/R03/repair-current/G07-E01/verify-stage-r03/R02/A07_A08/summary.txt
8179c8e4ef752170a0695cb544b448dc40bb9dd8365470d4363cb1a6a30d195c  ??  artifacts/rust-tauri/R03/repair-current/G07-E01/verify-stage-r03/R02/A09_A10/a09-merged-view.json
11e810c3f31031c984354d7721b633d6c98132b4871b32562ae0e428d6ebfc70  ??  artifacts/rust-tauri/R03/repair-current/G07-E01/verify-stage-r03/R02/A09_A10/a10-rebuild-diff.json
324e4068d145e2267b9266d4600b1bdd72bfaddcef453ddb705dd1283514abad  ??  artifacts/rust-tauri/R03/repair-current/G07-E01/verify-stage-r03/R02/A09_A10/key-events-dump.json
aa927b8fd9f6e2484c2f5d23493e0723af15c9c233106e7bef008e4ed6509509  ??  artifacts/rust-tauri/R03/repair-current/G07-E01/verify-stage-r03/R02/A09_A10/matrix.json
6de8cab94001bba75d7c572ded7855b2ef0375f15f5cfd195d83e0296d6e09db  ??  artifacts/rust-tauri/R03/repair-current/G07-E01/verify-stage-r03/R02/A09_A10/probe-matrix.jsonl
2985a44db0d916b5482394f0e56f077473dcc84738bad59329b21556083e38a6  ??  artifacts/rust-tauri/R03/repair-current/G07-E01/verify-stage-r03/R02/A09_A10/service.err
87fba1b36541f1a79437c5e3492df784d4f96e11da6ae8c918584886892d71b0  ??  artifacts/rust-tauri/R03/repair-current/G07-E01/verify-stage-r03/R02/A09_A10/service.out
dfeb48e5bcb7cf6566f6f6b377851712605ecf38a30c66222bdc1a413fe70cdc  ??  artifacts/rust-tauri/R03/repair-current/G07-E01/verify-stage-r03/R02/A09_A10/summary.txt
dd63f79ce1a39fdef735dbb9eb292c3f8a45db77c2513d3cc7379e5dbe13749e  ??  artifacts/rust-tauri/R03/repair-current/G07-E01/verify-stage-r03/R02/A11/backup-restore/s1-backup-dir-listing.txt
b9c026e8664bf3712972f9fb7750ff78e9b740216ef062c526f85f30b54b6ad8  ??  artifacts/rust-tauri/R03/repair-current/G07-E01/verify-stage-r03/R02/A11/backup-restore/s1-backup-outcome.json
e3b0c44298fc1c149afbf4c8996fb92427ae41e4649b934ca495991b7852b855  ??  artifacts/rust-tauri/R03/repair-current/G07-E01/verify-stage-r03/R02/A11/backup-restore/s1-backup.err
179585b416eafe7cc5cedff3b6e6d059e6e4528a6a91d7a44011452b054441a1  ??  artifacts/rust-tauri/R03/repair-current/G07-E01/verify-stage-r03/R02/A11/backup-restore/s1-restore-outcome.json
e3b0c44298fc1c149afbf4c8996fb92427ae41e4649b934ca495991b7852b855  ??  artifacts/rust-tauri/R03/repair-current/G07-E01/verify-stage-r03/R02/A11/backup-restore/s1-restore.err
b31e54cdb52c773e025c12b5935cc2d0f938d20b46862e5981e7b75b372d669e  ??  artifacts/rust-tauri/R03/repair-current/G07-E01/verify-stage-r03/R02/A11/backup-restore/s1-restored-dump.jsonl
b795c5dceaed9503d9764358c0c5bddd2ee5f319b067f28fe866db6b5ba4ec81  ??  artifacts/rust-tauri/R03/repair-current/G07-E01/verify-stage-r03/R02/A11/backup-restore/s1-restored-hash.txt
b31e54cdb52c773e025c12b5935cc2d0f938d20b46862e5981e7b75b372d669e  ??  artifacts/rust-tauri/R03/repair-current/G07-E01/verify-stage-r03/R02/A11/backup-restore/s1-source-dump.jsonl
a24e55d20b2ab156807e79a9d885205c02859953411824c60608b81e4e2ad169  ??  artifacts/rust-tauri/R03/repair-current/G07-E01/verify-stage-r03/R02/A11/backup-restore/s1-source-hash.txt
951e1f2cedf4a978898a4f9e620777561b8381ece9faf4223f8594a201f47f74  ??  artifacts/rust-tauri/R03/repair-current/G07-E01/verify-stage-r03/R02/A11/backup-restore/s1-wal-size.txt
e3b0c44298fc1c149afbf4c8996fb92427ae41e4649b934ca495991b7852b855  ??  artifacts/rust-tauri/R03/repair-current/G07-E01/verify-stage-r03/R02/A11/backup-restore/s3-backup-out.json
264c0bd8398e19af071a9b9b452c521c93ebd841d2644dcf0f75056959cef96c  ??  artifacts/rust-tauri/R03/repair-current/G07-E01/verify-stage-r03/R02/A11/backup-restore/s3-backup.err
9b33c4d50a9f7a0434980244454a85ce4288c7323241cf9ff22c50e6b8f8dd85  ??  artifacts/rust-tauri/R03/repair-current/G07-E01/verify-stage-r03/R02/A11/backup-restore/s4-ws-probe.json
a4c3ed04a95a3da14a9d235c83d868bed7c0f45cf7f3faa751ee8f50598d2211  ??  artifacts/rust-tauri/R03/repair-current/G07-E01/verify-stage-r03/R02/A11/backup-restore/s4-ws-probe.json.probe-done
3fd1b75a5dccb0111c400c52c854c6e396cd413d8148d5b3d4a7505bd8757de5  ??  artifacts/rust-tauri/R03/repair-current/G07-E01/verify-stage-r03/R02/A11/backup-restore/service-s1.addr
2342387c60750836f6302535df2c948fbdaf4af94dc202a8860db5d4e64df93a  ??  artifacts/rust-tauri/R03/repair-current/G07-E01/verify-stage-r03/R02/A11/backup-restore/service-s1.err
45bd5cd474226b5275fe162d9cdb6b24432fff2eb1fc8a1bcdd054c5cf6e3001  ??  artifacts/rust-tauri/R03/repair-current/G07-E01/verify-stage-r03/R02/A11/backup-restore/service-s1.out
e6aa890b5a236d0433655097d62c00ffea3b6dc1ed7ccf2c026498abb7a57ae5  ??  artifacts/rust-tauri/R03/repair-current/G07-E01/verify-stage-r03/R02/A11/backup-restore/service-s2.addr
8bb7a279a52aff037107608d51219441de19ea5c03b4dbbad4b72adafe1f22b4  ??  artifacts/rust-tauri/R03/repair-current/G07-E01/verify-stage-r03/R02/A11/backup-restore/service-s2.err
20eba29091591ddb70c236b4170b88c897734d03062f1bd62803db1ffa0bafe6  ??  artifacts/rust-tauri/R03/repair-current/G07-E01/verify-stage-r03/R02/A11/backup-restore/service-s2.out
0a781762e055b3f6031e35334e0dc5c744d089d113759b1fefe3250ac6dc709f  ??  artifacts/rust-tauri/R03/repair-current/G07-E01/verify-stage-r03/R02/A11/backup-restore/service-s4.addr
f8cd8b3b2a8a1a69061af262ef9e298f895bd845d75ec34da4216bed8599559d  ??  artifacts/rust-tauri/R03/repair-current/G07-E01/verify-stage-r03/R02/A11/backup-restore/service-s4.err
59be9d0a3878908ab3dd0e3f2e51c88946b6714945bc58fa2883ce5e263e976b  ??  artifacts/rust-tauri/R03/repair-current/G07-E01/verify-stage-r03/R02/A11/backup-restore/service-s4.out
1246b6c317f559405fca812c24b80518ee8aa71423f2313e532266980fb8e823  ??  artifacts/rust-tauri/R03/repair-current/G07-E01/verify-stage-r03/R02/A11/backup-restore/service.pid
668ed90314dae2acbb6362721a735ad323dcedd827e5ccc35d22848e6361a2f5  ??  artifacts/rust-tauri/R03/repair-current/G07-E01/verify-stage-r03/R02/A11/backup-restore/summary.txt
fd5311dd44cadb436df6b81c74f0bdf6ae999e7a85d56cd8d50080e9e5a44e35  ??  artifacts/rust-tauri/R03/repair-current/G07-E01/verify-stage-r03/R02/A12/recovery-drill/coexist-after.txt
fd5311dd44cadb436df6b81c74f0bdf6ae999e7a85d56cd8d50080e9e5a44e35  ??  artifacts/rust-tauri/R03/repair-current/G07-E01/verify-stage-r03/R02/A12/recovery-drill/coexist-before.txt
e211a07b6c3c495b8bc37090c079adbf329a209d2fd9ddbfb4f602ea3918a0ff  ??  artifacts/rust-tauri/R03/repair-current/G07-E01/verify-stage-r03/R02/A12/recovery-drill/own-created-homes.txt
79be6d64aa93bf457e5b337dfa16a187af549e49a08c7760b4ddb0f61bedf8ac  ??  artifacts/rust-tauri/R03/repair-current/G07-E01/verify-stage-r03/R02/A12/recovery-drill/summary.txt
7b2f675d535131e9ee3b95eb996b520af42000b1efea572dc62eff72fd758a84  ??  artifacts/rust-tauri/R03/repair-current/G07-E01/verify-stage-r03/R02/A12/recovery-drill/v1-hashes-after.txt
7b2f675d535131e9ee3b95eb996b520af42000b1efea572dc62eff72fd758a84  ??  artifacts/rust-tauri/R03/repair-current/G07-E01/verify-stage-r03/R02/A12/recovery-drill/v1-hashes-before.txt
f5dc98759bc92f326640745d11ab8014901902e0bb14f2130f5d7d7a14827441  ??  artifacts/rust-tauri/R03/repair-current/G07-E01/verify-stage-r03/R02/A12/recovery-drill/v1.err
e3b0c44298fc1c149afbf4c8996fb92427ae41e4649b934ca495991b7852b855  ??  artifacts/rust-tauri/R03/repair-current/G07-E01/verify-stage-r03/R02/A12/recovery-drill/v1.out
fcb269f1fc43e20619871bab0f6e464d30773313e55b17f725fc62249ab521be  ??  artifacts/rust-tauri/R03/repair-current/G07-E01/verify-stage-r03/R02/A12/recovery-drill/v2-hashes-after.txt
fcb269f1fc43e20619871bab0f6e464d30773313e55b17f725fc62249ab521be  ??  artifacts/rust-tauri/R03/repair-current/G07-E01/verify-stage-r03/R02/A12/recovery-drill/v2-hashes-before.txt
dcebe3f851a04e994746453d2707c6a3e2e5d413d24b0e91971828d45136330e  ??  artifacts/rust-tauri/R03/repair-current/G07-E01/verify-stage-r03/R02/A12/recovery-drill/v2.err
e3b0c44298fc1c149afbf4c8996fb92427ae41e4649b934ca495991b7852b855  ??  artifacts/rust-tauri/R03/repair-current/G07-E01/verify-stage-r03/R02/A12/recovery-drill/v2.out
a33ffd69acb495d9a221778bb2317e4cef00e4d752d794b9c1267890666ec43d  ??  artifacts/rust-tauri/R03/repair-current/G07-E01/verify-stage-r03/R02/A12/recovery-drill/v3-hashes-after.txt
a33ffd69acb495d9a221778bb2317e4cef00e4d752d794b9c1267890666ec43d  ??  artifacts/rust-tauri/R03/repair-current/G07-E01/verify-stage-r03/R02/A12/recovery-drill/v3-hashes-before.txt
270490145f632183b01da91133f60d14f2937c5df221c64d1b5bb40662a190f6  ??  artifacts/rust-tauri/R03/repair-current/G07-E01/verify-stage-r03/R02/A12/recovery-drill/v3.err
e3b0c44298fc1c149afbf4c8996fb92427ae41e4649b934ca495991b7852b855  ??  artifacts/rust-tauri/R03/repair-current/G07-E01/verify-stage-r03/R02/A12/recovery-drill/v3.out
fa3691f60498a2ff58c0aedc8073d5611711eec76093c193f6ca9546b8f184b7  ??  artifacts/rust-tauri/R03/repair-current/G07-E01/verify-stage-r03/R02/A12/recovery-drill/v4.err
5bc4a1992731dccc821c48e6ce840ac0a7c62031b6d1accd93318a654fad93d3  ??  artifacts/rust-tauri/R03/repair-current/G07-E01/verify-stage-r03/R02/A12/recovery-drill/v4.out
8666161f267c7d8857f9e8af1045e48948269d6e30f1b242b1e37cd77f95017d  ??  artifacts/rust-tauri/R03/repair-current/G07-E01/verify-stage-r03/R02/A12/recovery-drill/v5-hashes-after.txt
8666161f267c7d8857f9e8af1045e48948269d6e30f1b242b1e37cd77f95017d  ??  artifacts/rust-tauri/R03/repair-current/G07-E01/verify-stage-r03/R02/A12/recovery-drill/v5-hashes-before.txt
98225eb124018e41e1b280868db2f077d0de6b059d772e0b4108612696cb3faf  ??  artifacts/rust-tauri/R03/repair-current/G07-E01/verify-stage-r03/R02/A12/recovery-drill/v5.err
e3b0c44298fc1c149afbf4c8996fb92427ae41e4649b934ca495991b7852b855  ??  artifacts/rust-tauri/R03/repair-current/G07-E01/verify-stage-r03/R02/A12/recovery-drill/v5.out
9015111a8c12716b39f43a6cfaff7852f938d7d5e09f1d4d07281e17ced5352d  ??  artifacts/rust-tauri/R03/repair-current/G07-E01/verify-stage-r03/R02/A12/recovery-drill/v6-recovered-dump.jsonl
27badc983df1780b60c2b3fa9d3a19a00e46aac798451f0febdca52920faaddf  ??  artifacts/rust-tauri/R03/repair-current/G07-E01/verify-stage-r03/R02/A12/recovery-drill/v6-seed-execute.txt
f9fd1e82f34b936b0e25ccf62493109e62314604673917a0077b5a3b0c9472bf  ??  artifacts/rust-tauri/R03/repair-current/G07-E01/verify-stage-r03/R02/A12/recovery-drill/v6-seed.err
e46d4ba5957982579ce6648a3d737af686fd61607a0a008b1f309d11c625dbc2  ??  artifacts/rust-tauri/R03/repair-current/G07-E01/verify-stage-r03/R02/A12/recovery-drill/v6-seed.out
bf779ab3c80c5263b5c4af4f01d1656ce0847541f6c82a06d00fa21027879503  ??  artifacts/rust-tauri/R03/repair-current/G07-E01/verify-stage-r03/R02/A12/recovery-drill/v6.err
5a5bdace57db1d0962939b55b26e40e47ca1e2a34727815f6076bb1caf7a423c  ??  artifacts/rust-tauri/R03/repair-current/G07-E01/verify-stage-r03/R02/A12/recovery-drill/v6.out
9e8b9e0b0fb99d8af30503c7efa240c0069d8f59bacd333a237fb998dd1ff4e3  ??  artifacts/rust-tauri/R03/repair-current/G07-E01/verify-stage-r03/R02/A12/recovery-drill/v7-hashes-after.txt
9e8b9e0b0fb99d8af30503c7efa240c0069d8f59bacd333a237fb998dd1ff4e3  ??  artifacts/rust-tauri/R03/repair-current/G07-E01/verify-stage-r03/R02/A12/recovery-drill/v7-hashes-before.txt
4c8481782ffef1ff1598d55c50dd3eb77ad73319529b08f2036b1f08c190d245  ??  artifacts/rust-tauri/R03/repair-current/G07-E01/verify-stage-r03/R02/A12/recovery-drill/v7-seed.err
7fac0f609801cba7001d530ff16d29c74dfed14bada80266d488313ac01b3f73  ??  artifacts/rust-tauri/R03/repair-current/G07-E01/verify-stage-r03/R02/A12/recovery-drill/v7-seed.out
77363be4d993a3ef7eb9276465f1d7dfa18586cc51479d572a541071c818975f  ??  artifacts/rust-tauri/R03/repair-current/G07-E01/verify-stage-r03/R02/A12/recovery-drill/v7.err
e3b0c44298fc1c149afbf4c8996fb92427ae41e4649b934ca495991b7852b855  ??  artifacts/rust-tauri/R03/repair-current/G07-E01/verify-stage-r03/R02/A12/recovery-drill/v7.out
e624cd8967e54661b8623e4d26772ae8d4f5a3a61fd1993a6d44c4011a3e0eab  ??  artifacts/rust-tauri/R03/repair-current/G07-E01/verify-stage-r03/R02/A12/recovery-drill/v8-observed.err
1a259151b96cb0e2dfefb67c5f3c166c827eedb77a252da4fbfa3c715d881e05  ??  artifacts/rust-tauri/R03/repair-current/G07-E01/verify-stage-r03/R02/A12/recovery-drill/v8-seed.err
a1353555231b659caf16a2fe963d1929bac9fb818e41512001426b4950eda137  ??  artifacts/rust-tauri/R03/repair-current/G07-E01/verify-stage-r03/R02/A12/recovery-drill/v8-seed.out
e624cd8967e54661b8623e4d26772ae8d4f5a3a61fd1993a6d44c4011a3e0eab  ??  artifacts/rust-tauri/R03/repair-current/G07-E01/verify-stage-r03/R02/A12/recovery-drill/v8.err
3138ef0b25db397d3c3e997b14f4994dcfdadc60abe61dbb1b1f63c42de463ea  ??  artifacts/rust-tauri/R03/repair-current/G07-E01/verify-stage-r03/R02/A12/recovery-drill/v8.out
13bd9c7b96dce02d842791759ac361d5d291f5fc2f182fc550bb53b6dc80cac5  ??  artifacts/rust-tauri/R03/repair-current/G07-E01/verify-stage-r03/R02/A15/full-chain/pre-restart-head.json
e3b0c44298fc1c149afbf4c8996fb92427ae41e4649b934ca495991b7852b855  ??  artifacts/rust-tauri/R03/repair-current/G07-E01/verify-stage-r03/R02/A15/full-chain/probe1.err
78abb980913d51d0244d62f8f3697aa284c1194574eeac1dc8e9d9ca02498106  ??  artifacts/rust-tauri/R03/repair-current/G07-E01/verify-stage-r03/R02/A15/full-chain/probe1.pass-lines
e3b0c44298fc1c149afbf4c8996fb92427ae41e4649b934ca495991b7852b855  ??  artifacts/rust-tauri/R03/repair-current/G07-E01/verify-stage-r03/R02/A15/full-chain/probe2.err
28a411dc95be7e6596d2954fdbecf8eb034d9f8dc1248ab1d111c07c1c218b89  ??  artifacts/rust-tauri/R03/repair-current/G07-E01/verify-stage-r03/R02/A15/full-chain/probe2.pass-lines
40200b7bddda2da1f6e6ad8e63ba31f55521e1872633fed9f11fc000a509411e  ??  artifacts/rust-tauri/R03/repair-current/G07-E01/verify-stage-r03/R02/A15/full-chain/service1.err
e3296bf103cb5f49464885750712806ba0c439f13c15bd6a8905762731bd1124  ??  artifacts/rust-tauri/R03/repair-current/G07-E01/verify-stage-r03/R02/A15/full-chain/service1.out
685c13d01ccfa6f86b62f28c14f238208a08efdf1149456d1239c8199982daa2  ??  artifacts/rust-tauri/R03/repair-current/G07-E01/verify-stage-r03/R02/A15/full-chain/service2.err
ddcd1c2a8c2cd509c1798e4609d5c4453448bed67f98310cf83fda5683f35436  ??  artifacts/rust-tauri/R03/repair-current/G07-E01/verify-stage-r03/R02/A15/full-chain/service2.out
225d94db18be7b2cbf47367a3b0e662c78bb1c2ec58eed415bc3a5e973fc841a  ??  artifacts/rust-tauri/R03/repair-current/G07-E01/verify-stage-r03/R02/A15/full-chain/summary.txt
523ab963a6589a5728516dedfd166d3bb33ca94dad0fc96ba72028e6cc17b218  ??  artifacts/rust-tauri/R03/repair-current/G07-E01/verify-stage-r03/R02/A16/legacy-entry/e0-base-purity.txt
5480fd5a2845b0b379535b1775194ad4d41be889f28cc0decc964613755c4cd6  ??  artifacts/rust-tauri/R03/repair-current/G07-E01/verify-stage-r03/R02/A16/legacy-entry/e0-candidate-binding.tsv
16e2ffdec6f050a7b29825744b7d1041ada3a05ced4cb841593bddda440642ff  ??  artifacts/rust-tauri/R03/repair-current/G07-E01/verify-stage-r03/R02/A16/legacy-entry/e0-candidate-dirty.diff
938c9c0d81cc72a70281866163e9fa273df9d6fb1c160f210d439c7df3e67bd8  ??  artifacts/rust-tauri/R03/repair-current/G07-E01/verify-stage-r03/R02/A16/legacy-entry/e0-candidate-dirty.txt
dafecdaa505ce47155b8f0b1a6b9d326f65e6e84a229add0428c0fb851a0e505  ??  artifacts/rust-tauri/R03/repair-current/G07-E01/verify-stage-r03/R02/A16/legacy-entry/e1-binding-surface-intersect.txt
e478b5019f8dc054385b670fc46863aacb8ae7bb2c6af54b195ae23a7474e9a3  ??  artifacts/rust-tauri/R03/repair-current/G07-E01/verify-stage-r03/R02/A16/legacy-entry/e1-default-entry-assertions.txt
c290e5efd31bc081acd023ea447b5df27ff4ba8703d5be4e3a02c9b69f0782f8  ??  artifacts/rust-tauri/R03/repair-current/G07-E01/verify-stage-r03/R02/A16/legacy-entry/e1-surface-diff-files.txt
65a8e4d55d1d7b3d0f11e06928569acf896fdaa4c01cf07c3eb17427b16c603a  ??  artifacts/rust-tauri/R03/repair-current/G07-E01/verify-stage-r03/R02/A16/legacy-entry/e5-cause-classes.txt
a6336e88a861d5d65bf8332c6e104672fbecde11272907b15e2847bc36cfc7b2  ??  artifacts/rust-tauri/R03/repair-current/G07-E01/verify-stage-r03/R02/A16/legacy-entry/e5-seal-family.txt
f4a4efb15db57c36ee9e589876943ddba1fb08b4c460261049ec9e56a695c99e  ??  artifacts/rust-tauri/R03/repair-current/G07-E01/verify-stage-r03/R02/A16/legacy-entry/summary.txt
080afde185f811c78d107012475d82f3d6b8d3cf37337978ab130853d2afd8a3  ??  artifacts/rust-tauri/R03/repair-current/G07-E01/verify-stage-r03/candidate-source-after.json
080afde185f811c78d107012475d82f3d6b8d3cf37337978ab130853d2afd8a3  ??  artifacts/rust-tauri/R03/repair-current/G07-E01/verify-stage-r03/candidate-source-before.json
6f2709c2ecb5f887c23ac797d2fac5ba13ece58ec8f6a5c3975762d89f3ab93e  ??  artifacts/rust-tauri/R03/repair-current/G07-E01/verify-stage-r03/verify-stage-result.json
a697f2f268deecc80d870a2e930d65bf5461e46b7038d957c0f1a0577aa6c641  ??  docs/rust-tauri/R03/dispatches/R03-REPAIR-G07-E01_DISPATCH.md
d35d0c80232a0c9450774667a8262691b06bc457902d41eeb273a7fd91711ec6   M  docs/rust-tauri/R03/repair-current/R03_FIX_COMMIT_RECEIPTS.json
4d99363a3aafa2344d050958ffa463caee7b8589c7b3dfcfb9f2292b16d815a0   M  docs/rust-tauri/R03/repair-current/R03_FIX_ISSUES.json
f31a13b089f4ee2be95a72d50811811d05dd2d087f9166de59e0d217dc147a98   M  rust/crates/xtask/src/stage_map.rs
69270b8836de69a367ff587ec894de564167acd152e99a418ed59451ecd365a5   M  rust/crates/xtask/src/stage_maps/R03.json
e5f7f01bf4c13a4db96811b5a1325d59c5bc69b6ac10ca1fbe0bfb035a518b0c   M  rust/crates/xtask/src/verify/runner_tests.rs
e3f9c41ab8d4c1e2fc66b1e8aa22df997ee3bb56ca316b3266b97783b56bc34c  ??  scripts/rust-tauri/r03_g07_gate_negative_tests.sh
135d9ee3ed1e172b2c056ee78625b1a3c8f67176d438448b83f2676d4ee55394  ??  scripts/rust-tauri/r03_g07_repair_suites.sh
bbeba7fd39609f6dcc82f6c5d5fe827c2af00b50f2bf7401419b737b498b6937   M  scripts/rust-tauri/r03_t08_generate_stage_map.py
