# binding-exclusion: artifacts/rust-tauri/R04/RR1-G05-E01/verify-R04/R03_REGRESSION/R02/A16/legacy-entry/** — this gate's own run-time evidence output subtree (runner output, never candidate source); applied symmetrically to BOTH the main-repo binding and the candidate-copy binding (E0 mirror compare)
f5b0981175fe9bd307c7bb4e8dcb8490cfa58585d62d9c3e2f7eb03e4e875e54  ??  artifacts/rust-tauri/R04/RR1-G05-E01/verify-R04-attempt1-flaky-terminal-snapshot/R03_REGRESSION/A15/cases/background-run-completes-decoupled.json
fda5f46e011354371ff149d97818d48d3b78dca205e17e8a7b39dba1cb4013e6  ??  artifacts/rust-tauri/R04/RR1-G05-E01/verify-R04-attempt1-flaky-terminal-snapshot/R03_REGRESSION/A15/cases/background-survives-unrelated-cancel.json
92eebd1162583e5ed42a8e61a80b5c84e94753ed6562c35c930ebb65f6e23f01  ??  artifacts/rust-tauri/R04/RR1-G05-E01/verify-R04-attempt1-flaky-terminal-snapshot/R03_REGRESSION/A15/cases/cancel-live-run-accepted-terminal-cancelled.json
edc380e78d3b8f95b51f12c2bbfcb702760327da3f20bd6c9f456b5c7e0934de  ??  artifacts/rust-tauri/R04/RR1-G05-E01/verify-R04-attempt1-flaky-terminal-snapshot/R03_REGRESSION/A15/cases/cancel-terminal-run-already-terminal.json
e320e539d701e4f285fcff1a42629b28016fa5f103e77fccb5c1ddf921155742  ??  artifacts/rust-tauri/R04/RR1-G05-E01/verify-R04-attempt1-flaky-terminal-snapshot/R03_REGRESSION/A15/cases/cancel-unknown-run-not-found.json
a513a19cd5ca9bc857d2e01c9be7ec61e3e5677e7d1948db618b31fb7aba127a  ??  artifacts/rust-tauri/R04/RR1-G05-E01/verify-R04-attempt1-flaky-terminal-snapshot/R03_REGRESSION/A15/cases/cancel-waiting-approval-cancels-cleanly.json
602b436fbd1f0de778ca086853030197fe28a3fde1a5f694ebea64e4f8779c8a  ??  artifacts/rust-tauri/R04/RR1-G05-E01/verify-R04-attempt1-flaky-terminal-snapshot/R03_REGRESSION/A15/cases/combo-cancel-stream-terminal-cancelled.json
b24ff9cdbb08092492dd68815bdf3c4a6f38c8e2a42cd79c30abbfcacdfef745  ??  artifacts/rust-tauri/R04/RR1-G05-E01/verify-R04-attempt1-flaky-terminal-snapshot/R03_REGRESSION/A15/cases/combo-crash-recovery-honest-interrupted.json
d9e8dea9429b0f0c9fc86be7f31dcd96b4b227e1174dcdea6d1f00b177ec2987  ??  artifacts/rust-tauri/R04/RR1-G05-E01/verify-R04-attempt1-flaky-terminal-snapshot/R03_REGRESSION/A15/cases/combo-cross-session-both-complete.json
106bebd1aa293f120bb83f22b33de1e19ae817a4963587e2ee17be8731293349  ??  artifacts/rust-tauri/R04/RR1-G05-E01/verify-R04-attempt1-flaky-terminal-snapshot/R03_REGRESSION/A15/cases/combo-duplicate-conflict-rejected.json
eafb37ffcb4d76d45d58a64d80d9ef413064c1f979d64ba1cc2e609d147963fc  ??  artifacts/rust-tauri/R04/RR1-G05-E01/verify-R04-attempt1-flaky-terminal-snapshot/R03_REGRESSION/A15/cases/combo-duplicate-replay-no-second-run.json
346e6cb6ae16f125e4bbfdbf24d2bbcf63c92fa9642b2676fa06a78bfa1e8fdb  ??  artifacts/rust-tauri/R04/RR1-G05-E01/verify-R04-attempt1-flaky-terminal-snapshot/R03_REGRESSION/A15/cases/combo-events-subscriber-saw-terminal.json
97a0c8f8404d1c042f8f7efd240d5d5f5446103b21bcccf9c5c90461b6082043  ??  artifacts/rust-tauri/R04/RR1-G05-E01/verify-R04-attempt1-flaky-terminal-snapshot/R03_REGRESSION/A15/cases/combo-multi-tool-three-calls.json
aa936466e694a90f4087b7ae928f7c9b96ae1450073774fcb29d177dfa59c7b6  ??  artifacts/rust-tauri/R04/RR1-G05-E01/verify-R04-attempt1-flaky-terminal-snapshot/R03_REGRESSION/A15/cases/combo-multi-turn-one-terminal.json
f7bdd9e301d37d6a062e13225cfc84d7e96c1f88cd75d34e300ab00dd0fad0a0  ??  artifacts/rust-tauri/R04/RR1-G05-E01/verify-R04-attempt1-flaky-terminal-snapshot/R03_REGRESSION/A15/cases/combo-normal-run-completed.json
51d8bd26cb2f29bee74097b5ef9a36e3389a56a1c7127e86fa36d75a8106659e  ??  artifacts/rust-tauri/R04/RR1-G05-E01/verify-R04-attempt1-flaky-terminal-snapshot/R03_REGRESSION/A15/cases/combo-out-of-order-late-result-fenced.json
e18f1fcb5cc4af47da6184707fb88e0c0ed656f1fafffe8020a3001c9826c931  ??  artifacts/rust-tauri/R04/RR1-G05-E01/verify-R04-attempt1-flaky-terminal-snapshot/R03_REGRESSION/A15/cases/combo-timeout-budget-loud-failure.json
ccbc0f5c630f404851ca1c561fd5c73421ba9b217ceeff29973b263f05e30888  ??  artifacts/rust-tauri/R04/RR1-G05-E01/verify-R04-attempt1-flaky-terminal-snapshot/R03_REGRESSION/A15/cases/parent-cancel-stops-child-run.json
d72d7e1151ea38a4eeb9ad435aa66dc376039e41ff714f9f550e1f2c8934585a  ??  artifacts/rust-tauri/R04/RR1-G05-E01/verify-R04-attempt1-flaky-terminal-snapshot/R03_REGRESSION/A15/cases/reconnect-resume-no-model-restart.json
5d89ed42d309bfcfd13956b901f209eb432200e88c2ae1eea74d6eaffe625b2a  ??  artifacts/rust-tauri/R04/RR1-G05-E01/verify-R04-attempt1-flaky-terminal-snapshot/R03_REGRESSION/A15/cases/steer-busy-accepted.json
360ccd0c00f5114974f5f2967860d1c339a2e2baa808a2f5dca49f334fe0d386  ??  artifacts/rust-tauri/R04/RR1-G05-E01/verify-R04-attempt1-flaky-terminal-snapshot/R03_REGRESSION/A15/cases/steer-idle-miss.json
d00e58227225a313e612b18019d7f95a07382b0426ab7fbeb39bc4b05b740cc5  ??  artifacts/rust-tauri/R04/RR1-G05-E01/verify-R04-attempt1-flaky-terminal-snapshot/R03_REGRESSION/A15/cases/steer-text-drained-into-model-input.json
1d91fbec57470aebfedf338d49c5109fdd0216e02d720737ed53335eb06ae4c8  ??  artifacts/rust-tauri/R04/RR1-G05-E01/verify-R04-attempt1-flaky-terminal-snapshot/R03_REGRESSION/A15/cases/subagent-child-cancel-stops-child-only.json
25c6b5b26b72b0a4408db94f4f0e40b77faa84d32ccfeaffaf04e29fb20c07c9  ??  artifacts/rust-tauri/R04/RR1-G05-E01/verify-R04-attempt1-flaky-terminal-snapshot/R03_REGRESSION/A15/cases/subagent-close-thread-closed-status.json
c8d7de61de38e7dfa38ea3376602da5c50882e6d6238c3a1ff61b6ac7df04418  ??  artifacts/rust-tauri/R04/RR1-G05-E01/verify-R04-attempt1-flaky-terminal-snapshot/R03_REGRESSION/A15/cases/subagent-dispatch-child-lineage-recorded.json
dce5bbb9b54961ee64c8634f90f4f2600975918f6a2590b57b7b28dd425016bd  ??  artifacts/rust-tauri/R04/RR1-G05-E01/verify-R04-attempt1-flaky-terminal-snapshot/R03_REGRESSION/A15/cases/subagent-escalation-write-denied-zero-children.json
dcd19d358a8a5e560042eee304f1f5460d1c79ba1a64d611fb1007b830562010  ??  artifacts/rust-tauri/R04/RR1-G05-E01/verify-R04-attempt1-flaky-terminal-snapshot/R03_REGRESSION/A15/cases/subagent-policy-proactive-delegation-default-off.json
ffef3903ae224f661b415622ed9c76da5e265c01a9c15b867f429c1f6d10ef15  ??  artifacts/rust-tauri/R04/RR1-G05-E01/verify-R04-attempt1-flaky-terminal-snapshot/R03_REGRESSION/A15/cases/subagent-reply-continues-thread.json
d097c60f1416e1febc17bd0959b1c9252ca9be86b6a1e982d42d9240a38b107e  ??  artifacts/rust-tauri/R04/RR1-G05-E01/verify-R04-attempt1-flaky-terminal-snapshot/R03_REGRESSION/A15/combo-counts.json
4c56fd82542a56017ef5e59d3b0c9752ede52032f31f31c24c2de458153ad296  ??  artifacts/rust-tauri/R04/RR1-G05-E01/verify-R04-attempt1-flaky-terminal-snapshot/R03_REGRESSION/A15/combos/cancel-approval-wait.json
f861ce9b1dbe64f781134bae916b9c8f2503f4ad8572e98bfc18d180a4e35e33  ??  artifacts/rust-tauri/R04/RR1-G05-E01/verify-R04-attempt1-flaky-terminal-snapshot/R03_REGRESSION/A15/combos/cancel-stream-read.json
76b74d822e65d068718af971eb29865cc4891a50d128a35b0bc955cc3b6b65a2  ??  artifacts/rust-tauri/R04/RR1-G05-E01/verify-R04-attempt1-flaky-terminal-snapshot/R03_REGRESSION/A15/combos/crash-recovery.json
ef5545b54a472c39f9b09d995f9ba2e3671618a56d4de3eb7fe4fad24d81f22b  ??  artifacts/rust-tauri/R04/RR1-G05-E01/verify-R04-attempt1-flaky-terminal-snapshot/R03_REGRESSION/A15/combos/cross-session-parallel.json
7f7fd9a6f050ba6811d5b1d7313d11473f92089a4ec0fd2335779e99b59cdaa1  ??  artifacts/rust-tauri/R04/RR1-G05-E01/verify-R04-attempt1-flaky-terminal-snapshot/R03_REGRESSION/A15/combos/duplicate-submission.json
fc9b468ae0f2bd2cfff1a3ead3ba02756e59e73dc0c0a0ebb5142456d1ae38a8  ??  artifacts/rust-tauri/R04/RR1-G05-E01/verify-R04-attempt1-flaky-terminal-snapshot/R03_REGRESSION/A15/combos/leaf-parent-cancel.json
a59635405b3569b1c0c950cb282ecf3749923b36c6b1b5e4d3d21fc3f4458102  ??  artifacts/rust-tauri/R04/RR1-G05-E01/verify-R04-attempt1-flaky-terminal-snapshot/R03_REGRESSION/A15/combos/leaf-steer.json
fd60e4ca043c4073ddf838b3f0fe918436ede45ff7765efc8f1cad42821186f4  ??  artifacts/rust-tauri/R04/RR1-G05-E01/verify-R04-attempt1-flaky-terminal-snapshot/R03_REGRESSION/A15/combos/multi-tool.json
075cad25ce0207f3b49138b8d415d0db78da1005207b2f64d282b478bffa44ae  ??  artifacts/rust-tauri/R04/RR1-G05-E01/verify-R04-attempt1-flaky-terminal-snapshot/R03_REGRESSION/A15/combos/multi-turn-model.json
f94832aef81d68346dd1b25b1ad7312d6bc141a69a616a218b640aa170fbebcb  ??  artifacts/rust-tauri/R04/RR1-G05-E01/verify-R04-attempt1-flaky-terminal-snapshot/R03_REGRESSION/A15/combos/normal.json
44f5b48c4f288ee214f7053e16857997f1fb66a6be241466141301a16c6872e7  ??  artifacts/rust-tauri/R04/RR1-G05-E01/verify-R04-attempt1-flaky-terminal-snapshot/R03_REGRESSION/A15/combos/timeout-budget.json
505ecfbac3942739846be3a188cabea9d26c9641628253767c5457bdff2ab44f  ??  artifacts/rust-tauri/R04/RR1-G05-E01/verify-R04-attempt1-flaky-terminal-snapshot/R03_REGRESSION/A15/leaf-cases.json
bdaad3ebf5ff0689f1652a4b7c24716f5b0138db8876d8941ceb6bbe390650fa  ??  artifacts/rust-tauri/R04/RR1-G05-E01/verify-R04-attempt1-flaky-terminal-snapshot/R03_REGRESSION/A15/summary.txt
9a652a14c5a43c20164935bd4963aa32c2a32445a13a91c504c563352517c3b7  ??  artifacts/rust-tauri/R04/RR1-G05-E01/verify-R04-attempt1-flaky-terminal-snapshot/R03_REGRESSION/A16/captured-seed.txt
9a652a14c5a43c20164935bd4963aa32c2a32445a13a91c504c563352517c3b7  ??  artifacts/rust-tauri/R04/RR1-G05-E01/verify-R04-attempt1-flaky-terminal-snapshot/R03_REGRESSION/A16/p2-captured-seed-attempt-0.txt
9a652a14c5a43c20164935bd4963aa32c2a32445a13a91c504c563352517c3b7  ??  artifacts/rust-tauri/R04/RR1-G05-E01/verify-R04-attempt1-flaky-terminal-snapshot/R03_REGRESSION/A16/p3-replay-1-seed.txt
9a652a14c5a43c20164935bd4963aa32c2a32445a13a91c504c563352517c3b7  ??  artifacts/rust-tauri/R04/RR1-G05-E01/verify-R04-attempt1-flaky-terminal-snapshot/R03_REGRESSION/A16/p3-replay-2-seed.txt
3fd4aaf96fe0793daf71f6aa3f52fa6c74856c7ddd31d414962724cf4df651d5  ??  artifacts/rust-tauri/R04/RR1-G05-E01/verify-R04-attempt1-flaky-terminal-snapshot/R03_REGRESSION/A16/seed-mechanism.json
7d823ecd2fe778be4bc9ccdeaa060189bb8c8a9e8bd9737f51cb16fbd9b11f68  ??  artifacts/rust-tauri/R04/RR1-G05-E01/verify-R04-attempt1-flaky-terminal-snapshot/R03_REGRESSION/A16/summary.txt
5f7ef4991d4afea16fd8cd437d0e0b02f6b194f957746a7850b621807b94391e  ??  artifacts/rust-tauri/R04/RR1-G05-E01/verify-R04-attempt1-flaky-terminal-snapshot/R03_REGRESSION/G07_REPAIR/cases.jsonl
e3b0c44298fc1c149afbf4c8996fb92427ae41e4649b934ca495991b7852b855  ??  artifacts/rust-tauri/R04/RR1-G05-E01/verify-R04-attempt1-flaky-terminal-snapshot/R03_REGRESSION/G07_REPAIR/gaps.txt
1f29d43f2cf02b52219bc351e44642ea8aea0b0d413dd9064dac814574a7deff  ??  artifacts/rust-tauri/R04/RR1-G05-E01/verify-R04-attempt1-flaky-terminal-snapshot/R03_REGRESSION/G07_REPAIR/repair-cases.json
5df7a3de271b9e0346ecab24934c0ab10069d2d5ccf2a8abc6c612303c536ee6  ??  artifacts/rust-tauri/R04/RR1-G05-E01/verify-R04-attempt1-flaky-terminal-snapshot/R03_REGRESSION/G07_REPAIR/summary.txt
4c7964705ed82cea13ed046181bba91fb7a26c7f2c4658c01b6090c832b50c91  ??  artifacts/rust-tauri/R04/RR1-G05-E01/verify-R04-attempt1-flaky-terminal-snapshot/R03_REGRESSION/R02/A05_A06/.last-body
1319bbe558a1a9043433da92529bc8c24d2b6fbcabc962836a938e946e273399  ??  artifacts/rust-tauri/R04/RR1-G05-E01/verify-R04-attempt1-flaky-terminal-snapshot/R03_REGRESSION/R02/A05_A06/body-limit.txt
c0c19dff508a998f0c6e1fbf2643c2d78647cd6495bc53c57d2566877a3abc0b  ??  artifacts/rust-tauri/R04/RR1-G05-E01/verify-R04-attempt1-flaky-terminal-snapshot/R03_REGRESSION/R02/A05_A06/cli-sessions-limit-case.json
731d014b5a6752b62184d74ae583cce3c5e631f3269d9d45ed513fabcdb4ab9d  ??  artifacts/rust-tauri/R04/RR1-G05-E01/verify-R04-attempt1-flaky-terminal-snapshot/R03_REGRESSION/R02/A05_A06/creds-after-authz.json
9bfbf0bd591fd817d6ca1c734fedcdc5cfb380919009c2ff5b90c187d3655550  ??  artifacts/rust-tauri/R04/RR1-G05-E01/verify-R04-attempt1-flaky-terminal-snapshot/R03_REGRESSION/R02/A05_A06/creds-before-authz.json
7637159713d136c418cec242652da606d8820a1913e83e0309b5907a16912b00  ??  artifacts/rust-tauri/R04/RR1-G05-E01/verify-R04-attempt1-flaky-terminal-snapshot/R03_REGRESSION/R02/A05_A06/devices-after-authz.json
c478bc54c14d9d4edba7b08673df9e35273787528974bc77723b078c7fe8b7b2  ??  artifacts/rust-tauri/R04/RR1-G05-E01/verify-R04-attempt1-flaky-terminal-snapshot/R03_REGRESSION/R02/A05_A06/devices-before-authz.json
0af820b0a50b85ecb55bdfc791e08af88fc9b9fea59a887ebaad2e0363f42feb  ??  artifacts/rust-tauri/R04/RR1-G05-E01/verify-R04-attempt1-flaky-terminal-snapshot/R03_REGRESSION/R02/A05_A06/leaf-cases.json
b598b2befc170d3e225cec8ba9b6bd956440e356fb72caf1c3b4cf9924665829  ??  artifacts/rust-tauri/R04/RR1-G05-E01/verify-R04-attempt1-flaky-terminal-snapshot/R03_REGRESSION/R02/A05_A06/leaf-cases.ndjson
7e2cc9a7620263779d40ebe6560616824dca6dcc16d2263aa09556e3facaac3e  ??  artifacts/rust-tauri/R04/RR1-G05-E01/verify-R04-attempt1-flaky-terminal-snapshot/R03_REGRESSION/R02/A05_A06/me-denied-after.sha256
7e2cc9a7620263779d40ebe6560616824dca6dcc16d2263aa09556e3facaac3e  ??  artifacts/rust-tauri/R04/RR1-G05-E01/verify-R04-attempt1-flaky-terminal-snapshot/R03_REGRESSION/R02/A05_A06/me-denied-before.sha256
9901fa4939e8c0683cc392787126273c429530490fdebe18e68d1ad0c6fc2459  ??  artifacts/rust-tauri/R04/RR1-G05-E01/verify-R04-attempt1-flaky-terminal-snapshot/R03_REGRESSION/R02/A05_A06/sessions-list-matrix.json
aea8be10cb0a4c4610b0d98c36c49863d7c412612b77e98a0cc8546332fe8e67  ??  artifacts/rust-tauri/R04/RR1-G05-E01/verify-R04-attempt1-flaky-terminal-snapshot/R03_REGRESSION/R02/A05_A06/state-after-authn.txt
ec89256ad81934e8ddddd2fb89ee1968aaaa3ea5f4f18354cd8c7c65f3750bbc  ??  artifacts/rust-tauri/R04/RR1-G05-E01/verify-R04-attempt1-flaky-terminal-snapshot/R03_REGRESSION/R02/A05_A06/state-after.txt
aea8be10cb0a4c4610b0d98c36c49863d7c412612b77e98a0cc8546332fe8e67  ??  artifacts/rust-tauri/R04/RR1-G05-E01/verify-R04-attempt1-flaky-terminal-snapshot/R03_REGRESSION/R02/A05_A06/state-before-authz.txt
aea8be10cb0a4c4610b0d98c36c49863d7c412612b77e98a0cc8546332fe8e67  ??  artifacts/rust-tauri/R04/RR1-G05-E01/verify-R04-attempt1-flaky-terminal-snapshot/R03_REGRESSION/R02/A05_A06/state-before.txt
59d3128748aaeceb2164192fb14d880c6717e2c60822ecbd00971375d96df768  ??  artifacts/rust-tauri/R04/RR1-G05-E01/verify-R04-attempt1-flaky-terminal-snapshot/R03_REGRESSION/R02/A05_A06/summary.txt
7afb8ee8dc3640b27955d817530b8515bdc5826a62b00aca4f050a7db25bcc97  ??  artifacts/rust-tauri/R04/RR1-G05-E01/verify-R04-attempt1-flaky-terminal-snapshot/R03_REGRESSION/R02/A05_A06/ws-matrix.json
3e33745161e173168316ae5657d0b892e2b2f69134db3dfef558ded38caf22b6  ??  artifacts/rust-tauri/R04/RR1-G05-E01/verify-R04-attempt1-flaky-terminal-snapshot/R03_REGRESSION/R02/A07_A08/last-db-hashes.txt
e613a984930f45c73fa5aa79af6955b0ac56faa30868e1da85d84a96a180eee3  ??  artifacts/rust-tauri/R04/RR1-G05-E01/verify-R04-attempt1-flaky-terminal-snapshot/R03_REGRESSION/R02/A07_A08/s1-counts-after-stop.json
6e11d3157e36f2f24de72943cc5df97aec8475c1e95a29c6fed9cc451e41da10  ??  artifacts/rust-tauri/R04/RR1-G05-E01/verify-R04-attempt1-flaky-terminal-snapshot/R03_REGRESSION/R02/A07_A08/s2-counts-after-crash.json
947c4821c98fa62cf5b2db15069d70c16ba8a9254c685259ca4db2032cb18b3b  ??  artifacts/rust-tauri/R04/RR1-G05-E01/verify-R04-attempt1-flaky-terminal-snapshot/R03_REGRESSION/R02/A07_A08/s2-runs-dump.jsonl
eea3748e90b9c96066b0ff310b1abad99b7274bd9ffeed9a6bde0e3ea76beece  ??  artifacts/rust-tauri/R04/RR1-G05-E01/verify-R04-attempt1-flaky-terminal-snapshot/R03_REGRESSION/R02/A07_A08/s3-fault.err
e3b0c44298fc1c149afbf4c8996fb92427ae41e4649b934ca495991b7852b855  ??  artifacts/rust-tauri/R04/RR1-G05-E01/verify-R04-attempt1-flaky-terminal-snapshot/R03_REGRESSION/R02/A07_A08/s3-fault.out
73826ea0d15b2b6bd1cccc7dc9242939d415a03ba515fd322e2aa2fda55ea6bf  ??  artifacts/rust-tauri/R04/RR1-G05-E01/verify-R04-attempt1-flaky-terminal-snapshot/R03_REGRESSION/R02/A07_A08/s4-hashes-after.txt
73826ea0d15b2b6bd1cccc7dc9242939d415a03ba515fd322e2aa2fda55ea6bf  ??  artifacts/rust-tauri/R04/RR1-G05-E01/verify-R04-attempt1-flaky-terminal-snapshot/R03_REGRESSION/R02/A07_A08/s4-hashes-before.txt
a4a501fbe803871035e93e21e46585b9949f3dc42c89dffc55020ed556ecd59b  ??  artifacts/rust-tauri/R04/RR1-G05-E01/verify-R04-attempt1-flaky-terminal-snapshot/R03_REGRESSION/R02/A07_A08/s4-migrations-round1.json
a4a501fbe803871035e93e21e46585b9949f3dc42c89dffc55020ed556ecd59b  ??  artifacts/rust-tauri/R04/RR1-G05-E01/verify-R04-attempt1-flaky-terminal-snapshot/R03_REGRESSION/R02/A07_A08/s4-migrations-round2.json
a4a501fbe803871035e93e21e46585b9949f3dc42c89dffc55020ed556ecd59b  ??  artifacts/rust-tauri/R04/RR1-G05-E01/verify-R04-attempt1-flaky-terminal-snapshot/R03_REGRESSION/R02/A07_A08/s4-migrations-round3.json
148ce4624d777900a25bccca4d7213f30062e120dbce36169c8f2fc1fa0e4bdd  ??  artifacts/rust-tauri/R04/RR1-G05-E01/verify-R04-attempt1-flaky-terminal-snapshot/R03_REGRESSION/R02/A07_A08/service-s1.err
08f6dc62cd053a60e58021cae450fe4aed2036088ba31571d3b7c7800d798759  ??  artifacts/rust-tauri/R04/RR1-G05-E01/verify-R04-attempt1-flaky-terminal-snapshot/R03_REGRESSION/R02/A07_A08/service-s1.out
3b8c099bb4ac010b5952bdf25ebbd775fdf228836c481c9295dc42c3058ccbb5  ??  artifacts/rust-tauri/R04/RR1-G05-E01/verify-R04-attempt1-flaky-terminal-snapshot/R03_REGRESSION/R02/A07_A08/service-s1b.err
4fde3faa60500f59110f747089972745543e50989b6c6ebb4560344b4e72ebcb  ??  artifacts/rust-tauri/R04/RR1-G05-E01/verify-R04-attempt1-flaky-terminal-snapshot/R03_REGRESSION/R02/A07_A08/service-s1b.out
164ea56f4db744bd40020f0556072eeefbccabd043a048163c54c2c0005194c3  ??  artifacts/rust-tauri/R04/RR1-G05-E01/verify-R04-attempt1-flaky-terminal-snapshot/R03_REGRESSION/R02/A07_A08/service-s2.err
28add341d80afb43363f2424145fbaec962bb1a831d396f4040cd75e7141bb95  ??  artifacts/rust-tauri/R04/RR1-G05-E01/verify-R04-attempt1-flaky-terminal-snapshot/R03_REGRESSION/R02/A07_A08/service-s2.out
04a59cb0c506248518678440f320a008888035a0a37cce3706afa2afa2a10033  ??  artifacts/rust-tauri/R04/RR1-G05-E01/verify-R04-attempt1-flaky-terminal-snapshot/R03_REGRESSION/R02/A07_A08/service-s2b.err
35abb9cabadd60b91f4f2a07bf713e0ae02abf17d4d9f2353c49ba4f27afabc8  ??  artifacts/rust-tauri/R04/RR1-G05-E01/verify-R04-attempt1-flaky-terminal-snapshot/R03_REGRESSION/R02/A07_A08/service-s2b.out
d9b0be1d42e02519a891da5b0a52278702f9f5ec03d9c3606decb0bba123936c  ??  artifacts/rust-tauri/R04/RR1-G05-E01/verify-R04-attempt1-flaky-terminal-snapshot/R03_REGRESSION/R02/A07_A08/service-s4-1.err
957b6ea2285e66bcad9a43918cd2c197ae60ed73a77355a286323e2ea15018a3  ??  artifacts/rust-tauri/R04/RR1-G05-E01/verify-R04-attempt1-flaky-terminal-snapshot/R03_REGRESSION/R02/A07_A08/service-s4-1.out
a7bd53e08076e59baf116cb94c0dba3547793ffb353a4ba896445e25540a7785  ??  artifacts/rust-tauri/R04/RR1-G05-E01/verify-R04-attempt1-flaky-terminal-snapshot/R03_REGRESSION/R02/A07_A08/service-s4-2.err
c2cf0b55d1a1bae812752c9e32042b802be6fc7e7f51429dd360a5bda0bc2201  ??  artifacts/rust-tauri/R04/RR1-G05-E01/verify-R04-attempt1-flaky-terminal-snapshot/R03_REGRESSION/R02/A07_A08/service-s4-2.out
a070007f900f3b52a844e44965afaec0d1665a7291a62ee46d1671ba405c9a4e  ??  artifacts/rust-tauri/R04/RR1-G05-E01/verify-R04-attempt1-flaky-terminal-snapshot/R03_REGRESSION/R02/A07_A08/service-s4-3.err
5410a60cf300adf277bdab72c3d8213a88f4d5abf2a6a6be326b520351a90ba2  ??  artifacts/rust-tauri/R04/RR1-G05-E01/verify-R04-attempt1-flaky-terminal-snapshot/R03_REGRESSION/R02/A07_A08/service-s4-3.out
63c894ac944b8c9ec9cdc25796171f8d011d09cf51dc48a54fc5d1211f981023  ??  artifacts/rust-tauri/R04/RR1-G05-E01/verify-R04-attempt1-flaky-terminal-snapshot/R03_REGRESSION/R02/A07_A08/service.addr
2aaf53b7fc1c3236c9202252057c021e9858a5d3b08e40f8b37763c0a02af086  ??  artifacts/rust-tauri/R04/RR1-G05-E01/verify-R04-attempt1-flaky-terminal-snapshot/R03_REGRESSION/R02/A07_A08/service.pid
ef0c69072110e13bcf354619c10a98d842e8e82779465f9daa468de30a268a6b  ??  artifacts/rust-tauri/R04/RR1-G05-E01/verify-R04-attempt1-flaky-terminal-snapshot/R03_REGRESSION/R02/A07_A08/summary.txt
e8ca96363073e960376b45c70a0d0bcd6a6d2913769841d61a855010e6fb8113  ??  artifacts/rust-tauri/R04/RR1-G05-E01/verify-R04-attempt1-flaky-terminal-snapshot/R03_REGRESSION/R02/A09_A10/a09-merged-view.json
43372fc20bfb8ee740861a2e3eb55a8173840b568536e9e54d4bacac7a4afd42  ??  artifacts/rust-tauri/R04/RR1-G05-E01/verify-R04-attempt1-flaky-terminal-snapshot/R03_REGRESSION/R02/A09_A10/a10-rebuild-diff.json
abee535b86233b1054c467bf943dae3d60bd272b329488d4b1aa0ab8b143a10f  ??  artifacts/rust-tauri/R04/RR1-G05-E01/verify-R04-attempt1-flaky-terminal-snapshot/R03_REGRESSION/R02/A09_A10/key-events-dump.json
39341978a29ee112e4b45694ad3b5cfc2a8a98114c0684bdaebf6ffb4e210224  ??  artifacts/rust-tauri/R04/RR1-G05-E01/verify-R04-attempt1-flaky-terminal-snapshot/R03_REGRESSION/R02/A09_A10/matrix.json
e37cfff713aa818303ccca977378ed3c4a2d04e7acc5f7dbc04eafd44c94fee1  ??  artifacts/rust-tauri/R04/RR1-G05-E01/verify-R04-attempt1-flaky-terminal-snapshot/R03_REGRESSION/R02/A09_A10/probe-matrix.jsonl
2bd9c99f22d4869022669e8704bb0b7e08581380668ebd339d14b16708a5126b  ??  artifacts/rust-tauri/R04/RR1-G05-E01/verify-R04-attempt1-flaky-terminal-snapshot/R03_REGRESSION/R02/A09_A10/service.err
cd8adb3c773f6e3e16a2d9c09fdfa1a05895ed9e88a1c77e6d33639a306774cf  ??  artifacts/rust-tauri/R04/RR1-G05-E01/verify-R04-attempt1-flaky-terminal-snapshot/R03_REGRESSION/R02/A09_A10/service.out
73d16d4a99e34c5c816b43af17bb045c2b44ef4d3c8bea430f030ca961e74fae  ??  artifacts/rust-tauri/R04/RR1-G05-E01/verify-R04-attempt1-flaky-terminal-snapshot/R03_REGRESSION/R02/A09_A10/summary.txt
dd63f79ce1a39fdef735dbb9eb292c3f8a45db77c2513d3cc7379e5dbe13749e  ??  artifacts/rust-tauri/R04/RR1-G05-E01/verify-R04-attempt1-flaky-terminal-snapshot/R03_REGRESSION/R02/A11/backup-restore/s1-backup-dir-listing.txt
9b9ef90e7023f55b3db01d340a06bad45d93099afca8c372349bf33fdc1fc08c  ??  artifacts/rust-tauri/R04/RR1-G05-E01/verify-R04-attempt1-flaky-terminal-snapshot/R03_REGRESSION/R02/A11/backup-restore/s1-backup-outcome.json
e3b0c44298fc1c149afbf4c8996fb92427ae41e4649b934ca495991b7852b855  ??  artifacts/rust-tauri/R04/RR1-G05-E01/verify-R04-attempt1-flaky-terminal-snapshot/R03_REGRESSION/R02/A11/backup-restore/s1-backup.err
ae40ba45cbeb43dad77e18686e6458aa4ac1d32420aab6d6dea959e0a27f31ab  ??  artifacts/rust-tauri/R04/RR1-G05-E01/verify-R04-attempt1-flaky-terminal-snapshot/R03_REGRESSION/R02/A11/backup-restore/s1-restore-outcome.json
e3b0c44298fc1c149afbf4c8996fb92427ae41e4649b934ca495991b7852b855  ??  artifacts/rust-tauri/R04/RR1-G05-E01/verify-R04-attempt1-flaky-terminal-snapshot/R03_REGRESSION/R02/A11/backup-restore/s1-restore.err
27f47e59d1ee8d5b3b0851d3c22f594e0fd54207ab9db21ad9bd9471f074ce60  ??  artifacts/rust-tauri/R04/RR1-G05-E01/verify-R04-attempt1-flaky-terminal-snapshot/R03_REGRESSION/R02/A11/backup-restore/s1-restored-dump.jsonl
f5a0f42c73536f1040fd39760f89299b34faf7465c4cb119bfc5a2b554241de5  ??  artifacts/rust-tauri/R04/RR1-G05-E01/verify-R04-attempt1-flaky-terminal-snapshot/R03_REGRESSION/R02/A11/backup-restore/s1-restored-hash.txt
27f47e59d1ee8d5b3b0851d3c22f594e0fd54207ab9db21ad9bd9471f074ce60  ??  artifacts/rust-tauri/R04/RR1-G05-E01/verify-R04-attempt1-flaky-terminal-snapshot/R03_REGRESSION/R02/A11/backup-restore/s1-source-dump.jsonl
3ef71c19dad5c82bf01263f2160c72418ac04914084c8c268709693913bb883b  ??  artifacts/rust-tauri/R04/RR1-G05-E01/verify-R04-attempt1-flaky-terminal-snapshot/R03_REGRESSION/R02/A11/backup-restore/s1-source-hash.txt
951e1f2cedf4a978898a4f9e620777561b8381ece9faf4223f8594a201f47f74  ??  artifacts/rust-tauri/R04/RR1-G05-E01/verify-R04-attempt1-flaky-terminal-snapshot/R03_REGRESSION/R02/A11/backup-restore/s1-wal-size.txt
e3b0c44298fc1c149afbf4c8996fb92427ae41e4649b934ca495991b7852b855  ??  artifacts/rust-tauri/R04/RR1-G05-E01/verify-R04-attempt1-flaky-terminal-snapshot/R03_REGRESSION/R02/A11/backup-restore/s3-backup-out.json
4e1cc0fbb3ab909adcfc834968600761a9e2d39b9ebe6cc91b1db8a4147d29c7  ??  artifacts/rust-tauri/R04/RR1-G05-E01/verify-R04-attempt1-flaky-terminal-snapshot/R03_REGRESSION/R02/A11/backup-restore/s3-backup.err
9b33c4d50a9f7a0434980244454a85ce4288c7323241cf9ff22c50e6b8f8dd85  ??  artifacts/rust-tauri/R04/RR1-G05-E01/verify-R04-attempt1-flaky-terminal-snapshot/R03_REGRESSION/R02/A11/backup-restore/s4-ws-probe.json
a4c3ed04a95a3da14a9d235c83d868bed7c0f45cf7f3faa751ee8f50598d2211  ??  artifacts/rust-tauri/R04/RR1-G05-E01/verify-R04-attempt1-flaky-terminal-snapshot/R03_REGRESSION/R02/A11/backup-restore/s4-ws-probe.json.probe-done
0da7bbfd4667fdabe4f00be2dbb077f973a548b7d9b2fecaabc93ff03224e932  ??  artifacts/rust-tauri/R04/RR1-G05-E01/verify-R04-attempt1-flaky-terminal-snapshot/R03_REGRESSION/R02/A11/backup-restore/service-s1.addr
24ca61d1143484e337db0a323383b61502d9468aedcc394d5c3ae5b3730a9ec5  ??  artifacts/rust-tauri/R04/RR1-G05-E01/verify-R04-attempt1-flaky-terminal-snapshot/R03_REGRESSION/R02/A11/backup-restore/service-s1.err
ae16be0c1a560b16c30e451e8b11364092e701c4e24433f0e946b938feaa2b9f  ??  artifacts/rust-tauri/R04/RR1-G05-E01/verify-R04-attempt1-flaky-terminal-snapshot/R03_REGRESSION/R02/A11/backup-restore/service-s1.out
3535bd8e50deb8288fba4387fcaa3d020db8960e7478dd8d22a246121af2268d  ??  artifacts/rust-tauri/R04/RR1-G05-E01/verify-R04-attempt1-flaky-terminal-snapshot/R03_REGRESSION/R02/A11/backup-restore/service-s2.addr
2e7f2906e966ec7111e4475f940f2e0825169113b804ad1c1a7d1851437bb6f4  ??  artifacts/rust-tauri/R04/RR1-G05-E01/verify-R04-attempt1-flaky-terminal-snapshot/R03_REGRESSION/R02/A11/backup-restore/service-s2.err
6ffc70aa45060ee3e803d864bb91c91b0479a61212b997485fa4b256716533a3  ??  artifacts/rust-tauri/R04/RR1-G05-E01/verify-R04-attempt1-flaky-terminal-snapshot/R03_REGRESSION/R02/A11/backup-restore/service-s2.out
7229d79cce9bff9e8f1ab5736ab453252e789a8fa572c454e97a00c7c1d1af31  ??  artifacts/rust-tauri/R04/RR1-G05-E01/verify-R04-attempt1-flaky-terminal-snapshot/R03_REGRESSION/R02/A11/backup-restore/service-s4.addr
71733533da36925322b03647f20a32537c893efaf4e78bf0a29694ea0d83225b  ??  artifacts/rust-tauri/R04/RR1-G05-E01/verify-R04-attempt1-flaky-terminal-snapshot/R03_REGRESSION/R02/A11/backup-restore/service-s4.err
dfa7d6e7e0a331811d2b9b282c7b402be2d467db30a95fdba6305646257174ee  ??  artifacts/rust-tauri/R04/RR1-G05-E01/verify-R04-attempt1-flaky-terminal-snapshot/R03_REGRESSION/R02/A11/backup-restore/service-s4.out
af5d503e7f6636c522822c2a9a006936f68b1aa83b4273b2ee761dc24ef59df8  ??  artifacts/rust-tauri/R04/RR1-G05-E01/verify-R04-attempt1-flaky-terminal-snapshot/R03_REGRESSION/R02/A11/backup-restore/service.pid
668ed90314dae2acbb6362721a735ad323dcedd827e5ccc35d22848e6361a2f5  ??  artifacts/rust-tauri/R04/RR1-G05-E01/verify-R04-attempt1-flaky-terminal-snapshot/R03_REGRESSION/R02/A11/backup-restore/summary.txt
ad4bed7f8f664e3b81b4e9ac69d8641f570985bf2c90a6dc20e22bdbe0cee1e1  ??  artifacts/rust-tauri/R04/RR1-G05-E01/verify-R04-attempt1-flaky-terminal-snapshot/R03_REGRESSION/R02/A12/recovery-drill/coexist-after.txt
ad4bed7f8f664e3b81b4e9ac69d8641f570985bf2c90a6dc20e22bdbe0cee1e1  ??  artifacts/rust-tauri/R04/RR1-G05-E01/verify-R04-attempt1-flaky-terminal-snapshot/R03_REGRESSION/R02/A12/recovery-drill/coexist-before.txt
8a52353fd8b7a0c7c05e6bbfc291fd1f6b64e24dffd863c86106ed793498bdc6  ??  artifacts/rust-tauri/R04/RR1-G05-E01/verify-R04-attempt1-flaky-terminal-snapshot/R03_REGRESSION/R02/A12/recovery-drill/own-created-homes.txt
79be6d64aa93bf457e5b337dfa16a187af549e49a08c7760b4ddb0f61bedf8ac  ??  artifacts/rust-tauri/R04/RR1-G05-E01/verify-R04-attempt1-flaky-terminal-snapshot/R03_REGRESSION/R02/A12/recovery-drill/summary.txt
7b2f675d535131e9ee3b95eb996b520af42000b1efea572dc62eff72fd758a84  ??  artifacts/rust-tauri/R04/RR1-G05-E01/verify-R04-attempt1-flaky-terminal-snapshot/R03_REGRESSION/R02/A12/recovery-drill/v1-hashes-after.txt
7b2f675d535131e9ee3b95eb996b520af42000b1efea572dc62eff72fd758a84  ??  artifacts/rust-tauri/R04/RR1-G05-E01/verify-R04-attempt1-flaky-terminal-snapshot/R03_REGRESSION/R02/A12/recovery-drill/v1-hashes-before.txt
c966210d0d0d66a5cbc490abc2c985c89b4a1e0d45821dfbed1668f4288cbd48  ??  artifacts/rust-tauri/R04/RR1-G05-E01/verify-R04-attempt1-flaky-terminal-snapshot/R03_REGRESSION/R02/A12/recovery-drill/v1.err
e3b0c44298fc1c149afbf4c8996fb92427ae41e4649b934ca495991b7852b855  ??  artifacts/rust-tauri/R04/RR1-G05-E01/verify-R04-attempt1-flaky-terminal-snapshot/R03_REGRESSION/R02/A12/recovery-drill/v1.out
fcb269f1fc43e20619871bab0f6e464d30773313e55b17f725fc62249ab521be  ??  artifacts/rust-tauri/R04/RR1-G05-E01/verify-R04-attempt1-flaky-terminal-snapshot/R03_REGRESSION/R02/A12/recovery-drill/v2-hashes-after.txt
fcb269f1fc43e20619871bab0f6e464d30773313e55b17f725fc62249ab521be  ??  artifacts/rust-tauri/R04/RR1-G05-E01/verify-R04-attempt1-flaky-terminal-snapshot/R03_REGRESSION/R02/A12/recovery-drill/v2-hashes-before.txt
76d0ef21f55370d2e2a467f3bdbfd8d2b57e4c1944899bb6352beafcc52d1899  ??  artifacts/rust-tauri/R04/RR1-G05-E01/verify-R04-attempt1-flaky-terminal-snapshot/R03_REGRESSION/R02/A12/recovery-drill/v2.err
e3b0c44298fc1c149afbf4c8996fb92427ae41e4649b934ca495991b7852b855  ??  artifacts/rust-tauri/R04/RR1-G05-E01/verify-R04-attempt1-flaky-terminal-snapshot/R03_REGRESSION/R02/A12/recovery-drill/v2.out
a33ffd69acb495d9a221778bb2317e4cef00e4d752d794b9c1267890666ec43d  ??  artifacts/rust-tauri/R04/RR1-G05-E01/verify-R04-attempt1-flaky-terminal-snapshot/R03_REGRESSION/R02/A12/recovery-drill/v3-hashes-after.txt
a33ffd69acb495d9a221778bb2317e4cef00e4d752d794b9c1267890666ec43d  ??  artifacts/rust-tauri/R04/RR1-G05-E01/verify-R04-attempt1-flaky-terminal-snapshot/R03_REGRESSION/R02/A12/recovery-drill/v3-hashes-before.txt
42f0093dbee5e562c2fbb65fc7cdfa046ec3853edf162b0f8427352834c14728  ??  artifacts/rust-tauri/R04/RR1-G05-E01/verify-R04-attempt1-flaky-terminal-snapshot/R03_REGRESSION/R02/A12/recovery-drill/v3.err
e3b0c44298fc1c149afbf4c8996fb92427ae41e4649b934ca495991b7852b855  ??  artifacts/rust-tauri/R04/RR1-G05-E01/verify-R04-attempt1-flaky-terminal-snapshot/R03_REGRESSION/R02/A12/recovery-drill/v3.out
5e96c717d4e0abe54fa45c7ff85877057027a107bb17e8a615356e14ec225495  ??  artifacts/rust-tauri/R04/RR1-G05-E01/verify-R04-attempt1-flaky-terminal-snapshot/R03_REGRESSION/R02/A12/recovery-drill/v4.err
b8765ee49c9e913b51160e934bebe699f61e961e848ed275733f9d8982d40bf0  ??  artifacts/rust-tauri/R04/RR1-G05-E01/verify-R04-attempt1-flaky-terminal-snapshot/R03_REGRESSION/R02/A12/recovery-drill/v4.out
c506e1e14ec6379b01346884dc1e8e92ce2fc782e772e789610cdecfab5eaf01  ??  artifacts/rust-tauri/R04/RR1-G05-E01/verify-R04-attempt1-flaky-terminal-snapshot/R03_REGRESSION/R02/A12/recovery-drill/v5-hashes-after.txt
c506e1e14ec6379b01346884dc1e8e92ce2fc782e772e789610cdecfab5eaf01  ??  artifacts/rust-tauri/R04/RR1-G05-E01/verify-R04-attempt1-flaky-terminal-snapshot/R03_REGRESSION/R02/A12/recovery-drill/v5-hashes-before.txt
eb3ac457304c43f9a8ea4edf369218c1abbb0416e2fdc8a209ff69f08d092250  ??  artifacts/rust-tauri/R04/RR1-G05-E01/verify-R04-attempt1-flaky-terminal-snapshot/R03_REGRESSION/R02/A12/recovery-drill/v5.err
e3b0c44298fc1c149afbf4c8996fb92427ae41e4649b934ca495991b7852b855  ??  artifacts/rust-tauri/R04/RR1-G05-E01/verify-R04-attempt1-flaky-terminal-snapshot/R03_REGRESSION/R02/A12/recovery-drill/v5.out
36f5b9f9dc2e1dd5e9eadc3ff12009fbe9ce8ad83473834afd2f9a07c4dbfbf8  ??  artifacts/rust-tauri/R04/RR1-G05-E01/verify-R04-attempt1-flaky-terminal-snapshot/R03_REGRESSION/R02/A12/recovery-drill/v6-recovered-dump.jsonl
27badc983df1780b60c2b3fa9d3a19a00e46aac798451f0febdca52920faaddf  ??  artifacts/rust-tauri/R04/RR1-G05-E01/verify-R04-attempt1-flaky-terminal-snapshot/R03_REGRESSION/R02/A12/recovery-drill/v6-seed-execute.txt
6e5613fcacfa658cba8c0c9952d45a6dfd78316d70188e99924164a2e7ea27d9  ??  artifacts/rust-tauri/R04/RR1-G05-E01/verify-R04-attempt1-flaky-terminal-snapshot/R03_REGRESSION/R02/A12/recovery-drill/v6-seed.err
2bd106ea1e5e727fb76e84555d8c55945a75eec20bd58fa6aea3ab0b500e81e7  ??  artifacts/rust-tauri/R04/RR1-G05-E01/verify-R04-attempt1-flaky-terminal-snapshot/R03_REGRESSION/R02/A12/recovery-drill/v6-seed.out
9c9bc7b9f221c5dca8e17fb9fb7f922ecc7c0f1de1993ada5b2cd67badad6e9d  ??  artifacts/rust-tauri/R04/RR1-G05-E01/verify-R04-attempt1-flaky-terminal-snapshot/R03_REGRESSION/R02/A12/recovery-drill/v6.err
00bb44b8b6e110cf97667ab8cdd46b2e823f3b5f88b43a18fccc82915621450b  ??  artifacts/rust-tauri/R04/RR1-G05-E01/verify-R04-attempt1-flaky-terminal-snapshot/R03_REGRESSION/R02/A12/recovery-drill/v6.out
d6ebd7d0201d64f437029f31c477c39b8e95cd8b0872fb3435f28c8e994964c7  ??  artifacts/rust-tauri/R04/RR1-G05-E01/verify-R04-attempt1-flaky-terminal-snapshot/R03_REGRESSION/R02/A12/recovery-drill/v7-hashes-after.txt
d6ebd7d0201d64f437029f31c477c39b8e95cd8b0872fb3435f28c8e994964c7  ??  artifacts/rust-tauri/R04/RR1-G05-E01/verify-R04-attempt1-flaky-terminal-snapshot/R03_REGRESSION/R02/A12/recovery-drill/v7-hashes-before.txt
de9a41c88ca63a10e6a9e7eecc6954a0b6f3c79d4c60c76620c11550008c7bed  ??  artifacts/rust-tauri/R04/RR1-G05-E01/verify-R04-attempt1-flaky-terminal-snapshot/R03_REGRESSION/R02/A12/recovery-drill/v7-seed.err
dd1941b8ad3ab88f602334f45b30d946f03fc4858f7ed64708a960e69153fb68  ??  artifacts/rust-tauri/R04/RR1-G05-E01/verify-R04-attempt1-flaky-terminal-snapshot/R03_REGRESSION/R02/A12/recovery-drill/v7-seed.out
8bcff47caa8cb3c01ccc3e541d20afd87f81069079cbf4e5bc7bd135a30b715c  ??  artifacts/rust-tauri/R04/RR1-G05-E01/verify-R04-attempt1-flaky-terminal-snapshot/R03_REGRESSION/R02/A12/recovery-drill/v7.err
e3b0c44298fc1c149afbf4c8996fb92427ae41e4649b934ca495991b7852b855  ??  artifacts/rust-tauri/R04/RR1-G05-E01/verify-R04-attempt1-flaky-terminal-snapshot/R03_REGRESSION/R02/A12/recovery-drill/v7.out
254130b73395070c331cb8439140ae5bf20d76111fccd79b61c8b68375f0d0f5  ??  artifacts/rust-tauri/R04/RR1-G05-E01/verify-R04-attempt1-flaky-terminal-snapshot/R03_REGRESSION/R02/A12/recovery-drill/v8-observed.err
f3324ed0bea991415d1f125784776f731f9f3d6d16cc422ed440f00b28b192f9  ??  artifacts/rust-tauri/R04/RR1-G05-E01/verify-R04-attempt1-flaky-terminal-snapshot/R03_REGRESSION/R02/A12/recovery-drill/v8-seed.err
bb0bb0790aeeb87a4b4ea1c3c410d82332e22119154e843dde5ed494eab9b8e8  ??  artifacts/rust-tauri/R04/RR1-G05-E01/verify-R04-attempt1-flaky-terminal-snapshot/R03_REGRESSION/R02/A12/recovery-drill/v8-seed.out
254130b73395070c331cb8439140ae5bf20d76111fccd79b61c8b68375f0d0f5  ??  artifacts/rust-tauri/R04/RR1-G05-E01/verify-R04-attempt1-flaky-terminal-snapshot/R03_REGRESSION/R02/A12/recovery-drill/v8.err
037e01f9cc69bfb0f983cb906fc80448c7f5adc8b6881a16a93737472b2c9454  ??  artifacts/rust-tauri/R04/RR1-G05-E01/verify-R04-attempt1-flaky-terminal-snapshot/R03_REGRESSION/R02/A12/recovery-drill/v8.out
f33589d413dcd4636d2e8bc55585d38e998b11df27278e969a6ca5a59c387ad4  ??  artifacts/rust-tauri/R04/RR1-G05-E01/verify-R04-attempt1-flaky-terminal-snapshot/R03_REGRESSION/R02/A15/full-chain/pre-restart-head.json
e3b0c44298fc1c149afbf4c8996fb92427ae41e4649b934ca495991b7852b855  ??  artifacts/rust-tauri/R04/RR1-G05-E01/verify-R04-attempt1-flaky-terminal-snapshot/R03_REGRESSION/R02/A15/full-chain/probe1.err
4826255bceac3342158bd7d7d7989a71cb61631ba4ae99cf3a6e7aca1af2f3d8  ??  artifacts/rust-tauri/R04/RR1-G05-E01/verify-R04-attempt1-flaky-terminal-snapshot/R03_REGRESSION/R02/A15/full-chain/probe1.pass-lines
e3b0c44298fc1c149afbf4c8996fb92427ae41e4649b934ca495991b7852b855  ??  artifacts/rust-tauri/R04/RR1-G05-E01/verify-R04-attempt1-flaky-terminal-snapshot/R03_REGRESSION/R02/A15/full-chain/probe2.err
28a411dc95be7e6596d2954fdbecf8eb034d9f8dc1248ab1d111c07c1c218b89  ??  artifacts/rust-tauri/R04/RR1-G05-E01/verify-R04-attempt1-flaky-terminal-snapshot/R03_REGRESSION/R02/A15/full-chain/probe2.pass-lines
446ace5884baf583c59ad2f958eea1809f618fc11609c7f5aecd62a4874bed5d  ??  artifacts/rust-tauri/R04/RR1-G05-E01/verify-R04-attempt1-flaky-terminal-snapshot/R03_REGRESSION/R02/A15/full-chain/service1.err
9451581de755c848d7c64557728dc0b22b01add5ee9148a751ebf44b1a225c7c  ??  artifacts/rust-tauri/R04/RR1-G05-E01/verify-R04-attempt1-flaky-terminal-snapshot/R03_REGRESSION/R02/A15/full-chain/service1.out
5a15e8c8ccbdbc8c6e3ad786e6dc5143aeb0eb79c6cae4c9607afd2d3de533bc  ??  artifacts/rust-tauri/R04/RR1-G05-E01/verify-R04-attempt1-flaky-terminal-snapshot/R03_REGRESSION/R02/A15/full-chain/service2.err
7fa1b61d72046f4fd6abbf3d1fda52e07e39f4de9665468bcd0beb63f5b0378d  ??  artifacts/rust-tauri/R04/RR1-G05-E01/verify-R04-attempt1-flaky-terminal-snapshot/R03_REGRESSION/R02/A15/full-chain/service2.out
875f8c00b4f6dbd792175ab3a885b5f530418f94e2c7ad3abdea19f633318c70  ??  artifacts/rust-tauri/R04/RR1-G05-E01/verify-R04-attempt1-flaky-terminal-snapshot/R03_REGRESSION/R02/A15/full-chain/summary.txt
523ab963a6589a5728516dedfd166d3bb33ca94dad0fc96ba72028e6cc17b218  ??  artifacts/rust-tauri/R04/RR1-G05-E01/verify-R04-attempt1-flaky-terminal-snapshot/R03_REGRESSION/R02/A16/legacy-entry/e0-base-purity.txt
0862889d72de04424bbb9cd2c46a21bd61367f1f18ab3239b87b47a42eddbf5d  ??  artifacts/rust-tauri/R04/RR1-G05-E01/verify-R04-attempt1-flaky-terminal-snapshot/R03_REGRESSION/R02/A16/legacy-entry/e0-candidate-binding.tsv
57ba5fadb95755582d5dd63f9ad1de152e43fabc309de228ca5ab7ae3d1f6cdb  ??  artifacts/rust-tauri/R04/RR1-G05-E01/verify-R04-attempt1-flaky-terminal-snapshot/R03_REGRESSION/R02/A16/legacy-entry/e0-candidate-dirty.diff
abf9e08240a360be78dcadb2af5fe2f6bcb62f0163a0ed0b80c460b5c3a2d862  ??  artifacts/rust-tauri/R04/RR1-G05-E01/verify-R04-attempt1-flaky-terminal-snapshot/R03_REGRESSION/R02/A16/legacy-entry/e0-candidate-dirty.txt
dafecdaa505ce47155b8f0b1a6b9d326f65e6e84a229add0428c0fb851a0e505  ??  artifacts/rust-tauri/R04/RR1-G05-E01/verify-R04-attempt1-flaky-terminal-snapshot/R03_REGRESSION/R02/A16/legacy-entry/e1-binding-surface-intersect.txt
e478b5019f8dc054385b670fc46863aacb8ae7bb2c6af54b195ae23a7474e9a3  ??  artifacts/rust-tauri/R04/RR1-G05-E01/verify-R04-attempt1-flaky-terminal-snapshot/R03_REGRESSION/R02/A16/legacy-entry/e1-default-entry-assertions.txt
ef2350de6ebbff4c6a51fabb6fb01f20fc0a67edbd04555ea9e9a1603d3e4f19  ??  artifacts/rust-tauri/R04/RR1-G05-E01/verify-R04-attempt1-flaky-terminal-snapshot/R03_REGRESSION/R02/A16/legacy-entry/e1-surface-diff-files.txt
65a8e4d55d1d7b3d0f11e06928569acf896fdaa4c01cf07c3eb17427b16c603a  ??  artifacts/rust-tauri/R04/RR1-G05-E01/verify-R04-attempt1-flaky-terminal-snapshot/R03_REGRESSION/R02/A16/legacy-entry/e5-cause-classes.txt
a6336e88a861d5d65bf8332c6e104672fbecde11272907b15e2847bc36cfc7b2  ??  artifacts/rust-tauri/R04/RR1-G05-E01/verify-R04-attempt1-flaky-terminal-snapshot/R03_REGRESSION/R02/A16/legacy-entry/e5-seal-family.txt
745ced96fedafdd19acffacab86b51080841207a18759ab0b143c5a1325fcc9b  ??  artifacts/rust-tauri/R04/RR1-G05-E01/verify-R04-attempt1-flaky-terminal-snapshot/R03_REGRESSION/R02/A16/legacy-entry/summary.txt
d48ca133e6b8a4416f04ed59fe28c5a8b1b339574242e4e28c6cf7342272f70d  ??  artifacts/rust-tauri/R04/RR1-G05-E01/verify-R04-attempt1-flaky-terminal-snapshot/R03_REGRESSION/candidate-source-after.json
d48ca133e6b8a4416f04ed59fe28c5a8b1b339574242e4e28c6cf7342272f70d  ??  artifacts/rust-tauri/R04/RR1-G05-E01/verify-R04-attempt1-flaky-terminal-snapshot/R03_REGRESSION/candidate-source-before.json
3fd53ccfaeca0291b53bdadac0a69b2a44e207e73a53d82e65157f8763b18504  ??  artifacts/rust-tauri/R04/RR1-G05-E01/verify-R04-attempt1-flaky-terminal-snapshot/R03_REGRESSION/verify-stage-result.json
10a16641e3405663989bf586c36c94e6522cc9932c30df552a4cb308377a9676  ??  artifacts/rust-tauri/R04/RR1-G05-E01/verify-R04-attempt1-flaky-terminal-snapshot/R04_MATRIX/cases/a15-directory-claim-refused.json
09f385efaedc793ea498845967037cfcbfc0fe2c163104737d7ff99e880e98bc  ??  artifacts/rust-tauri/R04/RR1-G05-E01/verify-R04-attempt1-flaky-terminal-snapshot/R04_MATRIX/cases/a15-gateway-audit-directory-ref-failed.json
d0df7dade822790f5735f4ebef501e03b8aa905318cb8a60905b81715d427965  ??  artifacts/rust-tauri/R04/RR1-G05-E01/verify-R04-attempt1-flaky-terminal-snapshot/R04_MATRIX/cases/a15-gateway-audit-fake-ref-failed.json
a0800cd68927a3e79f38730d4c55036813c6947a5675713428917d03a1b44145  ??  artifacts/rust-tauri/R04/RR1-G05-E01/verify-R04-attempt1-flaky-terminal-snapshot/R04_MATRIX/cases/a15-gateway-audit-real-ref-passes.json
8f9b212963fdfce437456018df1536c00c82aa2118f3c3af37532e979ed04f2b  ??  artifacts/rust-tauri/R04/RR1-G05-E01/verify-R04-attempt1-flaky-terminal-snapshot/R04_MATRIX/cases/a15-missing-claim-refused.json
04245f14680505fadaf81819e4b39818cf0d629654f8733039a6ac2e8d68bb98  ??  artifacts/rust-tauri/R04/RR1-G05-E01/verify-R04-attempt1-flaky-terminal-snapshot/R04_MATRIX/cases/a15-out-of-grant-claim-refused.json
e4bb14f7a842ae22ee91e7b3bebdfcc5273aec1410f84eb90970f2bc4dc3fc91  ??  artifacts/rust-tauri/R04/RR1-G05-E01/verify-R04-attempt1-flaky-terminal-snapshot/R04_MATRIX/cases/a15-real-delivery-registered.json
6895d6a72b4da91d630223ce6ad2b8320db84534f721b5748ac0f487c1a29223  ??  artifacts/rust-tauri/R04/RR1-G05-E01/verify-R04-attempt1-flaky-terminal-snapshot/R04_MATRIX/cases/a15-structure-violation-refused.json
94c57b04cb80a3ce8932e58d775b4aaa85affa76e33e34512e4a0bc47ade49a9  ??  artifacts/rust-tauri/R04/RR1-G05-E01/verify-R04-attempt1-flaky-terminal-snapshot/R04_MATRIX/cases/a16-alias-route-covered.json
506ae3c069a2a967546a4ca114bf3e15abac6ebcdb0f7e35b359b12c1cde92b5  ??  artifacts/rust-tauri/R04/RR1-G05-E01/verify-R04-attempt1-flaky-terminal-snapshot/R04_MATRIX/cases/a16-history-preserved.json
901361017912bc20e016d13a2a4f8d701ddee123481ac52c440c176b6d9510aa  ??  artifacts/rust-tauri/R04/RR1-G05-E01/verify-R04-attempt1-flaky-terminal-snapshot/R04_MATRIX/cases/approval-answer-executes-once.json
bd45162c41ae2eec362f6f35bc50015ae2a8266f70ce5f91d5c45e5ad8053270  ??  artifacts/rust-tauri/R04/RR1-G05-E01/verify-R04-attempt1-flaky-terminal-snapshot/R04_MATRIX/cases/approval-duplicate-idempotent.json
bababcc7f3e64579d35c9259a419a674630e4e549217be76c41f04eda4f0bcdc  ??  artifacts/rust-tauri/R04/RR1-G05-E01/verify-R04-attempt1-flaky-terminal-snapshot/R04_MATRIX/cases/approval-reject-zero-dispatch.json
20fd6bee69494fece169e2b99ea1e3085ddffbb071d88ebc23f7dcaeb412c721  ??  artifacts/rust-tauri/R04/RR1-G05-E01/verify-R04-attempt1-flaky-terminal-snapshot/R04_MATRIX/cases/catalog-face-lists-mcp-tools-with-permission.json
a6740bd82388993cca6d0b79d294334e6ad84438d23b819303e84cb2670999df  ??  artifacts/rust-tauri/R04/RR1-G05-E01/verify-R04-attempt1-flaky-terminal-snapshot/R04_MATRIX/cases/future-tool-shape-ast_edit-discoverable-not-callable.json
821137c4819111c5cab65e31fe33146b843d4bc963a7ae66bf3c6139aab4dc68  ??  artifacts/rust-tauri/R04/RR1-G05-E01/verify-R04-attempt1-flaky-terminal-snapshot/R04_MATRIX/cases/future-tool-shape-ast_grep-discoverable-not-callable.json
9827cfcbf4ea963126bc89e02f8247506844fc54c5a0d9086547106cafdcdefd  ??  artifacts/rust-tauri/R04/RR1-G05-E01/verify-R04-attempt1-flaky-terminal-snapshot/R04_MATRIX/cases/future-tool-shape-file-discoverable-not-callable.json
cb8e2db3b924a24b0bf8d611b22015f3a2a10ccc3f6ee16a819bc9388379c7f3  ??  artifacts/rust-tauri/R04/RR1-G05-E01/verify-R04-attempt1-flaky-terminal-snapshot/R04_MATRIX/cases/future-tool-shape-find-discoverable-not-callable.json
1c192846cc1d07ba6864e5dd594b97a48f402ab5519fca2040ecc7edc3d3fd02  ??  artifacts/rust-tauri/R04/RR1-G05-E01/verify-R04-attempt1-flaky-terminal-snapshot/R04_MATRIX/cases/future-tool-shape-grep-discoverable-not-callable.json
bbe14f10f21cc0a2c306c3554804930c3bf5b13c66b6b90cf1c79b465e394c3b  ??  artifacts/rust-tauri/R04/RR1-G05-E01/verify-R04-attempt1-flaky-terminal-snapshot/R04_MATRIX/cases/future-tool-shape-ls-discoverable-not-callable.json
a9b97d5170fb12a3359bdde03aa8fdfc8fe089399cd5f1dc3810dacaf5ac5653  ??  artifacts/rust-tauri/R04/RR1-G05-E01/verify-R04-attempt1-flaky-terminal-snapshot/R04_MATRIX/cases/future-tool-shape-lsp-discoverable-not-callable.json
6bc884d530bd7615a63e4dd9241155689273f4f9c70ccc044e2d91afc8eba4f1  ??  artifacts/rust-tauri/R04/RR1-G05-E01/verify-R04-attempt1-flaky-terminal-snapshot/R04_MATRIX/cases/future-tool-shape-materialize-discoverable-not-callable.json
5904c81036b270e82834b8084ca4b8b9b4492957d7d3ac5a83328f9bdc84b538  ??  artifacts/rust-tauri/R04/RR1-G05-E01/verify-R04-attempt1-flaky-terminal-snapshot/R04_MATRIX/cases/future-tool-shape-run_code-discoverable-not-callable.json
c9d67aa6d2f3fce41a3a011e42ac47399824eae28c54e2b89cf0bdae0dbf8052  ??  artifacts/rust-tauri/R04/RR1-G05-E01/verify-R04-attempt1-flaky-terminal-snapshot/R04_MATRIX/cases/future-tool-shape-security_scan-discoverable-not-callable.json
6cf1880613144cb8b359bd1c195f561f79c42836315ec94767b2336f24a9b783  ??  artifacts/rust-tauri/R04/RR1-G05-E01/verify-R04-attempt1-flaky-terminal-snapshot/R04_MATRIX/cases/future-tool-shape-stage_files-discoverable-not-callable.json
87164a841282a81c7b614451f88f157e89c03336043524a16637aa848d201f59  ??  artifacts/rust-tauri/R04/RR1-G05-E01/verify-R04-attempt1-flaky-terminal-snapshot/R04_MATRIX/cases/gateway-each-call-independent-permission.json
7d3631b38221c7c56e5b77793921c4de3ab067e7097d1c77131e73a3dadb0ce5  ??  artifacts/rust-tauri/R04/RR1-G05-E01/verify-R04-attempt1-flaky-terminal-snapshot/R04_MATRIX/cases/matrix-lifecycle-disable-holes.json
52e2294d2db41ba60884ca74bedd63d9e196def8ea43623c327cf7579c72e6e0  ??  artifacts/rust-tauri/R04/RR1-G05-E01/verify-R04-attempt1-flaky-terminal-snapshot/R04_MATRIX/cases/matrix-lifecycle-generation-refusals.json
710d96abbd53795e2f40639001eee2454a6ce7e5a285c883f9cd62f1b58ebda9  ??  artifacts/rust-tauri/R04/RR1-G05-E01/verify-R04-attempt1-flaky-terminal-snapshot/R04_MATRIX/cases/matrix-lifecycle-uninstall-holes.json
23c16612d569bb60e563215b453c022203ab19f05298ce7c9a3fc080da10b7d2  ??  artifacts/rust-tauri/R04/RR1-G05-E01/verify-R04-attempt1-flaky-terminal-snapshot/R04_MATRIX/cases/matrix-permission-consistency.json
d475fb8c9114bfdf95de5cc202da903bf354241d13f071bce870d8ba2502fd60  ??  artifacts/rust-tauri/R04/RR1-G05-E01/verify-R04-attempt1-flaky-terminal-snapshot/R04_MATRIX/cases/matrix-route-consistency.json
2b451a4a1fd773fba2e107116235dd5f28a06d104c7f7450f221f662510fc070  ??  artifacts/rust-tauri/R04/RR1-G05-E01/verify-R04-attempt1-flaky-terminal-snapshot/R04_MATRIX/cases/matrix-tool-family-count.json
1e442f90436b22848aeb3329ce35c020def0d74ba7d6bbc49eb983573e8e708d  ??  artifacts/rust-tauri/R04/RR1-G05-E01/verify-R04-attempt1-flaky-terminal-snapshot/R04_MATRIX/cases/mcp-connector-catalog-sync.json
02be7eb700e551cb0a000177a0e033872c65ad8b5ef7f46d66c014ecf3fb7150  ??  artifacts/rust-tauri/R04/RR1-G05-E01/verify-R04-attempt1-flaky-terminal-snapshot/R04_MATRIX/cases/mcp-connector-register-handshake.json
905e6508c4c99929579667bd3184014916a117d7522917621f1aea839bdd039e  ??  artifacts/rust-tauri/R04/RR1-G05-E01/verify-R04-attempt1-flaky-terminal-snapshot/R04_MATRIX/cases/mcp-describe-real-identity.json
42c719e1d9f2fdae556b08414f6facea228b729210f804971fb1f41772e1ec5f  ??  artifacts/rust-tauri/R04/RR1-G05-E01/verify-R04-attempt1-flaky-terminal-snapshot/R04_MATRIX/cases/mcp-search-namespaced.json
dfbc531d38332ae34bc27eef48d7c96103f6f7b0cf55e51377608e95deffabc9  ??  artifacts/rust-tauri/R04/RR1-G05-E01/verify-R04-attempt1-flaky-terminal-snapshot/R04_MATRIX/cases/mcp-tool-call-full-chain.json
916eba77e6c3a4f9a8bf58bdf3a14d110fe9b75b22aa316ce7a47412c013fa04  ??  artifacts/rust-tauri/R04/RR1-G05-E01/verify-R04-attempt1-flaky-terminal-snapshot/R04_MATRIX/cases/mcp-tool-permission-face.json
c3f30127a40dfa980a32479cec6547074c067a4d8cd61e858b0aa7dc095455b3  ??  artifacts/rust-tauri/R04/RR1-G05-E01/verify-R04-attempt1-flaky-terminal-snapshot/R04_MATRIX/cases/permission-face-modes-verifiable.json
c51a56cfdce860c73de8e015f088d38b31bbf8e373a0dc6e1c8e43f9b5f80a2c  ??  artifacts/rust-tauri/R04/RR1-G05-E01/verify-R04-attempt1-flaky-terminal-snapshot/R04_MATRIX/cases/preauthorization-single-session-scoped.json
eefd602104c2c290f3a2704acec9cf3923cbf072e0e9ac1e5dad4b1103794f05  ??  artifacts/rust-tauri/R04/RR1-G05-E01/verify-R04-attempt1-flaky-terminal-snapshot/R04_MATRIX/cases/semantics-cancel-leaves-no-fabricated-receipt.json
1c8fced2b48030b05d00ab397c3aa0470c4f068287f841b1c7e53778b43e038d  ??  artifacts/rust-tauri/R04/RR1-G05-E01/verify-R04-attempt1-flaky-terminal-snapshot/R04_MATRIX/cases/semantics-failed-never-dispatched-receipt.json
220379bb262285fad8e6314d35a23f12ba26fcb0e501fe2431141c1a4d28a5a2  ??  artifacts/rust-tauri/R04/RR1-G05-E01/verify-R04-attempt1-flaky-terminal-snapshot/R04_MATRIX/cases/semantics-success-receipt-dispatched.json
8337cc9f0c6c3a4eeb0b4beb6ff1d93acd40878d92c9f16c4649942469017888  ??  artifacts/rust-tauri/R04/RR1-G05-E01/verify-R04-attempt1-flaky-terminal-snapshot/R04_MATRIX/cases/semantics-unknown-receipt-honest.json
cb89e56a59ac812a63576832232489b328ac7abf8041df762e7b1af1e2caa95d  ??  artifacts/rust-tauri/R04/RR1-G05-E01/verify-R04-attempt1-flaky-terminal-snapshot/R04_MATRIX/cases/sup01-ask-subagent-write-refused.json
1b21930f6737d6935a82328d4afb7b4fd7b439c107b48d01b29e4cdfa7399015  ??  artifacts/rust-tauri/R04/RR1-G05-E01/verify-R04-attempt1-flaky-terminal-snapshot/R04_MATRIX/cases/terminal-close-stops-terminal.json
59095540a473b474ab918f20eb08986f6bbb6cbfd08c49b9810963ae37407de5  ??  artifacts/rust-tauri/R04/RR1-G05-E01/verify-R04-attempt1-flaky-terminal-snapshot/R04_MATRIX/cases/terminal-snapshot-current-transcript.json
004a41eae978391bad56ebe5c3e6d2ced1a2c02eda01a37f79abc8867cb5a063  ??  artifacts/rust-tauri/R04/RR1-G05-E01/verify-R04-attempt1-flaky-terminal-snapshot/R04_MATRIX/cases/terminal-tail-cursor-continuation.json
16870fec4c31cd9e67e56d3328c74d20f9213a2e96113c28be3d7f7fe0d28979  ??  artifacts/rust-tauri/R04/RR1-G05-E01/verify-R04-attempt1-flaky-terminal-snapshot/R04_MATRIX/cases/tool-edit-conflict-preserves-user-version.json
bb810a38ce8bfbcafc0d64e1fc2831a08e952dfdc4a057fd99166ef589df1032  ??  artifacts/rust-tauri/R04/RR1-G05-E01/verify-R04-attempt1-flaky-terminal-snapshot/R04_MATRIX/cases/tool-edit-real-chain.json
bec2c6d085918085fb7eb01f8ec54ea53681b68aa489b59bc0a8e9b272c5c02e  ??  artifacts/rust-tauri/R04/RR1-G05-E01/verify-R04-attempt1-flaky-terminal-snapshot/R04_MATRIX/cases/tool-exec-cancel-cleanup.json
c0341bc7ba746aaa51754e5650264b1d7d55e93d55ea2a03df67769834825bcc  ??  artifacts/rust-tauri/R04/RR1-G05-E01/verify-R04-attempt1-flaky-terminal-snapshot/R04_MATRIX/cases/tool-exec-command-real-chain.json
e990fcd2da49cb923f667ea1714cfea3f69c8f3bd0002416761b93ab35d87ec3  ??  artifacts/rust-tauri/R04/RR1-G05-E01/verify-R04-attempt1-flaky-terminal-snapshot/R04_MATRIX/cases/tool-read-real-chain.json
ea288f832ccf584b20e6d0ef80d0116568fd2c989aff55d985adce98266f5f62  ??  artifacts/rust-tauri/R04/RR1-G05-E01/verify-R04-attempt1-flaky-terminal-snapshot/R04_MATRIX/cases/tool-write-real-chain.json
52e2d9bbf2b9890f5b4d03bf7c27cfb6c82322790e254fc813b47b7f093d939f  ??  artifacts/rust-tauri/R04/RR1-G05-E01/verify-R04-attempt1-flaky-terminal-snapshot/R04_MATRIX/cases/tool-write-stdin-continuation.json
83f514b83ad20e51f11205b345ebcce85d4423a69379cb2a9804c8ceaf07a027  ??  artifacts/rust-tauri/R04/RR1-G05-E01/verify-R04-attempt1-flaky-terminal-snapshot/R04_MATRIX/cases/tool-write-stdin-foreign-writes.json
c471fa08013c67ab99fb67a5e4e430f83cfc349758cdc601fb53e35b1ee28397  ??  artifacts/rust-tauri/R04/RR1-G05-E01/verify-R04-attempt1-flaky-terminal-snapshot/R04_MATRIX/leaf-cases.json
1dbc5972065a848f6d2d8456df0891660c2c695ca72f24c3d4bd7fde395b462e  ??  artifacts/rust-tauri/R04/RR1-G05-E01/verify-R04-attempt1-flaky-terminal-snapshot/R04_MATRIX/matrix-counts.json
4d427e411d4094175bda8b798c0114af4830967a0acf48fd27ee7f9e11c1fd46  ??  artifacts/rust-tauri/R04/RR1-G05-E01/verify-R04-attempt1-flaky-terminal-snapshot/R04_MATRIX/summary.txt
03e75607ce89dd2e535b6cf22efaed7cf04a57924ed973dec1a260cb30c15557  ??  artifacts/rust-tauri/R04/RR1-G05-E01/verify-R04-attempt1-flaky-terminal-snapshot/R04_RR1_REPAIR/cases.jsonl
b4fd3ba1d5faec40aabb94b266bc3484540894de3ccac3756469a6737878300a  ??  artifacts/rust-tauri/R04/RR1-G05-E01/verify-R04-attempt1-flaky-terminal-snapshot/R04_RR1_REPAIR/cid-table.txt
e3b0c44298fc1c149afbf4c8996fb92427ae41e4649b934ca495991b7852b855  ??  artifacts/rust-tauri/R04/RR1-G05-E01/verify-R04-attempt1-flaky-terminal-snapshot/R04_RR1_REPAIR/gaps.txt
ba844bee5f873a8bb6499613c3ac20e7d0807fd4d848e52c3021047ed6b60bd7  ??  artifacts/rust-tauri/R04/RR1-G05-E01/verify-R04-attempt1-flaky-terminal-snapshot/R04_RR1_REPAIR/pin-table.txt
e3a88bae43771884e0e5533f962b936823b53d97a6a31a19b8bbdf8fd6ea8ad8  ??  artifacts/rust-tauri/R04/RR1-G05-E01/verify-R04-attempt1-flaky-terminal-snapshot/R04_RR1_REPAIR/rr1-cases.json
a5320ab81cc9b04ac125140a9bffca4f8fd222c774b5109b4c869beed40631bf  ??  artifacts/rust-tauri/R04/RR1-G05-E01/verify-R04-attempt1-flaky-terminal-snapshot/R04_RR1_REPAIR/summary.txt
cbe0daa974514d3bd672ca6e4623071bf7b15b0d2dc05cb42c8c01e70a828a48  ??  artifacts/rust-tauri/R04/RR1-G05-E01/verify-R04-attempt1-flaky-terminal-snapshot/candidate-source-after.json
cbe0daa974514d3bd672ca6e4623071bf7b15b0d2dc05cb42c8c01e70a828a48  ??  artifacts/rust-tauri/R04/RR1-G05-E01/verify-R04-attempt1-flaky-terminal-snapshot/candidate-source-before.json
00adc9411dee4a50594a79cda4b91d37631cea29a0fa4ee64b800c21fdf183b2  ??  artifacts/rust-tauri/R04/RR1-G05-E01/verify-R04-attempt1-flaky-terminal-snapshot/verify-stage-result.json
f5b0981175fe9bd307c7bb4e8dcb8490cfa58585d62d9c3e2f7eb03e4e875e54  ??  artifacts/rust-tauri/R04/RR1-G05-E01/verify-R04/R03_REGRESSION/A15/cases/background-run-completes-decoupled.json
fda5f46e011354371ff149d97818d48d3b78dca205e17e8a7b39dba1cb4013e6  ??  artifacts/rust-tauri/R04/RR1-G05-E01/verify-R04/R03_REGRESSION/A15/cases/background-survives-unrelated-cancel.json
92eebd1162583e5ed42a8e61a80b5c84e94753ed6562c35c930ebb65f6e23f01  ??  artifacts/rust-tauri/R04/RR1-G05-E01/verify-R04/R03_REGRESSION/A15/cases/cancel-live-run-accepted-terminal-cancelled.json
edc380e78d3b8f95b51f12c2bbfcb702760327da3f20bd6c9f456b5c7e0934de  ??  artifacts/rust-tauri/R04/RR1-G05-E01/verify-R04/R03_REGRESSION/A15/cases/cancel-terminal-run-already-terminal.json
e320e539d701e4f285fcff1a42629b28016fa5f103e77fccb5c1ddf921155742  ??  artifacts/rust-tauri/R04/RR1-G05-E01/verify-R04/R03_REGRESSION/A15/cases/cancel-unknown-run-not-found.json
a513a19cd5ca9bc857d2e01c9be7ec61e3e5677e7d1948db618b31fb7aba127a  ??  artifacts/rust-tauri/R04/RR1-G05-E01/verify-R04/R03_REGRESSION/A15/cases/cancel-waiting-approval-cancels-cleanly.json
602b436fbd1f0de778ca086853030197fe28a3fde1a5f694ebea64e4f8779c8a  ??  artifacts/rust-tauri/R04/RR1-G05-E01/verify-R04/R03_REGRESSION/A15/cases/combo-cancel-stream-terminal-cancelled.json
b24ff9cdbb08092492dd68815bdf3c4a6f38c8e2a42cd79c30abbfcacdfef745  ??  artifacts/rust-tauri/R04/RR1-G05-E01/verify-R04/R03_REGRESSION/A15/cases/combo-crash-recovery-honest-interrupted.json
d9e8dea9429b0f0c9fc86be7f31dcd96b4b227e1174dcdea6d1f00b177ec2987  ??  artifacts/rust-tauri/R04/RR1-G05-E01/verify-R04/R03_REGRESSION/A15/cases/combo-cross-session-both-complete.json
106bebd1aa293f120bb83f22b33de1e19ae817a4963587e2ee17be8731293349  ??  artifacts/rust-tauri/R04/RR1-G05-E01/verify-R04/R03_REGRESSION/A15/cases/combo-duplicate-conflict-rejected.json
eafb37ffcb4d76d45d58a64d80d9ef413064c1f979d64ba1cc2e609d147963fc  ??  artifacts/rust-tauri/R04/RR1-G05-E01/verify-R04/R03_REGRESSION/A15/cases/combo-duplicate-replay-no-second-run.json
346e6cb6ae16f125e4bbfdbf24d2bbcf63c92fa9642b2676fa06a78bfa1e8fdb  ??  artifacts/rust-tauri/R04/RR1-G05-E01/verify-R04/R03_REGRESSION/A15/cases/combo-events-subscriber-saw-terminal.json
97a0c8f8404d1c042f8f7efd240d5d5f5446103b21bcccf9c5c90461b6082043  ??  artifacts/rust-tauri/R04/RR1-G05-E01/verify-R04/R03_REGRESSION/A15/cases/combo-multi-tool-three-calls.json
aa936466e694a90f4087b7ae928f7c9b96ae1450073774fcb29d177dfa59c7b6  ??  artifacts/rust-tauri/R04/RR1-G05-E01/verify-R04/R03_REGRESSION/A15/cases/combo-multi-turn-one-terminal.json
f7bdd9e301d37d6a062e13225cfc84d7e96c1f88cd75d34e300ab00dd0fad0a0  ??  artifacts/rust-tauri/R04/RR1-G05-E01/verify-R04/R03_REGRESSION/A15/cases/combo-normal-run-completed.json
51d8bd26cb2f29bee74097b5ef9a36e3389a56a1c7127e86fa36d75a8106659e  ??  artifacts/rust-tauri/R04/RR1-G05-E01/verify-R04/R03_REGRESSION/A15/cases/combo-out-of-order-late-result-fenced.json
e18f1fcb5cc4af47da6184707fb88e0c0ed656f1fafffe8020a3001c9826c931  ??  artifacts/rust-tauri/R04/RR1-G05-E01/verify-R04/R03_REGRESSION/A15/cases/combo-timeout-budget-loud-failure.json
ccbc0f5c630f404851ca1c561fd5c73421ba9b217ceeff29973b263f05e30888  ??  artifacts/rust-tauri/R04/RR1-G05-E01/verify-R04/R03_REGRESSION/A15/cases/parent-cancel-stops-child-run.json
d72d7e1151ea38a4eeb9ad435aa66dc376039e41ff714f9f550e1f2c8934585a  ??  artifacts/rust-tauri/R04/RR1-G05-E01/verify-R04/R03_REGRESSION/A15/cases/reconnect-resume-no-model-restart.json
5d89ed42d309bfcfd13956b901f209eb432200e88c2ae1eea74d6eaffe625b2a  ??  artifacts/rust-tauri/R04/RR1-G05-E01/verify-R04/R03_REGRESSION/A15/cases/steer-busy-accepted.json
360ccd0c00f5114974f5f2967860d1c339a2e2baa808a2f5dca49f334fe0d386  ??  artifacts/rust-tauri/R04/RR1-G05-E01/verify-R04/R03_REGRESSION/A15/cases/steer-idle-miss.json
d00e58227225a313e612b18019d7f95a07382b0426ab7fbeb39bc4b05b740cc5  ??  artifacts/rust-tauri/R04/RR1-G05-E01/verify-R04/R03_REGRESSION/A15/cases/steer-text-drained-into-model-input.json
1d91fbec57470aebfedf338d49c5109fdd0216e02d720737ed53335eb06ae4c8  ??  artifacts/rust-tauri/R04/RR1-G05-E01/verify-R04/R03_REGRESSION/A15/cases/subagent-child-cancel-stops-child-only.json
25c6b5b26b72b0a4408db94f4f0e40b77faa84d32ccfeaffaf04e29fb20c07c9  ??  artifacts/rust-tauri/R04/RR1-G05-E01/verify-R04/R03_REGRESSION/A15/cases/subagent-close-thread-closed-status.json
c8d7de61de38e7dfa38ea3376602da5c50882e6d6238c3a1ff61b6ac7df04418  ??  artifacts/rust-tauri/R04/RR1-G05-E01/verify-R04/R03_REGRESSION/A15/cases/subagent-dispatch-child-lineage-recorded.json
dce5bbb9b54961ee64c8634f90f4f2600975918f6a2590b57b7b28dd425016bd  ??  artifacts/rust-tauri/R04/RR1-G05-E01/verify-R04/R03_REGRESSION/A15/cases/subagent-escalation-write-denied-zero-children.json
dcd19d358a8a5e560042eee304f1f5460d1c79ba1a64d611fb1007b830562010  ??  artifacts/rust-tauri/R04/RR1-G05-E01/verify-R04/R03_REGRESSION/A15/cases/subagent-policy-proactive-delegation-default-off.json
ffef3903ae224f661b415622ed9c76da5e265c01a9c15b867f429c1f6d10ef15  ??  artifacts/rust-tauri/R04/RR1-G05-E01/verify-R04/R03_REGRESSION/A15/cases/subagent-reply-continues-thread.json
d097c60f1416e1febc17bd0959b1c9252ca9be86b6a1e982d42d9240a38b107e  ??  artifacts/rust-tauri/R04/RR1-G05-E01/verify-R04/R03_REGRESSION/A15/combo-counts.json
4c56fd82542a56017ef5e59d3b0c9752ede52032f31f31c24c2de458153ad296  ??  artifacts/rust-tauri/R04/RR1-G05-E01/verify-R04/R03_REGRESSION/A15/combos/cancel-approval-wait.json
f861ce9b1dbe64f781134bae916b9c8f2503f4ad8572e98bfc18d180a4e35e33  ??  artifacts/rust-tauri/R04/RR1-G05-E01/verify-R04/R03_REGRESSION/A15/combos/cancel-stream-read.json
76b74d822e65d068718af971eb29865cc4891a50d128a35b0bc955cc3b6b65a2  ??  artifacts/rust-tauri/R04/RR1-G05-E01/verify-R04/R03_REGRESSION/A15/combos/crash-recovery.json
ef5545b54a472c39f9b09d995f9ba2e3671618a56d4de3eb7fe4fad24d81f22b  ??  artifacts/rust-tauri/R04/RR1-G05-E01/verify-R04/R03_REGRESSION/A15/combos/cross-session-parallel.json
7f7fd9a6f050ba6811d5b1d7313d11473f92089a4ec0fd2335779e99b59cdaa1  ??  artifacts/rust-tauri/R04/RR1-G05-E01/verify-R04/R03_REGRESSION/A15/combos/duplicate-submission.json
fc9b468ae0f2bd2cfff1a3ead3ba02756e59e73dc0c0a0ebb5142456d1ae38a8  ??  artifacts/rust-tauri/R04/RR1-G05-E01/verify-R04/R03_REGRESSION/A15/combos/leaf-parent-cancel.json
a59635405b3569b1c0c950cb282ecf3749923b36c6b1b5e4d3d21fc3f4458102  ??  artifacts/rust-tauri/R04/RR1-G05-E01/verify-R04/R03_REGRESSION/A15/combos/leaf-steer.json
fd60e4ca043c4073ddf838b3f0fe918436ede45ff7765efc8f1cad42821186f4  ??  artifacts/rust-tauri/R04/RR1-G05-E01/verify-R04/R03_REGRESSION/A15/combos/multi-tool.json
075cad25ce0207f3b49138b8d415d0db78da1005207b2f64d282b478bffa44ae  ??  artifacts/rust-tauri/R04/RR1-G05-E01/verify-R04/R03_REGRESSION/A15/combos/multi-turn-model.json
f94832aef81d68346dd1b25b1ad7312d6bc141a69a616a218b640aa170fbebcb  ??  artifacts/rust-tauri/R04/RR1-G05-E01/verify-R04/R03_REGRESSION/A15/combos/normal.json
44f5b48c4f288ee214f7053e16857997f1fb66a6be241466141301a16c6872e7  ??  artifacts/rust-tauri/R04/RR1-G05-E01/verify-R04/R03_REGRESSION/A15/combos/timeout-budget.json
505ecfbac3942739846be3a188cabea9d26c9641628253767c5457bdff2ab44f  ??  artifacts/rust-tauri/R04/RR1-G05-E01/verify-R04/R03_REGRESSION/A15/leaf-cases.json
bdaad3ebf5ff0689f1652a4b7c24716f5b0138db8876d8941ceb6bbe390650fa  ??  artifacts/rust-tauri/R04/RR1-G05-E01/verify-R04/R03_REGRESSION/A15/summary.txt
c9abcd886c96b269f74db48c7b6e4887ce864e0bf81dc4813aaaeb0dfb58af48  ??  artifacts/rust-tauri/R04/RR1-G05-E01/verify-R04/R03_REGRESSION/R02/A05_A06/.last-body
1319bbe558a1a9043433da92529bc8c24d2b6fbcabc962836a938e946e273399  ??  artifacts/rust-tauri/R04/RR1-G05-E01/verify-R04/R03_REGRESSION/R02/A05_A06/body-limit.txt
c0c19dff508a998f0c6e1fbf2643c2d78647cd6495bc53c57d2566877a3abc0b  ??  artifacts/rust-tauri/R04/RR1-G05-E01/verify-R04/R03_REGRESSION/R02/A05_A06/cli-sessions-limit-case.json
6d28e17e1163a7c122ab75ff848535fc15da5ead8e136d3c4e7716c6fb72b5f9  ??  artifacts/rust-tauri/R04/RR1-G05-E01/verify-R04/R03_REGRESSION/R02/A05_A06/creds-after-authz.json
d317815efe67ccd052bfceb99ed59af5e75dc2ab165f5c8b5df20fef5048b291  ??  artifacts/rust-tauri/R04/RR1-G05-E01/verify-R04/R03_REGRESSION/R02/A05_A06/creds-before-authz.json
9d36adc1d010997e7b431834aeca94a93fee9e7b4ec8bb38227340b4458515d0  ??  artifacts/rust-tauri/R04/RR1-G05-E01/verify-R04/R03_REGRESSION/R02/A05_A06/devices-after-authz.json
71a566818d44e9b07d8f7a87436716835cdd17501c2d978e7ff1552c67e7e644  ??  artifacts/rust-tauri/R04/RR1-G05-E01/verify-R04/R03_REGRESSION/R02/A05_A06/devices-before-authz.json
783f035b3ba00811082275764213f2c7fa7eb8d1df22d00b4fb8ef497e23de35  ??  artifacts/rust-tauri/R04/RR1-G05-E01/verify-R04/R03_REGRESSION/R02/A05_A06/leaf-cases.json
c4e54a8c60d55cdf47f9e357b32d7e82835ee24b37542b3eb60f12b8056acea8  ??  artifacts/rust-tauri/R04/RR1-G05-E01/verify-R04/R03_REGRESSION/R02/A05_A06/leaf-cases.ndjson
599ecdafff6d0b56f4285eee195d157f2ffc7b452c10f18d7a49194b7d016d2d  ??  artifacts/rust-tauri/R04/RR1-G05-E01/verify-R04/R03_REGRESSION/R02/A05_A06/me-denied-after.sha256
599ecdafff6d0b56f4285eee195d157f2ffc7b452c10f18d7a49194b7d016d2d  ??  artifacts/rust-tauri/R04/RR1-G05-E01/verify-R04/R03_REGRESSION/R02/A05_A06/me-denied-before.sha256
9901fa4939e8c0683cc392787126273c429530490fdebe18e68d1ad0c6fc2459  ??  artifacts/rust-tauri/R04/RR1-G05-E01/verify-R04/R03_REGRESSION/R02/A05_A06/sessions-list-matrix.json
1b2af31aa455ca346c49747e79b1f5b968ca95bcfed026532e9e3e5155e098f9  ??  artifacts/rust-tauri/R04/RR1-G05-E01/verify-R04/R03_REGRESSION/R02/A05_A06/state-after-authn.txt
bc421b5e135868a17092e7e40be5ca21f9e78dac4dbc7c89eb8291c2e3851fb4  ??  artifacts/rust-tauri/R04/RR1-G05-E01/verify-R04/R03_REGRESSION/R02/A05_A06/state-after.txt
1b2af31aa455ca346c49747e79b1f5b968ca95bcfed026532e9e3e5155e098f9  ??  artifacts/rust-tauri/R04/RR1-G05-E01/verify-R04/R03_REGRESSION/R02/A05_A06/state-before-authz.txt
1b2af31aa455ca346c49747e79b1f5b968ca95bcfed026532e9e3e5155e098f9  ??  artifacts/rust-tauri/R04/RR1-G05-E01/verify-R04/R03_REGRESSION/R02/A05_A06/state-before.txt
056710a3d868929868372e418c2acc182ba3541fadb54e709824c17a09dee05a  ??  artifacts/rust-tauri/R04/RR1-G05-E01/verify-R04/R03_REGRESSION/R02/A05_A06/summary.txt
efb47447b80a1a25be4d220a161387e32a3175684108cb5fd834570bcae4e8e5  ??  artifacts/rust-tauri/R04/RR1-G05-E01/verify-R04/R03_REGRESSION/R02/A05_A06/ws-matrix.json
3813df3919bee5855517917ecf7a184d62475beee260e3612cecb9de89ced3f9  ??  artifacts/rust-tauri/R04/RR1-G05-E01/verify-R04/R03_REGRESSION/R02/A07_A08/last-db-hashes.txt
e613a984930f45c73fa5aa79af6955b0ac56faa30868e1da85d84a96a180eee3  ??  artifacts/rust-tauri/R04/RR1-G05-E01/verify-R04/R03_REGRESSION/R02/A07_A08/s1-counts-after-stop.json
6e11d3157e36f2f24de72943cc5df97aec8475c1e95a29c6fed9cc451e41da10  ??  artifacts/rust-tauri/R04/RR1-G05-E01/verify-R04/R03_REGRESSION/R02/A07_A08/s2-counts-after-crash.json
559ed14ea74399a7b06b5e36fe3fd73c43a5a151fa0defd5c666d314fd2ab5d3  ??  artifacts/rust-tauri/R04/RR1-G05-E01/verify-R04/R03_REGRESSION/R02/A07_A08/s2-runs-dump.jsonl
482e499b58dedc57bc07c4f8e50809b8ecec5af0a15689a819914d9ac6532bf5  ??  artifacts/rust-tauri/R04/RR1-G05-E01/verify-R04/R03_REGRESSION/R02/A07_A08/s3-fault.err
e3b0c44298fc1c149afbf4c8996fb92427ae41e4649b934ca495991b7852b855  ??  artifacts/rust-tauri/R04/RR1-G05-E01/verify-R04/R03_REGRESSION/R02/A07_A08/s3-fault.out
f403dc7d737c1cc6dea5ddf101bd739746ef813e9ae43ac3f416d362a40b27c2  ??  artifacts/rust-tauri/R04/RR1-G05-E01/verify-R04/R03_REGRESSION/R02/A07_A08/s4-hashes-after.txt
f403dc7d737c1cc6dea5ddf101bd739746ef813e9ae43ac3f416d362a40b27c2  ??  artifacts/rust-tauri/R04/RR1-G05-E01/verify-R04/R03_REGRESSION/R02/A07_A08/s4-hashes-before.txt
fc270aac5328b0f780cf55ed4780c1cf62017444a7309ac91546033933182594  ??  artifacts/rust-tauri/R04/RR1-G05-E01/verify-R04/R03_REGRESSION/R02/A07_A08/s4-migrations-round1.json
fc270aac5328b0f780cf55ed4780c1cf62017444a7309ac91546033933182594  ??  artifacts/rust-tauri/R04/RR1-G05-E01/verify-R04/R03_REGRESSION/R02/A07_A08/s4-migrations-round2.json
fc270aac5328b0f780cf55ed4780c1cf62017444a7309ac91546033933182594  ??  artifacts/rust-tauri/R04/RR1-G05-E01/verify-R04/R03_REGRESSION/R02/A07_A08/s4-migrations-round3.json
993f1c0b9e35c41e988208e8aa0056771153f089171d8e73b2a0c0c6f54a8796  ??  artifacts/rust-tauri/R04/RR1-G05-E01/verify-R04/R03_REGRESSION/R02/A07_A08/service-s1.err
2b91cb8d491ef02121ee92699947810fee065addcea4f8e9515c7df21b673199  ??  artifacts/rust-tauri/R04/RR1-G05-E01/verify-R04/R03_REGRESSION/R02/A07_A08/service-s1.out
4487a2ad75c6c4f46f89389e7c250e0f462a2504baee043567ab60cbf3970a92  ??  artifacts/rust-tauri/R04/RR1-G05-E01/verify-R04/R03_REGRESSION/R02/A07_A08/service-s1b.err
581fd7dca702b7d25ccbb144d8a67ef961e537602c60a88f5ebde1f35a932df5  ??  artifacts/rust-tauri/R04/RR1-G05-E01/verify-R04/R03_REGRESSION/R02/A07_A08/service-s1b.out
94cbdd2e2820cf11bd413c6dbaf9b2fd435593413aa9040ffc15fd819618e7ed  ??  artifacts/rust-tauri/R04/RR1-G05-E01/verify-R04/R03_REGRESSION/R02/A07_A08/service-s2.err
3d469b50b4f57c75a1989b1d2939b5387f8c50630402b4f5200d30b45f574389  ??  artifacts/rust-tauri/R04/RR1-G05-E01/verify-R04/R03_REGRESSION/R02/A07_A08/service-s2.out
6490d53517213faacca56ac23a90f23df77dadd06eb77aef58541335d66523ad  ??  artifacts/rust-tauri/R04/RR1-G05-E01/verify-R04/R03_REGRESSION/R02/A07_A08/service-s2b.err
dab14bc7a4dec1f4afcfb63a3c47a82c10bd8c0cdeb2005caa10265b473f79a5  ??  artifacts/rust-tauri/R04/RR1-G05-E01/verify-R04/R03_REGRESSION/R02/A07_A08/service-s2b.out
2bb0a5766297a5f47e4d6cb60a424ddd6b4a45c50db029e59caea8ed2b6439e0  ??  artifacts/rust-tauri/R04/RR1-G05-E01/verify-R04/R03_REGRESSION/R02/A07_A08/service-s4-1.err
f0b489ce05a6bb96d246cdf97da1df39778a3fd72defee6b041d0c25d0f27af7  ??  artifacts/rust-tauri/R04/RR1-G05-E01/verify-R04/R03_REGRESSION/R02/A07_A08/service-s4-1.out
c05971d7f44cc3abaabc61c40388c36a70b53efdd726ed6baf9a2223271f93a7  ??  artifacts/rust-tauri/R04/RR1-G05-E01/verify-R04/R03_REGRESSION/R02/A07_A08/service-s4-2.err
7e0c8c7d60b6720409f33dd509da41c3c969ec859b85fed2e43e1ca076d18ae9  ??  artifacts/rust-tauri/R04/RR1-G05-E01/verify-R04/R03_REGRESSION/R02/A07_A08/service-s4-2.out
0dc2b6c2e6d9d7521fc3b533dd8eddbd1f89e795ff4d5a1b6c50af0540613ee5  ??  artifacts/rust-tauri/R04/RR1-G05-E01/verify-R04/R03_REGRESSION/R02/A07_A08/service-s4-3.err
bfb7047ed0f6da9573ee82e0373163d2d8f40deca3ba7acd139a7cb1f2541ddb  ??  artifacts/rust-tauri/R04/RR1-G05-E01/verify-R04/R03_REGRESSION/R02/A07_A08/service-s4-3.out
686f1df910b0955a44a65ebd283ba829aaed188db03b82f58d4e507567eced9d  ??  artifacts/rust-tauri/R04/RR1-G05-E01/verify-R04/R03_REGRESSION/R02/A07_A08/service.addr
2f3a9ba3e967ddf6bdf47476001febfd83eadf16577baf2a45ce123a9c7cde26  ??  artifacts/rust-tauri/R04/RR1-G05-E01/verify-R04/R03_REGRESSION/R02/A07_A08/service.pid
ef0c69072110e13bcf354619c10a98d842e8e82779465f9daa468de30a268a6b  ??  artifacts/rust-tauri/R04/RR1-G05-E01/verify-R04/R03_REGRESSION/R02/A07_A08/summary.txt
dd63f79ce1a39fdef735dbb9eb292c3f8a45db77c2513d3cc7379e5dbe13749e  ??  artifacts/rust-tauri/R04/RR1-G05-E01/verify-R04/R03_REGRESSION/R02/A11/backup-restore/s1-backup-dir-listing.txt
053de43b4355d76ba0486eada139277cfa58c3e4c214a15db9b57448b3e2d27e  ??  artifacts/rust-tauri/R04/RR1-G05-E01/verify-R04/R03_REGRESSION/R02/A11/backup-restore/s1-backup-outcome.json
e3b0c44298fc1c149afbf4c8996fb92427ae41e4649b934ca495991b7852b855  ??  artifacts/rust-tauri/R04/RR1-G05-E01/verify-R04/R03_REGRESSION/R02/A11/backup-restore/s1-backup.err
837d70d8574cc399d7096eac6ac25d01a405b7449af7883b09939ebab116bd66  ??  artifacts/rust-tauri/R04/RR1-G05-E01/verify-R04/R03_REGRESSION/R02/A11/backup-restore/s1-restore-outcome.json
e3b0c44298fc1c149afbf4c8996fb92427ae41e4649b934ca495991b7852b855  ??  artifacts/rust-tauri/R04/RR1-G05-E01/verify-R04/R03_REGRESSION/R02/A11/backup-restore/s1-restore.err
c5c5b494a1710d26d9147011bb5ba0eec0e64f3b679062d134c882b980e6b515  ??  artifacts/rust-tauri/R04/RR1-G05-E01/verify-R04/R03_REGRESSION/R02/A11/backup-restore/s1-restored-dump.jsonl
16055dffaa27916f12a84010eab23439c3936fc9e5175ad6e9f10921cc40d2fc  ??  artifacts/rust-tauri/R04/RR1-G05-E01/verify-R04/R03_REGRESSION/R02/A11/backup-restore/s1-restored-hash.txt
c5c5b494a1710d26d9147011bb5ba0eec0e64f3b679062d134c882b980e6b515  ??  artifacts/rust-tauri/R04/RR1-G05-E01/verify-R04/R03_REGRESSION/R02/A11/backup-restore/s1-source-dump.jsonl
bdf1cb432f32d27768130581d73a3fe5861f0d695b1c8fc2d95c0561999b7493  ??  artifacts/rust-tauri/R04/RR1-G05-E01/verify-R04/R03_REGRESSION/R02/A11/backup-restore/s1-source-hash.txt
951e1f2cedf4a978898a4f9e620777561b8381ece9faf4223f8594a201f47f74  ??  artifacts/rust-tauri/R04/RR1-G05-E01/verify-R04/R03_REGRESSION/R02/A11/backup-restore/s1-wal-size.txt
e3b0c44298fc1c149afbf4c8996fb92427ae41e4649b934ca495991b7852b855  ??  artifacts/rust-tauri/R04/RR1-G05-E01/verify-R04/R03_REGRESSION/R02/A11/backup-restore/s3-backup-out.json
3f8f0f4d7174085d9033654215d0ae6c08cca115187eaa48ad68eddd42beb402  ??  artifacts/rust-tauri/R04/RR1-G05-E01/verify-R04/R03_REGRESSION/R02/A11/backup-restore/s3-backup.err
9b33c4d50a9f7a0434980244454a85ce4288c7323241cf9ff22c50e6b8f8dd85  ??  artifacts/rust-tauri/R04/RR1-G05-E01/verify-R04/R03_REGRESSION/R02/A11/backup-restore/s4-ws-probe.json
a4c3ed04a95a3da14a9d235c83d868bed7c0f45cf7f3faa751ee8f50598d2211  ??  artifacts/rust-tauri/R04/RR1-G05-E01/verify-R04/R03_REGRESSION/R02/A11/backup-restore/s4-ws-probe.json.probe-done
b7a81f24fef04f7d14c626888e68c17a3b5d354ca5d5b63d1b009b6a4545f778  ??  artifacts/rust-tauri/R04/RR1-G05-E01/verify-R04/R03_REGRESSION/R02/A11/backup-restore/service-s1.addr
fc97d4b51a534fc2492055e4520f6f8032716ee4751352f87c8b0347f2c12d26  ??  artifacts/rust-tauri/R04/RR1-G05-E01/verify-R04/R03_REGRESSION/R02/A11/backup-restore/service-s1.err
dea9cea934e51d4a38fdc5454c982703d7dfd18e5a57fe8b48ec12e0d480665f  ??  artifacts/rust-tauri/R04/RR1-G05-E01/verify-R04/R03_REGRESSION/R02/A11/backup-restore/service-s1.out
d626446e1a34ac8e4fc05dfdbf9ebf4f68a863d9c172a079adfb2abb8ede079c  ??  artifacts/rust-tauri/R04/RR1-G05-E01/verify-R04/R03_REGRESSION/R02/A11/backup-restore/service-s2.addr
ac9685456ff7560dab594ec443538352cd9bffc1939b6d5cbe92918ea8bf2bc7  ??  artifacts/rust-tauri/R04/RR1-G05-E01/verify-R04/R03_REGRESSION/R02/A11/backup-restore/service-s2.err
2a064a910442900dd0d343eed0143a5553af8e6fa28773fae53b52b7eb2f233e  ??  artifacts/rust-tauri/R04/RR1-G05-E01/verify-R04/R03_REGRESSION/R02/A11/backup-restore/service-s2.out
cf3ac48f522a6ad8d380743029e927cec92361424390357c30e2b71a94e73358  ??  artifacts/rust-tauri/R04/RR1-G05-E01/verify-R04/R03_REGRESSION/R02/A11/backup-restore/service-s4.addr
dfd4019ee817f656f9541dbb4b16f45a0ab45f4de7fe0911d402552f6266af2e  ??  artifacts/rust-tauri/R04/RR1-G05-E01/verify-R04/R03_REGRESSION/R02/A11/backup-restore/service-s4.err
feb2fff260a8e4a924c0b700fb8f846b607e1ac539cf84bc4937d0e26c37afee  ??  artifacts/rust-tauri/R04/RR1-G05-E01/verify-R04/R03_REGRESSION/R02/A11/backup-restore/service-s4.out
d2fd53a45f0c31655a91c28334323393afe3d410dc7efca17eec7adb8e3927cb  ??  artifacts/rust-tauri/R04/RR1-G05-E01/verify-R04/R03_REGRESSION/R02/A11/backup-restore/service.pid
668ed90314dae2acbb6362721a735ad323dcedd827e5ccc35d22848e6361a2f5  ??  artifacts/rust-tauri/R04/RR1-G05-E01/verify-R04/R03_REGRESSION/R02/A11/backup-restore/summary.txt
86bc25be5d5c68ef44bd7701c6f7704dc77cfd3e9f23d5ab68aa6110a2337b17  ??  artifacts/rust-tauri/R04/RR1-G05-E01/verify-R04/R03_REGRESSION/R02/A12/recovery-drill/coexist-after.txt
86bc25be5d5c68ef44bd7701c6f7704dc77cfd3e9f23d5ab68aa6110a2337b17  ??  artifacts/rust-tauri/R04/RR1-G05-E01/verify-R04/R03_REGRESSION/R02/A12/recovery-drill/coexist-before.txt
8d6f04544416f082c26d0343adacc413986783899cf9760ceed4fb553e772b87  ??  artifacts/rust-tauri/R04/RR1-G05-E01/verify-R04/R03_REGRESSION/R02/A12/recovery-drill/own-created-homes.txt
79be6d64aa93bf457e5b337dfa16a187af549e49a08c7760b4ddb0f61bedf8ac  ??  artifacts/rust-tauri/R04/RR1-G05-E01/verify-R04/R03_REGRESSION/R02/A12/recovery-drill/summary.txt
7b2f675d535131e9ee3b95eb996b520af42000b1efea572dc62eff72fd758a84  ??  artifacts/rust-tauri/R04/RR1-G05-E01/verify-R04/R03_REGRESSION/R02/A12/recovery-drill/v1-hashes-after.txt
7b2f675d535131e9ee3b95eb996b520af42000b1efea572dc62eff72fd758a84  ??  artifacts/rust-tauri/R04/RR1-G05-E01/verify-R04/R03_REGRESSION/R02/A12/recovery-drill/v1-hashes-before.txt
0fa4794c73abd4668bc951ceb91c8abbb07a074bd067d3c42031c69592cde961  ??  artifacts/rust-tauri/R04/RR1-G05-E01/verify-R04/R03_REGRESSION/R02/A12/recovery-drill/v1.err
e3b0c44298fc1c149afbf4c8996fb92427ae41e4649b934ca495991b7852b855  ??  artifacts/rust-tauri/R04/RR1-G05-E01/verify-R04/R03_REGRESSION/R02/A12/recovery-drill/v1.out
fcb269f1fc43e20619871bab0f6e464d30773313e55b17f725fc62249ab521be  ??  artifacts/rust-tauri/R04/RR1-G05-E01/verify-R04/R03_REGRESSION/R02/A12/recovery-drill/v2-hashes-after.txt
fcb269f1fc43e20619871bab0f6e464d30773313e55b17f725fc62249ab521be  ??  artifacts/rust-tauri/R04/RR1-G05-E01/verify-R04/R03_REGRESSION/R02/A12/recovery-drill/v2-hashes-before.txt
0298471f5a1fdd6656bc0e91fa9d6898cca03bc2ec56d9b8d64f4de057695f7c  ??  artifacts/rust-tauri/R04/RR1-G05-E01/verify-R04/R03_REGRESSION/R02/A12/recovery-drill/v2.err
e3b0c44298fc1c149afbf4c8996fb92427ae41e4649b934ca495991b7852b855  ??  artifacts/rust-tauri/R04/RR1-G05-E01/verify-R04/R03_REGRESSION/R02/A12/recovery-drill/v2.out
a33ffd69acb495d9a221778bb2317e4cef00e4d752d794b9c1267890666ec43d  ??  artifacts/rust-tauri/R04/RR1-G05-E01/verify-R04/R03_REGRESSION/R02/A12/recovery-drill/v3-hashes-after.txt
a33ffd69acb495d9a221778bb2317e4cef00e4d752d794b9c1267890666ec43d  ??  artifacts/rust-tauri/R04/RR1-G05-E01/verify-R04/R03_REGRESSION/R02/A12/recovery-drill/v3-hashes-before.txt
0ed0bafd3ba140cfabec37204cc98baaf91b5473aa4f0dd975330cb1a3db2119  ??  artifacts/rust-tauri/R04/RR1-G05-E01/verify-R04/R03_REGRESSION/R02/A12/recovery-drill/v3.err
e3b0c44298fc1c149afbf4c8996fb92427ae41e4649b934ca495991b7852b855  ??  artifacts/rust-tauri/R04/RR1-G05-E01/verify-R04/R03_REGRESSION/R02/A12/recovery-drill/v3.out
ad26e78d9ccbbb7c016257edbadb68fdadfc1f4a9abf2c5a222f0669a7b91b68  ??  artifacts/rust-tauri/R04/RR1-G05-E01/verify-R04/R03_REGRESSION/R02/A12/recovery-drill/v4.err
153c27b39dbc048695e8193900836d2dc1d579c9d39592f71c36b7932988b04f  ??  artifacts/rust-tauri/R04/RR1-G05-E01/verify-R04/R03_REGRESSION/R02/A12/recovery-drill/v4.out
390cd6ed4126d76b74594a7f6296d9c08ace88ee32c7989246ab836704ebeba4  ??  artifacts/rust-tauri/R04/RR1-G05-E01/verify-R04/R03_REGRESSION/R02/A12/recovery-drill/v5-hashes-after.txt
390cd6ed4126d76b74594a7f6296d9c08ace88ee32c7989246ab836704ebeba4  ??  artifacts/rust-tauri/R04/RR1-G05-E01/verify-R04/R03_REGRESSION/R02/A12/recovery-drill/v5-hashes-before.txt
78e2d200e0dc818b68cc70fcd750937f1be743e53f21075c0eb9c62583c292db  ??  artifacts/rust-tauri/R04/RR1-G05-E01/verify-R04/R03_REGRESSION/R02/A12/recovery-drill/v5.err
e3b0c44298fc1c149afbf4c8996fb92427ae41e4649b934ca495991b7852b855  ??  artifacts/rust-tauri/R04/RR1-G05-E01/verify-R04/R03_REGRESSION/R02/A12/recovery-drill/v5.out
138608fd0c62b9111fad16dc1913c9463a563b9a07b638e84a5c4c0778cc3718  ??  artifacts/rust-tauri/R04/RR1-G05-E01/verify-R04/R03_REGRESSION/R02/A12/recovery-drill/v6-recovered-dump.jsonl
27badc983df1780b60c2b3fa9d3a19a00e46aac798451f0febdca52920faaddf  ??  artifacts/rust-tauri/R04/RR1-G05-E01/verify-R04/R03_REGRESSION/R02/A12/recovery-drill/v6-seed-execute.txt
977d282a4880507a08e434c476ac52b23287361b78cfb2e73a7085ad39e2c4a4  ??  artifacts/rust-tauri/R04/RR1-G05-E01/verify-R04/R03_REGRESSION/R02/A12/recovery-drill/v6-seed.err
9eeeb9c696dd0728efa57b180f007bfa09046f095c3625d68462bb4ff4de5607  ??  artifacts/rust-tauri/R04/RR1-G05-E01/verify-R04/R03_REGRESSION/R02/A12/recovery-drill/v6-seed.out
738b4e7726cc7339ba83ec6089d390abe822ad1052820d043ed0e0703724657c  ??  artifacts/rust-tauri/R04/RR1-G05-E01/verify-R04/R03_REGRESSION/R02/A12/recovery-drill/v6.err
8557045df8b12617e0fadf4f9f69c1367b5a0a2276871aa8ea0b72b6a2570b92  ??  artifacts/rust-tauri/R04/RR1-G05-E01/verify-R04/R03_REGRESSION/R02/A12/recovery-drill/v6.out
fa14b2441dfd1be5af584c54d06000875491d92f4dd4c468db1fe578e5a3f6a9  ??  artifacts/rust-tauri/R04/RR1-G05-E01/verify-R04/R03_REGRESSION/R02/A12/recovery-drill/v7-hashes-after.txt
fa14b2441dfd1be5af584c54d06000875491d92f4dd4c468db1fe578e5a3f6a9  ??  artifacts/rust-tauri/R04/RR1-G05-E01/verify-R04/R03_REGRESSION/R02/A12/recovery-drill/v7-hashes-before.txt
869c903ab9dd4ad72186e9956109c406d52e1211f8a4cfb13ca41b242123a338  ??  artifacts/rust-tauri/R04/RR1-G05-E01/verify-R04/R03_REGRESSION/R02/A12/recovery-drill/v7-seed.err
c45a1dffe676a80e34c3c6f46cea96dc89577f047ba6f47a769eac6316a48243  ??  artifacts/rust-tauri/R04/RR1-G05-E01/verify-R04/R03_REGRESSION/R02/A12/recovery-drill/v7-seed.out
442ba074d33291bd3ca4ec27891578a789b37df7d65929014fb7d3b17e07412e  ??  artifacts/rust-tauri/R04/RR1-G05-E01/verify-R04/R03_REGRESSION/R02/A12/recovery-drill/v7.err
e3b0c44298fc1c149afbf4c8996fb92427ae41e4649b934ca495991b7852b855  ??  artifacts/rust-tauri/R04/RR1-G05-E01/verify-R04/R03_REGRESSION/R02/A12/recovery-drill/v7.out
fc6e2a3330a3227ccdfc74996660eb676633878ba9bafce97028cf72b6462833  ??  artifacts/rust-tauri/R04/RR1-G05-E01/verify-R04/R03_REGRESSION/R02/A12/recovery-drill/v8-observed.err
55bcc03fb7b514dc74cccb73daf64f82a655c05339ceb95dcdae7175480519df  ??  artifacts/rust-tauri/R04/RR1-G05-E01/verify-R04/R03_REGRESSION/R02/A12/recovery-drill/v8-seed.err
6613bcf5aa48394c26ccb98fafaac7995690e037e36835ebf4aad21cf14296f3  ??  artifacts/rust-tauri/R04/RR1-G05-E01/verify-R04/R03_REGRESSION/R02/A12/recovery-drill/v8-seed.out
fc6e2a3330a3227ccdfc74996660eb676633878ba9bafce97028cf72b6462833  ??  artifacts/rust-tauri/R04/RR1-G05-E01/verify-R04/R03_REGRESSION/R02/A12/recovery-drill/v8.err
0c909a91ebfafec858f7388008c82800316fbe5ca18c131f276c0b1dcd07b19b  ??  artifacts/rust-tauri/R04/RR1-G05-E01/verify-R04/R03_REGRESSION/R02/A12/recovery-drill/v8.out
9ca173e1bda5e9d540aeb26f9402a21b608e728baee88e713b9087b76531c043  ??  artifacts/rust-tauri/R04/RR1-G05-E01/verify-R04/R03_REGRESSION/R02/A15/full-chain/pre-restart-head.json
e3b0c44298fc1c149afbf4c8996fb92427ae41e4649b934ca495991b7852b855  ??  artifacts/rust-tauri/R04/RR1-G05-E01/verify-R04/R03_REGRESSION/R02/A15/full-chain/probe1.err
9215c2663641bc7bb4ab61bdc2bac49d836b69a6240a3ee69936d92c0b019a38  ??  artifacts/rust-tauri/R04/RR1-G05-E01/verify-R04/R03_REGRESSION/R02/A15/full-chain/probe1.pass-lines
e3b0c44298fc1c149afbf4c8996fb92427ae41e4649b934ca495991b7852b855  ??  artifacts/rust-tauri/R04/RR1-G05-E01/verify-R04/R03_REGRESSION/R02/A15/full-chain/probe2.err
28a411dc95be7e6596d2954fdbecf8eb034d9f8dc1248ab1d111c07c1c218b89  ??  artifacts/rust-tauri/R04/RR1-G05-E01/verify-R04/R03_REGRESSION/R02/A15/full-chain/probe2.pass-lines
e5ef3bcc5073d04e91922c279b77b8c63c097bf77cd7f4a566a519a0e2c0c676  ??  artifacts/rust-tauri/R04/RR1-G05-E01/verify-R04/R03_REGRESSION/R02/A15/full-chain/service1.err
2801894b3596e5f5c67cd0a8a4fd0c32bfdc7d68f8277f0728fda5ce3292d034  ??  artifacts/rust-tauri/R04/RR1-G05-E01/verify-R04/R03_REGRESSION/R02/A15/full-chain/service1.out
574703a65aabc479951ff1542fed3943d50ddaa86ce6424c6920e5a300387dce  ??  artifacts/rust-tauri/R04/RR1-G05-E01/verify-R04/R03_REGRESSION/R02/A15/full-chain/service2.err
c5f8827fe18a281c8485084c542cd351135d02c100c14967e7331faa941651db  ??  artifacts/rust-tauri/R04/RR1-G05-E01/verify-R04/R03_REGRESSION/R02/A15/full-chain/service2.out
0464542e74c5c6a64f9bf4e97e9b13cfc6c9e4475fec7aa8fb68a1a670f541e1  ??  artifacts/rust-tauri/R04/RR1-G05-E01/verify-R04/R03_REGRESSION/R02/A15/full-chain/summary.txt
10a16641e3405663989bf586c36c94e6522cc9932c30df552a4cb308377a9676  ??  artifacts/rust-tauri/R04/RR1-G05-E01/verify-R04/R04_MATRIX/cases/a15-directory-claim-refused.json
09f385efaedc793ea498845967037cfcbfc0fe2c163104737d7ff99e880e98bc  ??  artifacts/rust-tauri/R04/RR1-G05-E01/verify-R04/R04_MATRIX/cases/a15-gateway-audit-directory-ref-failed.json
d0df7dade822790f5735f4ebef501e03b8aa905318cb8a60905b81715d427965  ??  artifacts/rust-tauri/R04/RR1-G05-E01/verify-R04/R04_MATRIX/cases/a15-gateway-audit-fake-ref-failed.json
a0800cd68927a3e79f38730d4c55036813c6947a5675713428917d03a1b44145  ??  artifacts/rust-tauri/R04/RR1-G05-E01/verify-R04/R04_MATRIX/cases/a15-gateway-audit-real-ref-passes.json
8f9b212963fdfce437456018df1536c00c82aa2118f3c3af37532e979ed04f2b  ??  artifacts/rust-tauri/R04/RR1-G05-E01/verify-R04/R04_MATRIX/cases/a15-missing-claim-refused.json
04245f14680505fadaf81819e4b39818cf0d629654f8733039a6ac2e8d68bb98  ??  artifacts/rust-tauri/R04/RR1-G05-E01/verify-R04/R04_MATRIX/cases/a15-out-of-grant-claim-refused.json
e4bb14f7a842ae22ee91e7b3bebdfcc5273aec1410f84eb90970f2bc4dc3fc91  ??  artifacts/rust-tauri/R04/RR1-G05-E01/verify-R04/R04_MATRIX/cases/a15-real-delivery-registered.json
6895d6a72b4da91d630223ce6ad2b8320db84534f721b5748ac0f487c1a29223  ??  artifacts/rust-tauri/R04/RR1-G05-E01/verify-R04/R04_MATRIX/cases/a15-structure-violation-refused.json
94c57b04cb80a3ce8932e58d775b4aaa85affa76e33e34512e4a0bc47ade49a9  ??  artifacts/rust-tauri/R04/RR1-G05-E01/verify-R04/R04_MATRIX/cases/a16-alias-route-covered.json
506ae3c069a2a967546a4ca114bf3e15abac6ebcdb0f7e35b359b12c1cde92b5  ??  artifacts/rust-tauri/R04/RR1-G05-E01/verify-R04/R04_MATRIX/cases/a16-history-preserved.json
901361017912bc20e016d13a2a4f8d701ddee123481ac52c440c176b6d9510aa  ??  artifacts/rust-tauri/R04/RR1-G05-E01/verify-R04/R04_MATRIX/cases/approval-answer-executes-once.json
bd45162c41ae2eec362f6f35bc50015ae2a8266f70ce5f91d5c45e5ad8053270  ??  artifacts/rust-tauri/R04/RR1-G05-E01/verify-R04/R04_MATRIX/cases/approval-duplicate-idempotent.json
bababcc7f3e64579d35c9259a419a674630e4e549217be76c41f04eda4f0bcdc  ??  artifacts/rust-tauri/R04/RR1-G05-E01/verify-R04/R04_MATRIX/cases/approval-reject-zero-dispatch.json
20fd6bee69494fece169e2b99ea1e3085ddffbb071d88ebc23f7dcaeb412c721  ??  artifacts/rust-tauri/R04/RR1-G05-E01/verify-R04/R04_MATRIX/cases/catalog-face-lists-mcp-tools-with-permission.json
a6740bd82388993cca6d0b79d294334e6ad84438d23b819303e84cb2670999df  ??  artifacts/rust-tauri/R04/RR1-G05-E01/verify-R04/R04_MATRIX/cases/future-tool-shape-ast_edit-discoverable-not-callable.json
821137c4819111c5cab65e31fe33146b843d4bc963a7ae66bf3c6139aab4dc68  ??  artifacts/rust-tauri/R04/RR1-G05-E01/verify-R04/R04_MATRIX/cases/future-tool-shape-ast_grep-discoverable-not-callable.json
9827cfcbf4ea963126bc89e02f8247506844fc54c5a0d9086547106cafdcdefd  ??  artifacts/rust-tauri/R04/RR1-G05-E01/verify-R04/R04_MATRIX/cases/future-tool-shape-file-discoverable-not-callable.json
cb8e2db3b924a24b0bf8d611b22015f3a2a10ccc3f6ee16a819bc9388379c7f3  ??  artifacts/rust-tauri/R04/RR1-G05-E01/verify-R04/R04_MATRIX/cases/future-tool-shape-find-discoverable-not-callable.json
1c192846cc1d07ba6864e5dd594b97a48f402ab5519fca2040ecc7edc3d3fd02  ??  artifacts/rust-tauri/R04/RR1-G05-E01/verify-R04/R04_MATRIX/cases/future-tool-shape-grep-discoverable-not-callable.json
bbe14f10f21cc0a2c306c3554804930c3bf5b13c66b6b90cf1c79b465e394c3b  ??  artifacts/rust-tauri/R04/RR1-G05-E01/verify-R04/R04_MATRIX/cases/future-tool-shape-ls-discoverable-not-callable.json
a9b97d5170fb12a3359bdde03aa8fdfc8fe089399cd5f1dc3810dacaf5ac5653  ??  artifacts/rust-tauri/R04/RR1-G05-E01/verify-R04/R04_MATRIX/cases/future-tool-shape-lsp-discoverable-not-callable.json
6bc884d530bd7615a63e4dd9241155689273f4f9c70ccc044e2d91afc8eba4f1  ??  artifacts/rust-tauri/R04/RR1-G05-E01/verify-R04/R04_MATRIX/cases/future-tool-shape-materialize-discoverable-not-callable.json
5904c81036b270e82834b8084ca4b8b9b4492957d7d3ac5a83328f9bdc84b538  ??  artifacts/rust-tauri/R04/RR1-G05-E01/verify-R04/R04_MATRIX/cases/future-tool-shape-run_code-discoverable-not-callable.json
c9d67aa6d2f3fce41a3a011e42ac47399824eae28c54e2b89cf0bdae0dbf8052  ??  artifacts/rust-tauri/R04/RR1-G05-E01/verify-R04/R04_MATRIX/cases/future-tool-shape-security_scan-discoverable-not-callable.json
6cf1880613144cb8b359bd1c195f561f79c42836315ec94767b2336f24a9b783  ??  artifacts/rust-tauri/R04/RR1-G05-E01/verify-R04/R04_MATRIX/cases/future-tool-shape-stage_files-discoverable-not-callable.json
87164a841282a81c7b614451f88f157e89c03336043524a16637aa848d201f59  ??  artifacts/rust-tauri/R04/RR1-G05-E01/verify-R04/R04_MATRIX/cases/gateway-each-call-independent-permission.json
7d3631b38221c7c56e5b77793921c4de3ab067e7097d1c77131e73a3dadb0ce5  ??  artifacts/rust-tauri/R04/RR1-G05-E01/verify-R04/R04_MATRIX/cases/matrix-lifecycle-disable-holes.json
52e2294d2db41ba60884ca74bedd63d9e196def8ea43623c327cf7579c72e6e0  ??  artifacts/rust-tauri/R04/RR1-G05-E01/verify-R04/R04_MATRIX/cases/matrix-lifecycle-generation-refusals.json
710d96abbd53795e2f40639001eee2454a6ce7e5a285c883f9cd62f1b58ebda9  ??  artifacts/rust-tauri/R04/RR1-G05-E01/verify-R04/R04_MATRIX/cases/matrix-lifecycle-uninstall-holes.json
23c16612d569bb60e563215b453c022203ab19f05298ce7c9a3fc080da10b7d2  ??  artifacts/rust-tauri/R04/RR1-G05-E01/verify-R04/R04_MATRIX/cases/matrix-permission-consistency.json
d475fb8c9114bfdf95de5cc202da903bf354241d13f071bce870d8ba2502fd60  ??  artifacts/rust-tauri/R04/RR1-G05-E01/verify-R04/R04_MATRIX/cases/matrix-route-consistency.json
2b451a4a1fd773fba2e107116235dd5f28a06d104c7f7450f221f662510fc070  ??  artifacts/rust-tauri/R04/RR1-G05-E01/verify-R04/R04_MATRIX/cases/matrix-tool-family-count.json
1e442f90436b22848aeb3329ce35c020def0d74ba7d6bbc49eb983573e8e708d  ??  artifacts/rust-tauri/R04/RR1-G05-E01/verify-R04/R04_MATRIX/cases/mcp-connector-catalog-sync.json
02be7eb700e551cb0a000177a0e033872c65ad8b5ef7f46d66c014ecf3fb7150  ??  artifacts/rust-tauri/R04/RR1-G05-E01/verify-R04/R04_MATRIX/cases/mcp-connector-register-handshake.json
905e6508c4c99929579667bd3184014916a117d7522917621f1aea839bdd039e  ??  artifacts/rust-tauri/R04/RR1-G05-E01/verify-R04/R04_MATRIX/cases/mcp-describe-real-identity.json
42c719e1d9f2fdae556b08414f6facea228b729210f804971fb1f41772e1ec5f  ??  artifacts/rust-tauri/R04/RR1-G05-E01/verify-R04/R04_MATRIX/cases/mcp-search-namespaced.json
dfbc531d38332ae34bc27eef48d7c96103f6f7b0cf55e51377608e95deffabc9  ??  artifacts/rust-tauri/R04/RR1-G05-E01/verify-R04/R04_MATRIX/cases/mcp-tool-call-full-chain.json
916eba77e6c3a4f9a8bf58bdf3a14d110fe9b75b22aa316ce7a47412c013fa04  ??  artifacts/rust-tauri/R04/RR1-G05-E01/verify-R04/R04_MATRIX/cases/mcp-tool-permission-face.json
c3f30127a40dfa980a32479cec6547074c067a4d8cd61e858b0aa7dc095455b3  ??  artifacts/rust-tauri/R04/RR1-G05-E01/verify-R04/R04_MATRIX/cases/permission-face-modes-verifiable.json
c51a56cfdce860c73de8e015f088d38b31bbf8e373a0dc6e1c8e43f9b5f80a2c  ??  artifacts/rust-tauri/R04/RR1-G05-E01/verify-R04/R04_MATRIX/cases/preauthorization-single-session-scoped.json
eefd602104c2c290f3a2704acec9cf3923cbf072e0e9ac1e5dad4b1103794f05  ??  artifacts/rust-tauri/R04/RR1-G05-E01/verify-R04/R04_MATRIX/cases/semantics-cancel-leaves-no-fabricated-receipt.json
1c8fced2b48030b05d00ab397c3aa0470c4f068287f841b1c7e53778b43e038d  ??  artifacts/rust-tauri/R04/RR1-G05-E01/verify-R04/R04_MATRIX/cases/semantics-failed-never-dispatched-receipt.json
220379bb262285fad8e6314d35a23f12ba26fcb0e501fe2431141c1a4d28a5a2  ??  artifacts/rust-tauri/R04/RR1-G05-E01/verify-R04/R04_MATRIX/cases/semantics-success-receipt-dispatched.json
8337cc9f0c6c3a4eeb0b4beb6ff1d93acd40878d92c9f16c4649942469017888  ??  artifacts/rust-tauri/R04/RR1-G05-E01/verify-R04/R04_MATRIX/cases/semantics-unknown-receipt-honest.json
cb89e56a59ac812a63576832232489b328ac7abf8041df762e7b1af1e2caa95d  ??  artifacts/rust-tauri/R04/RR1-G05-E01/verify-R04/R04_MATRIX/cases/sup01-ask-subagent-write-refused.json
1b21930f6737d6935a82328d4afb7b4fd7b439c107b48d01b29e4cdfa7399015  ??  artifacts/rust-tauri/R04/RR1-G05-E01/verify-R04/R04_MATRIX/cases/terminal-close-stops-terminal.json
59095540a473b474ab918f20eb08986f6bbb6cbfd08c49b9810963ae37407de5  ??  artifacts/rust-tauri/R04/RR1-G05-E01/verify-R04/R04_MATRIX/cases/terminal-snapshot-current-transcript.json
004a41eae978391bad56ebe5c3e6d2ced1a2c02eda01a37f79abc8867cb5a063  ??  artifacts/rust-tauri/R04/RR1-G05-E01/verify-R04/R04_MATRIX/cases/terminal-tail-cursor-continuation.json
16870fec4c31cd9e67e56d3328c74d20f9213a2e96113c28be3d7f7fe0d28979  ??  artifacts/rust-tauri/R04/RR1-G05-E01/verify-R04/R04_MATRIX/cases/tool-edit-conflict-preserves-user-version.json
bb810a38ce8bfbcafc0d64e1fc2831a08e952dfdc4a057fd99166ef589df1032  ??  artifacts/rust-tauri/R04/RR1-G05-E01/verify-R04/R04_MATRIX/cases/tool-edit-real-chain.json
bec2c6d085918085fb7eb01f8ec54ea53681b68aa489b59bc0a8e9b272c5c02e  ??  artifacts/rust-tauri/R04/RR1-G05-E01/verify-R04/R04_MATRIX/cases/tool-exec-cancel-cleanup.json
c0341bc7ba746aaa51754e5650264b1d7d55e93d55ea2a03df67769834825bcc  ??  artifacts/rust-tauri/R04/RR1-G05-E01/verify-R04/R04_MATRIX/cases/tool-exec-command-real-chain.json
e990fcd2da49cb923f667ea1714cfea3f69c8f3bd0002416761b93ab35d87ec3  ??  artifacts/rust-tauri/R04/RR1-G05-E01/verify-R04/R04_MATRIX/cases/tool-read-real-chain.json
ea288f832ccf584b20e6d0ef80d0116568fd2c989aff55d985adce98266f5f62  ??  artifacts/rust-tauri/R04/RR1-G05-E01/verify-R04/R04_MATRIX/cases/tool-write-real-chain.json
52e2d9bbf2b9890f5b4d03bf7c27cfb6c82322790e254fc813b47b7f093d939f  ??  artifacts/rust-tauri/R04/RR1-G05-E01/verify-R04/R04_MATRIX/cases/tool-write-stdin-continuation.json
83f514b83ad20e51f11205b345ebcce85d4423a69379cb2a9804c8ceaf07a027  ??  artifacts/rust-tauri/R04/RR1-G05-E01/verify-R04/R04_MATRIX/cases/tool-write-stdin-foreign-writes.json
c471fa08013c67ab99fb67a5e4e430f83cfc349758cdc601fb53e35b1ee28397  ??  artifacts/rust-tauri/R04/RR1-G05-E01/verify-R04/R04_MATRIX/leaf-cases.json
1dbc5972065a848f6d2d8456df0891660c2c695ca72f24c3d4bd7fde395b462e  ??  artifacts/rust-tauri/R04/RR1-G05-E01/verify-R04/R04_MATRIX/matrix-counts.json
4d427e411d4094175bda8b798c0114af4830967a0acf48fd27ee7f9e11c1fd46  ??  artifacts/rust-tauri/R04/RR1-G05-E01/verify-R04/R04_MATRIX/summary.txt
c45aa969aa3f4385c1eb41b615e31a04114ca0c7973be726dc051277a987049d   M  docs/rust-tauri/R04/R04_TEST_MAP.json
3ea5d53845257d5b4afbd85bf0985ac55a4d015312d7959a9347dc9107757f2c   M  rust/crates/xtask/src/stage_map.rs
35888cd868f067f8f87c15a9410217b30040db29866e7e439194cf5e716cae86   M  rust/crates/xtask/src/stage_maps/R04.json
cb30e50b04623b8c860da05095063e47aadf7363433161d09b831ec0231871ac  ??  scripts/rust-tauri/r04_rr1_g05_negative_tests.sh
264b19b6dd1582affa06407855c73e939e9fab378982e56a10cdd1b04aa8bc6f  ??  scripts/rust-tauri/r04_rr1_g05_repair_suites.sh
455788433aa7e05527e41a9cc9eebc51c569cdb0c508e159d617abe6959efb11   M  scripts/rust-tauri/r04_t08_gate_negative_tests.sh
622600d00be67b03b1993611b621a2412325bfde44735df66307739ce6dcd745   M  scripts/rust-tauri/r04_t08_generate_stage_map.py
