# binding-exclusion: artifacts/rust-tauri/R05/ENTRY-01/verify-R04/R03_REGRESSION/R02/A16/legacy-entry/** — this gate's own run-time evidence output subtree (runner output, never candidate source); applied symmetrically to BOTH the main-repo binding and the candidate-copy binding (E0 mirror compare)
f5b0981175fe9bd307c7bb4e8dcb8490cfa58585d62d9c3e2f7eb03e4e875e54  ??  artifacts/rust-tauri/R05/ENTRY-01/verify-R04/R03_REGRESSION/A15/cases/background-run-completes-decoupled.json
fda5f46e011354371ff149d97818d48d3b78dca205e17e8a7b39dba1cb4013e6  ??  artifacts/rust-tauri/R05/ENTRY-01/verify-R04/R03_REGRESSION/A15/cases/background-survives-unrelated-cancel.json
92eebd1162583e5ed42a8e61a80b5c84e94753ed6562c35c930ebb65f6e23f01  ??  artifacts/rust-tauri/R05/ENTRY-01/verify-R04/R03_REGRESSION/A15/cases/cancel-live-run-accepted-terminal-cancelled.json
edc380e78d3b8f95b51f12c2bbfcb702760327da3f20bd6c9f456b5c7e0934de  ??  artifacts/rust-tauri/R05/ENTRY-01/verify-R04/R03_REGRESSION/A15/cases/cancel-terminal-run-already-terminal.json
e320e539d701e4f285fcff1a42629b28016fa5f103e77fccb5c1ddf921155742  ??  artifacts/rust-tauri/R05/ENTRY-01/verify-R04/R03_REGRESSION/A15/cases/cancel-unknown-run-not-found.json
a513a19cd5ca9bc857d2e01c9be7ec61e3e5677e7d1948db618b31fb7aba127a  ??  artifacts/rust-tauri/R05/ENTRY-01/verify-R04/R03_REGRESSION/A15/cases/cancel-waiting-approval-cancels-cleanly.json
602b436fbd1f0de778ca086853030197fe28a3fde1a5f694ebea64e4f8779c8a  ??  artifacts/rust-tauri/R05/ENTRY-01/verify-R04/R03_REGRESSION/A15/cases/combo-cancel-stream-terminal-cancelled.json
b24ff9cdbb08092492dd68815bdf3c4a6f38c8e2a42cd79c30abbfcacdfef745  ??  artifacts/rust-tauri/R05/ENTRY-01/verify-R04/R03_REGRESSION/A15/cases/combo-crash-recovery-honest-interrupted.json
d9e8dea9429b0f0c9fc86be7f31dcd96b4b227e1174dcdea6d1f00b177ec2987  ??  artifacts/rust-tauri/R05/ENTRY-01/verify-R04/R03_REGRESSION/A15/cases/combo-cross-session-both-complete.json
106bebd1aa293f120bb83f22b33de1e19ae817a4963587e2ee17be8731293349  ??  artifacts/rust-tauri/R05/ENTRY-01/verify-R04/R03_REGRESSION/A15/cases/combo-duplicate-conflict-rejected.json
eafb37ffcb4d76d45d58a64d80d9ef413064c1f979d64ba1cc2e609d147963fc  ??  artifacts/rust-tauri/R05/ENTRY-01/verify-R04/R03_REGRESSION/A15/cases/combo-duplicate-replay-no-second-run.json
346e6cb6ae16f125e4bbfdbf24d2bbcf63c92fa9642b2676fa06a78bfa1e8fdb  ??  artifacts/rust-tauri/R05/ENTRY-01/verify-R04/R03_REGRESSION/A15/cases/combo-events-subscriber-saw-terminal.json
97a0c8f8404d1c042f8f7efd240d5d5f5446103b21bcccf9c5c90461b6082043  ??  artifacts/rust-tauri/R05/ENTRY-01/verify-R04/R03_REGRESSION/A15/cases/combo-multi-tool-three-calls.json
aa936466e694a90f4087b7ae928f7c9b96ae1450073774fcb29d177dfa59c7b6  ??  artifacts/rust-tauri/R05/ENTRY-01/verify-R04/R03_REGRESSION/A15/cases/combo-multi-turn-one-terminal.json
f7bdd9e301d37d6a062e13225cfc84d7e96c1f88cd75d34e300ab00dd0fad0a0  ??  artifacts/rust-tauri/R05/ENTRY-01/verify-R04/R03_REGRESSION/A15/cases/combo-normal-run-completed.json
51d8bd26cb2f29bee74097b5ef9a36e3389a56a1c7127e86fa36d75a8106659e  ??  artifacts/rust-tauri/R05/ENTRY-01/verify-R04/R03_REGRESSION/A15/cases/combo-out-of-order-late-result-fenced.json
e18f1fcb5cc4af47da6184707fb88e0c0ed656f1fafffe8020a3001c9826c931  ??  artifacts/rust-tauri/R05/ENTRY-01/verify-R04/R03_REGRESSION/A15/cases/combo-timeout-budget-loud-failure.json
ccbc0f5c630f404851ca1c561fd5c73421ba9b217ceeff29973b263f05e30888  ??  artifacts/rust-tauri/R05/ENTRY-01/verify-R04/R03_REGRESSION/A15/cases/parent-cancel-stops-child-run.json
d72d7e1151ea38a4eeb9ad435aa66dc376039e41ff714f9f550e1f2c8934585a  ??  artifacts/rust-tauri/R05/ENTRY-01/verify-R04/R03_REGRESSION/A15/cases/reconnect-resume-no-model-restart.json
5d89ed42d309bfcfd13956b901f209eb432200e88c2ae1eea74d6eaffe625b2a  ??  artifacts/rust-tauri/R05/ENTRY-01/verify-R04/R03_REGRESSION/A15/cases/steer-busy-accepted.json
360ccd0c00f5114974f5f2967860d1c339a2e2baa808a2f5dca49f334fe0d386  ??  artifacts/rust-tauri/R05/ENTRY-01/verify-R04/R03_REGRESSION/A15/cases/steer-idle-miss.json
d00e58227225a313e612b18019d7f95a07382b0426ab7fbeb39bc4b05b740cc5  ??  artifacts/rust-tauri/R05/ENTRY-01/verify-R04/R03_REGRESSION/A15/cases/steer-text-drained-into-model-input.json
1d91fbec57470aebfedf338d49c5109fdd0216e02d720737ed53335eb06ae4c8  ??  artifacts/rust-tauri/R05/ENTRY-01/verify-R04/R03_REGRESSION/A15/cases/subagent-child-cancel-stops-child-only.json
25c6b5b26b72b0a4408db94f4f0e40b77faa84d32ccfeaffaf04e29fb20c07c9  ??  artifacts/rust-tauri/R05/ENTRY-01/verify-R04/R03_REGRESSION/A15/cases/subagent-close-thread-closed-status.json
c8d7de61de38e7dfa38ea3376602da5c50882e6d6238c3a1ff61b6ac7df04418  ??  artifacts/rust-tauri/R05/ENTRY-01/verify-R04/R03_REGRESSION/A15/cases/subagent-dispatch-child-lineage-recorded.json
dce5bbb9b54961ee64c8634f90f4f2600975918f6a2590b57b7b28dd425016bd  ??  artifacts/rust-tauri/R05/ENTRY-01/verify-R04/R03_REGRESSION/A15/cases/subagent-escalation-write-denied-zero-children.json
dcd19d358a8a5e560042eee304f1f5460d1c79ba1a64d611fb1007b830562010  ??  artifacts/rust-tauri/R05/ENTRY-01/verify-R04/R03_REGRESSION/A15/cases/subagent-policy-proactive-delegation-default-off.json
ffef3903ae224f661b415622ed9c76da5e265c01a9c15b867f429c1f6d10ef15  ??  artifacts/rust-tauri/R05/ENTRY-01/verify-R04/R03_REGRESSION/A15/cases/subagent-reply-continues-thread.json
d097c60f1416e1febc17bd0959b1c9252ca9be86b6a1e982d42d9240a38b107e  ??  artifacts/rust-tauri/R05/ENTRY-01/verify-R04/R03_REGRESSION/A15/combo-counts.json
4c56fd82542a56017ef5e59d3b0c9752ede52032f31f31c24c2de458153ad296  ??  artifacts/rust-tauri/R05/ENTRY-01/verify-R04/R03_REGRESSION/A15/combos/cancel-approval-wait.json
f861ce9b1dbe64f781134bae916b9c8f2503f4ad8572e98bfc18d180a4e35e33  ??  artifacts/rust-tauri/R05/ENTRY-01/verify-R04/R03_REGRESSION/A15/combos/cancel-stream-read.json
76b74d822e65d068718af971eb29865cc4891a50d128a35b0bc955cc3b6b65a2  ??  artifacts/rust-tauri/R05/ENTRY-01/verify-R04/R03_REGRESSION/A15/combos/crash-recovery.json
ef5545b54a472c39f9b09d995f9ba2e3671618a56d4de3eb7fe4fad24d81f22b  ??  artifacts/rust-tauri/R05/ENTRY-01/verify-R04/R03_REGRESSION/A15/combos/cross-session-parallel.json
7f7fd9a6f050ba6811d5b1d7313d11473f92089a4ec0fd2335779e99b59cdaa1  ??  artifacts/rust-tauri/R05/ENTRY-01/verify-R04/R03_REGRESSION/A15/combos/duplicate-submission.json
fc9b468ae0f2bd2cfff1a3ead3ba02756e59e73dc0c0a0ebb5142456d1ae38a8  ??  artifacts/rust-tauri/R05/ENTRY-01/verify-R04/R03_REGRESSION/A15/combos/leaf-parent-cancel.json
a59635405b3569b1c0c950cb282ecf3749923b36c6b1b5e4d3d21fc3f4458102  ??  artifacts/rust-tauri/R05/ENTRY-01/verify-R04/R03_REGRESSION/A15/combos/leaf-steer.json
fd60e4ca043c4073ddf838b3f0fe918436ede45ff7765efc8f1cad42821186f4  ??  artifacts/rust-tauri/R05/ENTRY-01/verify-R04/R03_REGRESSION/A15/combos/multi-tool.json
075cad25ce0207f3b49138b8d415d0db78da1005207b2f64d282b478bffa44ae  ??  artifacts/rust-tauri/R05/ENTRY-01/verify-R04/R03_REGRESSION/A15/combos/multi-turn-model.json
f94832aef81d68346dd1b25b1ad7312d6bc141a69a616a218b640aa170fbebcb  ??  artifacts/rust-tauri/R05/ENTRY-01/verify-R04/R03_REGRESSION/A15/combos/normal.json
44f5b48c4f288ee214f7053e16857997f1fb66a6be241466141301a16c6872e7  ??  artifacts/rust-tauri/R05/ENTRY-01/verify-R04/R03_REGRESSION/A15/combos/timeout-budget.json
505ecfbac3942739846be3a188cabea9d26c9641628253767c5457bdff2ab44f  ??  artifacts/rust-tauri/R05/ENTRY-01/verify-R04/R03_REGRESSION/A15/leaf-cases.json
bdaad3ebf5ff0689f1652a4b7c24716f5b0138db8876d8941ceb6bbe390650fa  ??  artifacts/rust-tauri/R05/ENTRY-01/verify-R04/R03_REGRESSION/A15/summary.txt
043a76f043dd80f4bcd6c207abde2842fa4fb5db0f7f26cd6947ea86753f5c23  ??  artifacts/rust-tauri/R05/ENTRY-01/verify-R04/R03_REGRESSION/R02/A05_A06/.last-body
1319bbe558a1a9043433da92529bc8c24d2b6fbcabc962836a938e946e273399  ??  artifacts/rust-tauri/R05/ENTRY-01/verify-R04/R03_REGRESSION/R02/A05_A06/body-limit.txt
c0c19dff508a998f0c6e1fbf2643c2d78647cd6495bc53c57d2566877a3abc0b  ??  artifacts/rust-tauri/R05/ENTRY-01/verify-R04/R03_REGRESSION/R02/A05_A06/cli-sessions-limit-case.json
ace319dcb6a6e61133df6c5f369e48d00457fa27a5a1d197f56cb8b3104a50d1  ??  artifacts/rust-tauri/R05/ENTRY-01/verify-R04/R03_REGRESSION/R02/A05_A06/creds-after-authz.json
059a2752dffe861cf3e4be194ef93ec86fff350696be158669b803cec3ab91dc  ??  artifacts/rust-tauri/R05/ENTRY-01/verify-R04/R03_REGRESSION/R02/A05_A06/creds-before-authz.json
275be79f6efdfa583691c72407f57fdc084263a322e0a28fa64ee88f12e6ce4b  ??  artifacts/rust-tauri/R05/ENTRY-01/verify-R04/R03_REGRESSION/R02/A05_A06/devices-after-authz.json
99e2e3a36e25e17f9b7d73fc2cf02b0f9e6555cc3e67b297498903129ad0b3fd  ??  artifacts/rust-tauri/R05/ENTRY-01/verify-R04/R03_REGRESSION/R02/A05_A06/devices-before-authz.json
2a4b78bc47bbee861db41ad29ad1f23f620d2935e62a2f59dd756b3039e11999  ??  artifacts/rust-tauri/R05/ENTRY-01/verify-R04/R03_REGRESSION/R02/A05_A06/leaf-cases.json
989ed55a41ca368de6362ee967923abcfdf75a4efbcd3485981eb5156060cc14  ??  artifacts/rust-tauri/R05/ENTRY-01/verify-R04/R03_REGRESSION/R02/A05_A06/leaf-cases.ndjson
13fb69c278344aed88953384688e4f6f94760d788e127771754729c969bc94ed  ??  artifacts/rust-tauri/R05/ENTRY-01/verify-R04/R03_REGRESSION/R02/A05_A06/me-denied-after.sha256
13fb69c278344aed88953384688e4f6f94760d788e127771754729c969bc94ed  ??  artifacts/rust-tauri/R05/ENTRY-01/verify-R04/R03_REGRESSION/R02/A05_A06/me-denied-before.sha256
9901fa4939e8c0683cc392787126273c429530490fdebe18e68d1ad0c6fc2459  ??  artifacts/rust-tauri/R05/ENTRY-01/verify-R04/R03_REGRESSION/R02/A05_A06/sessions-list-matrix.json
2f53159d3e5265c3a2602444e1396f851cd0adc99fd0992babc2c2f5258fc88a  ??  artifacts/rust-tauri/R05/ENTRY-01/verify-R04/R03_REGRESSION/R02/A05_A06/state-after-authn.txt
39a93efc1d5237e0ae0daf716fae91f7baec75053f1bb25685552ac2c7f8c33b  ??  artifacts/rust-tauri/R05/ENTRY-01/verify-R04/R03_REGRESSION/R02/A05_A06/state-after.txt
2f53159d3e5265c3a2602444e1396f851cd0adc99fd0992babc2c2f5258fc88a  ??  artifacts/rust-tauri/R05/ENTRY-01/verify-R04/R03_REGRESSION/R02/A05_A06/state-before-authz.txt
2f53159d3e5265c3a2602444e1396f851cd0adc99fd0992babc2c2f5258fc88a  ??  artifacts/rust-tauri/R05/ENTRY-01/verify-R04/R03_REGRESSION/R02/A05_A06/state-before.txt
2b1f984857773768a4873d987fe727a1747ecbed3c7a8604b2322b5ee3061d97  ??  artifacts/rust-tauri/R05/ENTRY-01/verify-R04/R03_REGRESSION/R02/A05_A06/summary.txt
595d511d3edaeccccab3c7fec61f0a72489f04c3ad0dfc954274f6309170be19  ??  artifacts/rust-tauri/R05/ENTRY-01/verify-R04/R03_REGRESSION/R02/A05_A06/ws-matrix.json
a9e79e6742975e5aae0eb6de04534b67c186797970da93af24e3a9e5d405c6d2  ??  artifacts/rust-tauri/R05/ENTRY-01/verify-R04/R03_REGRESSION/R02/A07_A08/last-db-hashes.txt
e613a984930f45c73fa5aa79af6955b0ac56faa30868e1da85d84a96a180eee3  ??  artifacts/rust-tauri/R05/ENTRY-01/verify-R04/R03_REGRESSION/R02/A07_A08/s1-counts-after-stop.json
6e11d3157e36f2f24de72943cc5df97aec8475c1e95a29c6fed9cc451e41da10  ??  artifacts/rust-tauri/R05/ENTRY-01/verify-R04/R03_REGRESSION/R02/A07_A08/s2-counts-after-crash.json
b60a20eb725da78295aea3239f0a670438f90de6b4d0feab64d1d5edf94280ea  ??  artifacts/rust-tauri/R05/ENTRY-01/verify-R04/R03_REGRESSION/R02/A07_A08/s2-runs-dump.jsonl
60c0ccc673185781785a4d142e28ac75c0a16fb96a59501a9364a8b2bc7852c5  ??  artifacts/rust-tauri/R05/ENTRY-01/verify-R04/R03_REGRESSION/R02/A07_A08/s3-fault.err
e3b0c44298fc1c149afbf4c8996fb92427ae41e4649b934ca495991b7852b855  ??  artifacts/rust-tauri/R05/ENTRY-01/verify-R04/R03_REGRESSION/R02/A07_A08/s3-fault.out
72d0cf3cd015f623d0faea2949580c23250b8b561c02294e32d531bdb86fbfb0  ??  artifacts/rust-tauri/R05/ENTRY-01/verify-R04/R03_REGRESSION/R02/A07_A08/s4-hashes-after.txt
72d0cf3cd015f623d0faea2949580c23250b8b561c02294e32d531bdb86fbfb0  ??  artifacts/rust-tauri/R05/ENTRY-01/verify-R04/R03_REGRESSION/R02/A07_A08/s4-hashes-before.txt
d91060d0248d9ec45204f2fd7b74bf032fcc376fbd792d5eefad907cce2139c6  ??  artifacts/rust-tauri/R05/ENTRY-01/verify-R04/R03_REGRESSION/R02/A07_A08/s4-migrations-round1.json
d91060d0248d9ec45204f2fd7b74bf032fcc376fbd792d5eefad907cce2139c6  ??  artifacts/rust-tauri/R05/ENTRY-01/verify-R04/R03_REGRESSION/R02/A07_A08/s4-migrations-round2.json
d91060d0248d9ec45204f2fd7b74bf032fcc376fbd792d5eefad907cce2139c6  ??  artifacts/rust-tauri/R05/ENTRY-01/verify-R04/R03_REGRESSION/R02/A07_A08/s4-migrations-round3.json
22c2333435dcf6806dddef7cadbeaeade9ee55359eac952913c13c2a4bd4423d  ??  artifacts/rust-tauri/R05/ENTRY-01/verify-R04/R03_REGRESSION/R02/A07_A08/service-s1.err
41d2a93d10194422196e7a7fe93173ac1700bf557df2e252384e0c6eea34e0a4  ??  artifacts/rust-tauri/R05/ENTRY-01/verify-R04/R03_REGRESSION/R02/A07_A08/service-s1.out
363a9060cad38ca5785e0f1df569715835d288e23cdf745a93a01935164175b7  ??  artifacts/rust-tauri/R05/ENTRY-01/verify-R04/R03_REGRESSION/R02/A07_A08/service-s1b.err
1714bcb4edc48467c9375e7c632c83d5d788c07b606d0444290ab6f29c9d7757  ??  artifacts/rust-tauri/R05/ENTRY-01/verify-R04/R03_REGRESSION/R02/A07_A08/service-s1b.out
16589d45e531a47912c10c10a03154487a987a462d86ebf5936bfbc8f07703bf  ??  artifacts/rust-tauri/R05/ENTRY-01/verify-R04/R03_REGRESSION/R02/A07_A08/service-s2.err
123a853cfbfb922c391c83cd29c109ef6d07a7d7dde92a9c2fa503c879577a98  ??  artifacts/rust-tauri/R05/ENTRY-01/verify-R04/R03_REGRESSION/R02/A07_A08/service-s2.out
076f982396508aad4b55b7ad842ca6478c38617da306b221f4cb4d1b9cd35923  ??  artifacts/rust-tauri/R05/ENTRY-01/verify-R04/R03_REGRESSION/R02/A07_A08/service-s2b.err
797453db5d31e6027940b1e5246dd94e706481b46d9e847aad5373e0cde3e2e8  ??  artifacts/rust-tauri/R05/ENTRY-01/verify-R04/R03_REGRESSION/R02/A07_A08/service-s2b.out
8b0d0b438f5fdcee0ad6a595d50418331c5f130aadb7e8c22a601c7d28f0aebe  ??  artifacts/rust-tauri/R05/ENTRY-01/verify-R04/R03_REGRESSION/R02/A07_A08/service-s4-1.err
0ca59146724b4979aa9fb37a53a254a7c092c501c8c3b723b790eebf5203c7b3  ??  artifacts/rust-tauri/R05/ENTRY-01/verify-R04/R03_REGRESSION/R02/A07_A08/service-s4-1.out
c56959d94d802c3628a5c6218a2e27abfe7b6aee1df10099f235624b2327b8a6  ??  artifacts/rust-tauri/R05/ENTRY-01/verify-R04/R03_REGRESSION/R02/A07_A08/service-s4-2.err
eedc7eb303c022811906449b5b47ecacfae04d35c955b4172d480e594a3d7bb6  ??  artifacts/rust-tauri/R05/ENTRY-01/verify-R04/R03_REGRESSION/R02/A07_A08/service-s4-2.out
4bf22a5193a15adff50bfe8797d4577a8f3bed175139f7534d1e207d9d4b6201  ??  artifacts/rust-tauri/R05/ENTRY-01/verify-R04/R03_REGRESSION/R02/A07_A08/service-s4-3.err
ee1426e3328e2e11292205a41859361853e294b73d56f3d4e6f27bb4461c704a  ??  artifacts/rust-tauri/R05/ENTRY-01/verify-R04/R03_REGRESSION/R02/A07_A08/service-s4-3.out
e30bec7408aa1693e53c1a3c778fc88d2b2258882bb1eacd9ee20c1601879ba5  ??  artifacts/rust-tauri/R05/ENTRY-01/verify-R04/R03_REGRESSION/R02/A07_A08/service.addr
c6762a7029b37816566f9dd45a34a496f63f0828d2b1a5fadbe09ef3a0239252  ??  artifacts/rust-tauri/R05/ENTRY-01/verify-R04/R03_REGRESSION/R02/A07_A08/service.pid
ef0c69072110e13bcf354619c10a98d842e8e82779465f9daa468de30a268a6b  ??  artifacts/rust-tauri/R05/ENTRY-01/verify-R04/R03_REGRESSION/R02/A07_A08/summary.txt
dd63f79ce1a39fdef735dbb9eb292c3f8a45db77c2513d3cc7379e5dbe13749e  ??  artifacts/rust-tauri/R05/ENTRY-01/verify-R04/R03_REGRESSION/R02/A11/backup-restore/s1-backup-dir-listing.txt
aeaa5a017ace28b0aebda9331e3c8aac82d0d12610dacabf8247ce28103bf75e  ??  artifacts/rust-tauri/R05/ENTRY-01/verify-R04/R03_REGRESSION/R02/A11/backup-restore/s1-backup-outcome.json
e3b0c44298fc1c149afbf4c8996fb92427ae41e4649b934ca495991b7852b855  ??  artifacts/rust-tauri/R05/ENTRY-01/verify-R04/R03_REGRESSION/R02/A11/backup-restore/s1-backup.err
5b6a2f8ce8e969b17f270cfdaa29f292f457bed6b4a448716841a862388de22f  ??  artifacts/rust-tauri/R05/ENTRY-01/verify-R04/R03_REGRESSION/R02/A11/backup-restore/s1-restore-outcome.json
e3b0c44298fc1c149afbf4c8996fb92427ae41e4649b934ca495991b7852b855  ??  artifacts/rust-tauri/R05/ENTRY-01/verify-R04/R03_REGRESSION/R02/A11/backup-restore/s1-restore.err
8a8c60ab3ad89e528f241e949e942275a953204c636e4c443d92f208794a2564  ??  artifacts/rust-tauri/R05/ENTRY-01/verify-R04/R03_REGRESSION/R02/A11/backup-restore/s1-restored-dump.jsonl
d6989f4cb035f3b8e89b867d8550f1e866c6b4a7b9a204bc3e13964ce2d6ec07  ??  artifacts/rust-tauri/R05/ENTRY-01/verify-R04/R03_REGRESSION/R02/A11/backup-restore/s1-restored-hash.txt
8a8c60ab3ad89e528f241e949e942275a953204c636e4c443d92f208794a2564  ??  artifacts/rust-tauri/R05/ENTRY-01/verify-R04/R03_REGRESSION/R02/A11/backup-restore/s1-source-dump.jsonl
9b59f54006fa70703e8ac320287b37c111457a8f1c654c01030da3810edf6484  ??  artifacts/rust-tauri/R05/ENTRY-01/verify-R04/R03_REGRESSION/R02/A11/backup-restore/s1-source-hash.txt
951e1f2cedf4a978898a4f9e620777561b8381ece9faf4223f8594a201f47f74  ??  artifacts/rust-tauri/R05/ENTRY-01/verify-R04/R03_REGRESSION/R02/A11/backup-restore/s1-wal-size.txt
e3b0c44298fc1c149afbf4c8996fb92427ae41e4649b934ca495991b7852b855  ??  artifacts/rust-tauri/R05/ENTRY-01/verify-R04/R03_REGRESSION/R02/A11/backup-restore/s3-backup-out.json
0815443bb87380b78f8d842e6e44e81dda4b1af91d35f178df09a90743bc8896  ??  artifacts/rust-tauri/R05/ENTRY-01/verify-R04/R03_REGRESSION/R02/A11/backup-restore/s3-backup.err
9b33c4d50a9f7a0434980244454a85ce4288c7323241cf9ff22c50e6b8f8dd85  ??  artifacts/rust-tauri/R05/ENTRY-01/verify-R04/R03_REGRESSION/R02/A11/backup-restore/s4-ws-probe.json
a4c3ed04a95a3da14a9d235c83d868bed7c0f45cf7f3faa751ee8f50598d2211  ??  artifacts/rust-tauri/R05/ENTRY-01/verify-R04/R03_REGRESSION/R02/A11/backup-restore/s4-ws-probe.json.probe-done
379beb8e22c4dba1836862c8cf9520c065e5d211abdb1ada202a9373df4f9486  ??  artifacts/rust-tauri/R05/ENTRY-01/verify-R04/R03_REGRESSION/R02/A11/backup-restore/service-s1.addr
38c86ba0b5f2d9b97b307b543176e7a6a6e8d734344e121d4a94763b003c8688  ??  artifacts/rust-tauri/R05/ENTRY-01/verify-R04/R03_REGRESSION/R02/A11/backup-restore/service-s1.err
a8e3e6606e359f2d2491a385960dea05c376a4515fbe4d01e970a8625785465b  ??  artifacts/rust-tauri/R05/ENTRY-01/verify-R04/R03_REGRESSION/R02/A11/backup-restore/service-s1.out
72a789770d8607a4873eaa52c7951acc786e3454bd51bfbc88400407825dee48  ??  artifacts/rust-tauri/R05/ENTRY-01/verify-R04/R03_REGRESSION/R02/A11/backup-restore/service-s2.addr
f977dc6293c01624c2dd3d19009b950e3b66d0fb6d03fb48855fe47f2ca85a4d  ??  artifacts/rust-tauri/R05/ENTRY-01/verify-R04/R03_REGRESSION/R02/A11/backup-restore/service-s2.err
e6e86cad54077c011fe140a53d8582e9884d6cbfd5ab3a3751262ba5d65811bd  ??  artifacts/rust-tauri/R05/ENTRY-01/verify-R04/R03_REGRESSION/R02/A11/backup-restore/service-s2.out
2a31e69aa95fb4f9a3a68522a6d8dd43ee90c5752f838119167d884218e10654  ??  artifacts/rust-tauri/R05/ENTRY-01/verify-R04/R03_REGRESSION/R02/A11/backup-restore/service-s4.addr
8b811c623ba86461d927ac3c27c646984752b864c5ff41c49500dca173327ddb  ??  artifacts/rust-tauri/R05/ENTRY-01/verify-R04/R03_REGRESSION/R02/A11/backup-restore/service-s4.err
10b6d96f3b865438dfec98c0db4749d78f0c86f78cce16677baf99e6f7f176e2  ??  artifacts/rust-tauri/R05/ENTRY-01/verify-R04/R03_REGRESSION/R02/A11/backup-restore/service-s4.out
16e6b95dba26e15dbd3ab088d52fc07fa515d2628f4cd19ba83cc37a1960c4a3  ??  artifacts/rust-tauri/R05/ENTRY-01/verify-R04/R03_REGRESSION/R02/A11/backup-restore/service.pid
668ed90314dae2acbb6362721a735ad323dcedd827e5ccc35d22848e6361a2f5  ??  artifacts/rust-tauri/R05/ENTRY-01/verify-R04/R03_REGRESSION/R02/A11/backup-restore/summary.txt
25bbedb013df829c0547e800c770d2d7162cf78004e3da3fc69c2a687b3f788b  ??  artifacts/rust-tauri/R05/ENTRY-01/verify-R04/R03_REGRESSION/R02/A12/recovery-drill/coexist-after.txt
25bbedb013df829c0547e800c770d2d7162cf78004e3da3fc69c2a687b3f788b  ??  artifacts/rust-tauri/R05/ENTRY-01/verify-R04/R03_REGRESSION/R02/A12/recovery-drill/coexist-before.txt
517bcdaf9b59085a30c1da9b9a719af3f7ca1edcc5351c698c67108658b55f58  ??  artifacts/rust-tauri/R05/ENTRY-01/verify-R04/R03_REGRESSION/R02/A12/recovery-drill/own-created-homes.txt
79be6d64aa93bf457e5b337dfa16a187af549e49a08c7760b4ddb0f61bedf8ac  ??  artifacts/rust-tauri/R05/ENTRY-01/verify-R04/R03_REGRESSION/R02/A12/recovery-drill/summary.txt
7b2f675d535131e9ee3b95eb996b520af42000b1efea572dc62eff72fd758a84  ??  artifacts/rust-tauri/R05/ENTRY-01/verify-R04/R03_REGRESSION/R02/A12/recovery-drill/v1-hashes-after.txt
7b2f675d535131e9ee3b95eb996b520af42000b1efea572dc62eff72fd758a84  ??  artifacts/rust-tauri/R05/ENTRY-01/verify-R04/R03_REGRESSION/R02/A12/recovery-drill/v1-hashes-before.txt
05120f7878240a7286bdde8f0ef57b01f65f9bb2c79224cd497ada1cd849bbc9  ??  artifacts/rust-tauri/R05/ENTRY-01/verify-R04/R03_REGRESSION/R02/A12/recovery-drill/v1.err
e3b0c44298fc1c149afbf4c8996fb92427ae41e4649b934ca495991b7852b855  ??  artifacts/rust-tauri/R05/ENTRY-01/verify-R04/R03_REGRESSION/R02/A12/recovery-drill/v1.out
fcb269f1fc43e20619871bab0f6e464d30773313e55b17f725fc62249ab521be  ??  artifacts/rust-tauri/R05/ENTRY-01/verify-R04/R03_REGRESSION/R02/A12/recovery-drill/v2-hashes-after.txt
fcb269f1fc43e20619871bab0f6e464d30773313e55b17f725fc62249ab521be  ??  artifacts/rust-tauri/R05/ENTRY-01/verify-R04/R03_REGRESSION/R02/A12/recovery-drill/v2-hashes-before.txt
2557d6dc4a9ddb488a720e8069f1274638659e3417d5eb955db529571c50d312  ??  artifacts/rust-tauri/R05/ENTRY-01/verify-R04/R03_REGRESSION/R02/A12/recovery-drill/v2.err
e3b0c44298fc1c149afbf4c8996fb92427ae41e4649b934ca495991b7852b855  ??  artifacts/rust-tauri/R05/ENTRY-01/verify-R04/R03_REGRESSION/R02/A12/recovery-drill/v2.out
a33ffd69acb495d9a221778bb2317e4cef00e4d752d794b9c1267890666ec43d  ??  artifacts/rust-tauri/R05/ENTRY-01/verify-R04/R03_REGRESSION/R02/A12/recovery-drill/v3-hashes-after.txt
a33ffd69acb495d9a221778bb2317e4cef00e4d752d794b9c1267890666ec43d  ??  artifacts/rust-tauri/R05/ENTRY-01/verify-R04/R03_REGRESSION/R02/A12/recovery-drill/v3-hashes-before.txt
f04949a74eb7a0e4444af291f52a3c0f4daee44184c5181ad24a5f1080c2c3a3  ??  artifacts/rust-tauri/R05/ENTRY-01/verify-R04/R03_REGRESSION/R02/A12/recovery-drill/v3.err
e3b0c44298fc1c149afbf4c8996fb92427ae41e4649b934ca495991b7852b855  ??  artifacts/rust-tauri/R05/ENTRY-01/verify-R04/R03_REGRESSION/R02/A12/recovery-drill/v3.out
a088da74ba57e22da28709545a18ad20431334772360913f7aea11adb81f3e91  ??  artifacts/rust-tauri/R05/ENTRY-01/verify-R04/R03_REGRESSION/R02/A12/recovery-drill/v4.err
ae83d0d3a160d6643137a15243be9830e670affdf44c96ac68257683ce244d95  ??  artifacts/rust-tauri/R05/ENTRY-01/verify-R04/R03_REGRESSION/R02/A12/recovery-drill/v4.out
0235b79aebb0927666b55a121aef98d494e0855bab6e3e1c19df1e1e3b069479  ??  artifacts/rust-tauri/R05/ENTRY-01/verify-R04/R03_REGRESSION/R02/A12/recovery-drill/v5-hashes-after.txt
0235b79aebb0927666b55a121aef98d494e0855bab6e3e1c19df1e1e3b069479  ??  artifacts/rust-tauri/R05/ENTRY-01/verify-R04/R03_REGRESSION/R02/A12/recovery-drill/v5-hashes-before.txt
31651f44dffd7b4f6ad0df4590045f7c7e58827898693461d29cf405d10af3b0  ??  artifacts/rust-tauri/R05/ENTRY-01/verify-R04/R03_REGRESSION/R02/A12/recovery-drill/v5.err
e3b0c44298fc1c149afbf4c8996fb92427ae41e4649b934ca495991b7852b855  ??  artifacts/rust-tauri/R05/ENTRY-01/verify-R04/R03_REGRESSION/R02/A12/recovery-drill/v5.out
cf0736e81e9bf1f5f4601324307a8e699c8f0a40e6b68a5914e919f809ad9149  ??  artifacts/rust-tauri/R05/ENTRY-01/verify-R04/R03_REGRESSION/R02/A12/recovery-drill/v6-recovered-dump.jsonl
27badc983df1780b60c2b3fa9d3a19a00e46aac798451f0febdca52920faaddf  ??  artifacts/rust-tauri/R05/ENTRY-01/verify-R04/R03_REGRESSION/R02/A12/recovery-drill/v6-seed-execute.txt
115d7b3cc5592fe3e9fe9b6578280267b67e5e8e4220462de03eb53fb28837fe  ??  artifacts/rust-tauri/R05/ENTRY-01/verify-R04/R03_REGRESSION/R02/A12/recovery-drill/v6-seed.err
174996e92dbaed901a2c69a4956cf6ec1e552cf3c9d2aa98643f4fe74fdf2d12  ??  artifacts/rust-tauri/R05/ENTRY-01/verify-R04/R03_REGRESSION/R02/A12/recovery-drill/v6-seed.out
8b21db40e38f73b1371fc46a4b83730ac119b6b5c772f0b8e30544e41f69f460  ??  artifacts/rust-tauri/R05/ENTRY-01/verify-R04/R03_REGRESSION/R02/A12/recovery-drill/v6.err
3eacca45453dc83c90b804fbf9149b7970635d545b0ad1004770db7f1eedda45  ??  artifacts/rust-tauri/R05/ENTRY-01/verify-R04/R03_REGRESSION/R02/A12/recovery-drill/v6.out
4b6864da46a763b5d150c8a1ec3939f6b8e369136751e17cc88dd2f177217962  ??  artifacts/rust-tauri/R05/ENTRY-01/verify-R04/R03_REGRESSION/R02/A12/recovery-drill/v7-hashes-after.txt
4b6864da46a763b5d150c8a1ec3939f6b8e369136751e17cc88dd2f177217962  ??  artifacts/rust-tauri/R05/ENTRY-01/verify-R04/R03_REGRESSION/R02/A12/recovery-drill/v7-hashes-before.txt
896d3c5c467e1e5f924f6ef059512d0215133de55b8c5ce3bc32647bd33c4cb8  ??  artifacts/rust-tauri/R05/ENTRY-01/verify-R04/R03_REGRESSION/R02/A12/recovery-drill/v7-seed.err
fee242f1b2f458cae1d8dda0a2cf8e33b30707f98711f2e42d4802e5718fcc5c  ??  artifacts/rust-tauri/R05/ENTRY-01/verify-R04/R03_REGRESSION/R02/A12/recovery-drill/v7-seed.out
ad26e09ac6f62e2d5a85ff80618195ea7ea1d07e0b1e6e4501669008a2a98370  ??  artifacts/rust-tauri/R05/ENTRY-01/verify-R04/R03_REGRESSION/R02/A12/recovery-drill/v7.err
e3b0c44298fc1c149afbf4c8996fb92427ae41e4649b934ca495991b7852b855  ??  artifacts/rust-tauri/R05/ENTRY-01/verify-R04/R03_REGRESSION/R02/A12/recovery-drill/v7.out
9082ba344c554ed49ada5a44cf362a7f65ea7af458e98a05ef2e56f83e789394  ??  artifacts/rust-tauri/R05/ENTRY-01/verify-R04/R03_REGRESSION/R02/A12/recovery-drill/v8-observed.err
4fa8e5ebefa263523e6407adca23bf171768be8af24de60fe8b35cfa8275b46b  ??  artifacts/rust-tauri/R05/ENTRY-01/verify-R04/R03_REGRESSION/R02/A12/recovery-drill/v8-seed.err
fac49ca2f272bc396cab786c37697c18f7c115b7dce2df65793b136822c2f117  ??  artifacts/rust-tauri/R05/ENTRY-01/verify-R04/R03_REGRESSION/R02/A12/recovery-drill/v8-seed.out
9082ba344c554ed49ada5a44cf362a7f65ea7af458e98a05ef2e56f83e789394  ??  artifacts/rust-tauri/R05/ENTRY-01/verify-R04/R03_REGRESSION/R02/A12/recovery-drill/v8.err
57bb5ef641481d7ac01a616fb552cf59fcac5785e7cf809d26bf952d1a34808e  ??  artifacts/rust-tauri/R05/ENTRY-01/verify-R04/R03_REGRESSION/R02/A12/recovery-drill/v8.out
c362455c517108ac6d13a71d43c058135287e4fad771399f7adc2ed2d6d80a91  ??  artifacts/rust-tauri/R05/ENTRY-01/verify-R04/R03_REGRESSION/R02/A15/full-chain/pre-restart-head.json
e3b0c44298fc1c149afbf4c8996fb92427ae41e4649b934ca495991b7852b855  ??  artifacts/rust-tauri/R05/ENTRY-01/verify-R04/R03_REGRESSION/R02/A15/full-chain/probe1.err
4b2121a098c4baf5e4c9e102425a2436098b14b2f37ebdbaec336ba5aeb70bbc  ??  artifacts/rust-tauri/R05/ENTRY-01/verify-R04/R03_REGRESSION/R02/A15/full-chain/probe1.pass-lines
e3b0c44298fc1c149afbf4c8996fb92427ae41e4649b934ca495991b7852b855  ??  artifacts/rust-tauri/R05/ENTRY-01/verify-R04/R03_REGRESSION/R02/A15/full-chain/probe2.err
28a411dc95be7e6596d2954fdbecf8eb034d9f8dc1248ab1d111c07c1c218b89  ??  artifacts/rust-tauri/R05/ENTRY-01/verify-R04/R03_REGRESSION/R02/A15/full-chain/probe2.pass-lines
6126b32739353cff0029f379caa16db19a8fe08962c419eeb917b860e5a524cf  ??  artifacts/rust-tauri/R05/ENTRY-01/verify-R04/R03_REGRESSION/R02/A15/full-chain/service1.err
a9c4f205afeeebadf681c4624b1227022e640128e8f4bc3d46b57fa4d6415788  ??  artifacts/rust-tauri/R05/ENTRY-01/verify-R04/R03_REGRESSION/R02/A15/full-chain/service1.out
2210451012144ee8f9c28a2b88175ecccfe2e091820d27b38db006db5767ef05  ??  artifacts/rust-tauri/R05/ENTRY-01/verify-R04/R03_REGRESSION/R02/A15/full-chain/service2.err
ea62c90a8aed4255d8689bc8d6b137a8d931cc5c547e210237f0b4b8ad8c5dca  ??  artifacts/rust-tauri/R05/ENTRY-01/verify-R04/R03_REGRESSION/R02/A15/full-chain/service2.out
29199b821ec663156646a13bca1f1cff02a201015bbc39c68c451ade248a9cbb  ??  artifacts/rust-tauri/R05/ENTRY-01/verify-R04/R03_REGRESSION/R02/A15/full-chain/summary.txt
10a16641e3405663989bf586c36c94e6522cc9932c30df552a4cb308377a9676  ??  artifacts/rust-tauri/R05/ENTRY-01/verify-R04/R04_MATRIX/cases/a15-directory-claim-refused.json
09f385efaedc793ea498845967037cfcbfc0fe2c163104737d7ff99e880e98bc  ??  artifacts/rust-tauri/R05/ENTRY-01/verify-R04/R04_MATRIX/cases/a15-gateway-audit-directory-ref-failed.json
d0df7dade822790f5735f4ebef501e03b8aa905318cb8a60905b81715d427965  ??  artifacts/rust-tauri/R05/ENTRY-01/verify-R04/R04_MATRIX/cases/a15-gateway-audit-fake-ref-failed.json
a0800cd68927a3e79f38730d4c55036813c6947a5675713428917d03a1b44145  ??  artifacts/rust-tauri/R05/ENTRY-01/verify-R04/R04_MATRIX/cases/a15-gateway-audit-real-ref-passes.json
8f9b212963fdfce437456018df1536c00c82aa2118f3c3af37532e979ed04f2b  ??  artifacts/rust-tauri/R05/ENTRY-01/verify-R04/R04_MATRIX/cases/a15-missing-claim-refused.json
04245f14680505fadaf81819e4b39818cf0d629654f8733039a6ac2e8d68bb98  ??  artifacts/rust-tauri/R05/ENTRY-01/verify-R04/R04_MATRIX/cases/a15-out-of-grant-claim-refused.json
e4bb14f7a842ae22ee91e7b3bebdfcc5273aec1410f84eb90970f2bc4dc3fc91  ??  artifacts/rust-tauri/R05/ENTRY-01/verify-R04/R04_MATRIX/cases/a15-real-delivery-registered.json
6895d6a72b4da91d630223ce6ad2b8320db84534f721b5748ac0f487c1a29223  ??  artifacts/rust-tauri/R05/ENTRY-01/verify-R04/R04_MATRIX/cases/a15-structure-violation-refused.json
94c57b04cb80a3ce8932e58d775b4aaa85affa76e33e34512e4a0bc47ade49a9  ??  artifacts/rust-tauri/R05/ENTRY-01/verify-R04/R04_MATRIX/cases/a16-alias-route-covered.json
506ae3c069a2a967546a4ca114bf3e15abac6ebcdb0f7e35b359b12c1cde92b5  ??  artifacts/rust-tauri/R05/ENTRY-01/verify-R04/R04_MATRIX/cases/a16-history-preserved.json
901361017912bc20e016d13a2a4f8d701ddee123481ac52c440c176b6d9510aa  ??  artifacts/rust-tauri/R05/ENTRY-01/verify-R04/R04_MATRIX/cases/approval-answer-executes-once.json
bd45162c41ae2eec362f6f35bc50015ae2a8266f70ce5f91d5c45e5ad8053270  ??  artifacts/rust-tauri/R05/ENTRY-01/verify-R04/R04_MATRIX/cases/approval-duplicate-idempotent.json
bababcc7f3e64579d35c9259a419a674630e4e549217be76c41f04eda4f0bcdc  ??  artifacts/rust-tauri/R05/ENTRY-01/verify-R04/R04_MATRIX/cases/approval-reject-zero-dispatch.json
20fd6bee69494fece169e2b99ea1e3085ddffbb071d88ebc23f7dcaeb412c721  ??  artifacts/rust-tauri/R05/ENTRY-01/verify-R04/R04_MATRIX/cases/catalog-face-lists-mcp-tools-with-permission.json
a6740bd82388993cca6d0b79d294334e6ad84438d23b819303e84cb2670999df  ??  artifacts/rust-tauri/R05/ENTRY-01/verify-R04/R04_MATRIX/cases/future-tool-shape-ast_edit-discoverable-not-callable.json
821137c4819111c5cab65e31fe33146b843d4bc963a7ae66bf3c6139aab4dc68  ??  artifacts/rust-tauri/R05/ENTRY-01/verify-R04/R04_MATRIX/cases/future-tool-shape-ast_grep-discoverable-not-callable.json
9827cfcbf4ea963126bc89e02f8247506844fc54c5a0d9086547106cafdcdefd  ??  artifacts/rust-tauri/R05/ENTRY-01/verify-R04/R04_MATRIX/cases/future-tool-shape-file-discoverable-not-callable.json
cb8e2db3b924a24b0bf8d611b22015f3a2a10ccc3f6ee16a819bc9388379c7f3  ??  artifacts/rust-tauri/R05/ENTRY-01/verify-R04/R04_MATRIX/cases/future-tool-shape-find-discoverable-not-callable.json
1c192846cc1d07ba6864e5dd594b97a48f402ab5519fca2040ecc7edc3d3fd02  ??  artifacts/rust-tauri/R05/ENTRY-01/verify-R04/R04_MATRIX/cases/future-tool-shape-grep-discoverable-not-callable.json
bbe14f10f21cc0a2c306c3554804930c3bf5b13c66b6b90cf1c79b465e394c3b  ??  artifacts/rust-tauri/R05/ENTRY-01/verify-R04/R04_MATRIX/cases/future-tool-shape-ls-discoverable-not-callable.json
a9b97d5170fb12a3359bdde03aa8fdfc8fe089399cd5f1dc3810dacaf5ac5653  ??  artifacts/rust-tauri/R05/ENTRY-01/verify-R04/R04_MATRIX/cases/future-tool-shape-lsp-discoverable-not-callable.json
6bc884d530bd7615a63e4dd9241155689273f4f9c70ccc044e2d91afc8eba4f1  ??  artifacts/rust-tauri/R05/ENTRY-01/verify-R04/R04_MATRIX/cases/future-tool-shape-materialize-discoverable-not-callable.json
5904c81036b270e82834b8084ca4b8b9b4492957d7d3ac5a83328f9bdc84b538  ??  artifacts/rust-tauri/R05/ENTRY-01/verify-R04/R04_MATRIX/cases/future-tool-shape-run_code-discoverable-not-callable.json
c9d67aa6d2f3fce41a3a011e42ac47399824eae28c54e2b89cf0bdae0dbf8052  ??  artifacts/rust-tauri/R05/ENTRY-01/verify-R04/R04_MATRIX/cases/future-tool-shape-security_scan-discoverable-not-callable.json
6cf1880613144cb8b359bd1c195f561f79c42836315ec94767b2336f24a9b783  ??  artifacts/rust-tauri/R05/ENTRY-01/verify-R04/R04_MATRIX/cases/future-tool-shape-stage_files-discoverable-not-callable.json
87164a841282a81c7b614451f88f157e89c03336043524a16637aa848d201f59  ??  artifacts/rust-tauri/R05/ENTRY-01/verify-R04/R04_MATRIX/cases/gateway-each-call-independent-permission.json
7d3631b38221c7c56e5b77793921c4de3ab067e7097d1c77131e73a3dadb0ce5  ??  artifacts/rust-tauri/R05/ENTRY-01/verify-R04/R04_MATRIX/cases/matrix-lifecycle-disable-holes.json
52e2294d2db41ba60884ca74bedd63d9e196def8ea43623c327cf7579c72e6e0  ??  artifacts/rust-tauri/R05/ENTRY-01/verify-R04/R04_MATRIX/cases/matrix-lifecycle-generation-refusals.json
710d96abbd53795e2f40639001eee2454a6ce7e5a285c883f9cd62f1b58ebda9  ??  artifacts/rust-tauri/R05/ENTRY-01/verify-R04/R04_MATRIX/cases/matrix-lifecycle-uninstall-holes.json
23c16612d569bb60e563215b453c022203ab19f05298ce7c9a3fc080da10b7d2  ??  artifacts/rust-tauri/R05/ENTRY-01/verify-R04/R04_MATRIX/cases/matrix-permission-consistency.json
d475fb8c9114bfdf95de5cc202da903bf354241d13f071bce870d8ba2502fd60  ??  artifacts/rust-tauri/R05/ENTRY-01/verify-R04/R04_MATRIX/cases/matrix-route-consistency.json
2b451a4a1fd773fba2e107116235dd5f28a06d104c7f7450f221f662510fc070  ??  artifacts/rust-tauri/R05/ENTRY-01/verify-R04/R04_MATRIX/cases/matrix-tool-family-count.json
1e442f90436b22848aeb3329ce35c020def0d74ba7d6bbc49eb983573e8e708d  ??  artifacts/rust-tauri/R05/ENTRY-01/verify-R04/R04_MATRIX/cases/mcp-connector-catalog-sync.json
02be7eb700e551cb0a000177a0e033872c65ad8b5ef7f46d66c014ecf3fb7150  ??  artifacts/rust-tauri/R05/ENTRY-01/verify-R04/R04_MATRIX/cases/mcp-connector-register-handshake.json
905e6508c4c99929579667bd3184014916a117d7522917621f1aea839bdd039e  ??  artifacts/rust-tauri/R05/ENTRY-01/verify-R04/R04_MATRIX/cases/mcp-describe-real-identity.json
42c719e1d9f2fdae556b08414f6facea228b729210f804971fb1f41772e1ec5f  ??  artifacts/rust-tauri/R05/ENTRY-01/verify-R04/R04_MATRIX/cases/mcp-search-namespaced.json
dfbc531d38332ae34bc27eef48d7c96103f6f7b0cf55e51377608e95deffabc9  ??  artifacts/rust-tauri/R05/ENTRY-01/verify-R04/R04_MATRIX/cases/mcp-tool-call-full-chain.json
916eba77e6c3a4f9a8bf58bdf3a14d110fe9b75b22aa316ce7a47412c013fa04  ??  artifacts/rust-tauri/R05/ENTRY-01/verify-R04/R04_MATRIX/cases/mcp-tool-permission-face.json
c3f30127a40dfa980a32479cec6547074c067a4d8cd61e858b0aa7dc095455b3  ??  artifacts/rust-tauri/R05/ENTRY-01/verify-R04/R04_MATRIX/cases/permission-face-modes-verifiable.json
c51a56cfdce860c73de8e015f088d38b31bbf8e373a0dc6e1c8e43f9b5f80a2c  ??  artifacts/rust-tauri/R05/ENTRY-01/verify-R04/R04_MATRIX/cases/preauthorization-single-session-scoped.json
eefd602104c2c290f3a2704acec9cf3923cbf072e0e9ac1e5dad4b1103794f05  ??  artifacts/rust-tauri/R05/ENTRY-01/verify-R04/R04_MATRIX/cases/semantics-cancel-leaves-no-fabricated-receipt.json
1c8fced2b48030b05d00ab397c3aa0470c4f068287f841b1c7e53778b43e038d  ??  artifacts/rust-tauri/R05/ENTRY-01/verify-R04/R04_MATRIX/cases/semantics-failed-never-dispatched-receipt.json
220379bb262285fad8e6314d35a23f12ba26fcb0e501fe2431141c1a4d28a5a2  ??  artifacts/rust-tauri/R05/ENTRY-01/verify-R04/R04_MATRIX/cases/semantics-success-receipt-dispatched.json
8337cc9f0c6c3a4eeb0b4beb6ff1d93acd40878d92c9f16c4649942469017888  ??  artifacts/rust-tauri/R05/ENTRY-01/verify-R04/R04_MATRIX/cases/semantics-unknown-receipt-honest.json
cb89e56a59ac812a63576832232489b328ac7abf8041df762e7b1af1e2caa95d  ??  artifacts/rust-tauri/R05/ENTRY-01/verify-R04/R04_MATRIX/cases/sup01-ask-subagent-write-refused.json
1b21930f6737d6935a82328d4afb7b4fd7b439c107b48d01b29e4cdfa7399015  ??  artifacts/rust-tauri/R05/ENTRY-01/verify-R04/R04_MATRIX/cases/terminal-close-stops-terminal.json
59095540a473b474ab918f20eb08986f6bbb6cbfd08c49b9810963ae37407de5  ??  artifacts/rust-tauri/R05/ENTRY-01/verify-R04/R04_MATRIX/cases/terminal-snapshot-current-transcript.json
004a41eae978391bad56ebe5c3e6d2ced1a2c02eda01a37f79abc8867cb5a063  ??  artifacts/rust-tauri/R05/ENTRY-01/verify-R04/R04_MATRIX/cases/terminal-tail-cursor-continuation.json
16870fec4c31cd9e67e56d3328c74d20f9213a2e96113c28be3d7f7fe0d28979  ??  artifacts/rust-tauri/R05/ENTRY-01/verify-R04/R04_MATRIX/cases/tool-edit-conflict-preserves-user-version.json
bb810a38ce8bfbcafc0d64e1fc2831a08e952dfdc4a057fd99166ef589df1032  ??  artifacts/rust-tauri/R05/ENTRY-01/verify-R04/R04_MATRIX/cases/tool-edit-real-chain.json
bec2c6d085918085fb7eb01f8ec54ea53681b68aa489b59bc0a8e9b272c5c02e  ??  artifacts/rust-tauri/R05/ENTRY-01/verify-R04/R04_MATRIX/cases/tool-exec-cancel-cleanup.json
c0341bc7ba746aaa51754e5650264b1d7d55e93d55ea2a03df67769834825bcc  ??  artifacts/rust-tauri/R05/ENTRY-01/verify-R04/R04_MATRIX/cases/tool-exec-command-real-chain.json
e990fcd2da49cb923f667ea1714cfea3f69c8f3bd0002416761b93ab35d87ec3  ??  artifacts/rust-tauri/R05/ENTRY-01/verify-R04/R04_MATRIX/cases/tool-read-real-chain.json
ea288f832ccf584b20e6d0ef80d0116568fd2c989aff55d985adce98266f5f62  ??  artifacts/rust-tauri/R05/ENTRY-01/verify-R04/R04_MATRIX/cases/tool-write-real-chain.json
52e2d9bbf2b9890f5b4d03bf7c27cfb6c82322790e254fc813b47b7f093d939f  ??  artifacts/rust-tauri/R05/ENTRY-01/verify-R04/R04_MATRIX/cases/tool-write-stdin-continuation.json
83f514b83ad20e51f11205b345ebcce85d4423a69379cb2a9804c8ceaf07a027  ??  artifacts/rust-tauri/R05/ENTRY-01/verify-R04/R04_MATRIX/cases/tool-write-stdin-foreign-writes.json
c471fa08013c67ab99fb67a5e4e430f83cfc349758cdc601fb53e35b1ee28397  ??  artifacts/rust-tauri/R05/ENTRY-01/verify-R04/R04_MATRIX/leaf-cases.json
1dbc5972065a848f6d2d8456df0891660c2c695ca72f24c3d4bd7fde395b462e  ??  artifacts/rust-tauri/R05/ENTRY-01/verify-R04/R04_MATRIX/matrix-counts.json
4d427e411d4094175bda8b798c0114af4830967a0acf48fd27ee7f9e11c1fd46  ??  artifacts/rust-tauri/R05/ENTRY-01/verify-R04/R04_MATRIX/summary.txt
