# binding-exclusion: artifacts/rust-tauri/R03/STAGE-REPAIR-G01-F01/verify-stage-r02/A16/legacy-entry/** — this gate's own run-time evidence output subtree (runner output, never candidate source); applied symmetrically to BOTH the main-repo binding and the candidate-copy binding (E0 mirror compare)
fa597d34360f91ea60a51bbd129ed71db252ce619e84eea39010e8916e9197e9  ??  artifacts/rust-tauri/R03/STAGE-REPAIR-G01-F01/a07-directed/A07_LIVE_FAULT/case.json
f2e373dab444d4eac5276adcaf4e1180e7661425d298621a91e8fe0117243006  ??  artifacts/rust-tauri/R03/STAGE-REPAIR-G01-F01/a07-directed/A07_LIVE_FAULT/checked.json
25eecba68a1c5c636771e963118e10995eade25f25c45982e604007e178e96bf  ??  artifacts/rust-tauri/R03/STAGE-REPAIR-G01-F01/a14-directed/A14/slow-subscriber/detach-lines.txt
60fc59ad82f83fe4106117922ad0566dcffa05f104ef7c3fad77bb57aefb8f0e  ??  artifacts/rust-tauri/R03/STAGE-REPAIR-G01-F01/a14-directed/A14/slow-subscriber/rss-samples.csv
60380658c0e2ac2fc5d19258a115f1b101ec4124c8c35073c4cecb65db849768  ??  artifacts/rust-tauri/R03/STAGE-REPAIR-G01-F01/a14-directed/A14/slow-subscriber/service.err
606d789b56ee76197d0b4c5f25a594928b12834f4200b2a178f25c492fbf813a  ??  artifacts/rust-tauri/R03/STAGE-REPAIR-G01-F01/a14-directed/A14/slow-subscriber/service.out
15f65053b1d55f6be6b9c68e9e3c0157d88abab084b85e0816590522fd84ba4a  ??  artifacts/rust-tauri/R03/STAGE-REPAIR-G01-F01/a14-directed/A14/slow-subscriber/storm-results.json
c67805c8915550076c6d7461e34339bc8788305418352f992849fb9e07e3d6d7  ??  artifacts/rust-tauri/R03/STAGE-REPAIR-G01-F01/a14-directed/A14/slow-subscriber/summary.txt
e3b0c44298fc1c149afbf4c8996fb92427ae41e4649b934ca495991b7852b855  ??  artifacts/rust-tauri/R03/STAGE-REPAIR-G01-F01/verify-stage-r02/A01/a01-cargo-metadata.err
c2410654b2aa3ad946c1d5be683bd7dbac88c940824bcda09c4a1e2df444bb78  ??  artifacts/rust-tauri/R03/STAGE-REPAIR-G01-F01/verify-stage-r02/A01/a01-cargo-metadata.json
e3b0c44298fc1c149afbf4c8996fb92427ae41e4649b934ca495991b7852b855  ??  artifacts/rust-tauri/R03/STAGE-REPAIR-G01-F01/verify-stage-r02/A01/a01-child-snapshot.tsv
f7fcacea611f836fcfee896f96b921cb6f11f87ef330adf7f40d820cb361ac1c  ??  artifacts/rust-tauri/R03/STAGE-REPAIR-G01-F01/verify-stage-r02/A01/a01-health-body.json
5169148b6bc0e84fadb26c4a5e4f4944be8ce2f7046b9866ce7f368e7536906a  ??  artifacts/rust-tauri/R03/STAGE-REPAIR-G01-F01/verify-stage-r02/A01/a01-invalid-bind-homes-after.txt
5169148b6bc0e84fadb26c4a5e4f4944be8ce2f7046b9866ce7f368e7536906a  ??  artifacts/rust-tauri/R03/STAGE-REPAIR-G01-F01/verify-stage-r02/A01/a01-invalid-bind-homes-before.txt
6c88f1bf243b09c3f5c0207654b095224ce3608f74e78b992b2a648ff6ad119b  ??  artifacts/rust-tauri/R03/STAGE-REPAIR-G01-F01/verify-stage-r02/A01/a01-leaf-cases.json
6bb74bb3246f6eeec622e24fbcdee216a677c7e58660daf0108146e46c5b6df8  ??  artifacts/rust-tauri/R03/STAGE-REPAIR-G01-F01/verify-stage-r02/A01/a01-newer-config-data-fallback-after.txt
6bb74bb3246f6eeec622e24fbcdee216a677c7e58660daf0108146e46c5b6df8  ??  artifacts/rust-tauri/R03/STAGE-REPAIR-G01-F01/verify-stage-r02/A01/a01-newer-config-data-fallback-before.txt
cadc2d8bc22327639afcdd1e77ce3920ec66c9ed533f7c1124beb77d13d0937b  ??  artifacts/rust-tauri/R03/STAGE-REPAIR-G01-F01/verify-stage-r02/A01/a01-newer-config-data-homes-after.txt
669ba2ebc3feadbbcfaf85fca530ee8464492a089e4ec8118730392c3d1666ee  ??  artifacts/rust-tauri/R03/STAGE-REPAIR-G01-F01/verify-stage-r02/A01/a01-newer-config-data-homes-before.txt
d489b5e46b61c78f5f6b4135b3e6f720b1a05d9539fab1b8cf1382f1b7087ac1  ??  artifacts/rust-tauri/R03/STAGE-REPAIR-G01-F01/verify-stage-r02/A01/a01-newer-config-data-original-after.sha256
d489b5e46b61c78f5f6b4135b3e6f720b1a05d9539fab1b8cf1382f1b7087ac1  ??  artifacts/rust-tauri/R03/STAGE-REPAIR-G01-F01/verify-stage-r02/A01/a01-newer-config-data-original-before.sha256
6bb74bb3246f6eeec622e24fbcdee216a677c7e58660daf0108146e46c5b6df8  ??  artifacts/rust-tauri/R03/STAGE-REPAIR-G01-F01/verify-stage-r02/A01/a01-newer-data-fallback-after.txt
6bb74bb3246f6eeec622e24fbcdee216a677c7e58660daf0108146e46c5b6df8  ??  artifacts/rust-tauri/R03/STAGE-REPAIR-G01-F01/verify-stage-r02/A01/a01-newer-data-fallback-before.txt
f5b6918073149de198ed352a929fa2459c4553c247f6247427198ed9d7d4e1b9  ??  artifacts/rust-tauri/R03/STAGE-REPAIR-G01-F01/verify-stage-r02/A01/a01-newer-data-homes-after.txt
aa2205b650bc23cf39345def997174c5eb78895b5c7b1c0005eb274fa39e2f21  ??  artifacts/rust-tauri/R03/STAGE-REPAIR-G01-F01/verify-stage-r02/A01/a01-newer-data-homes-before.txt
098dc58234a6775732766818d5e28e65f7f58b281930da764d73795a111eaa8d  ??  artifacts/rust-tauri/R03/STAGE-REPAIR-G01-F01/verify-stage-r02/A01/a01-newer-data-original-after.sha256
098dc58234a6775732766818d5e28e65f7f58b281930da764d73795a111eaa8d  ??  artifacts/rust-tauri/R03/STAGE-REPAIR-G01-F01/verify-stage-r02/A01/a01-newer-data-original-before.sha256
6bb74bb3246f6eeec622e24fbcdee216a677c7e58660daf0108146e46c5b6df8  ??  artifacts/rust-tauri/R03/STAGE-REPAIR-G01-F01/verify-stage-r02/A01/a01-newer-env-data-fallback-after.txt
6bb74bb3246f6eeec622e24fbcdee216a677c7e58660daf0108146e46c5b6df8  ??  artifacts/rust-tauri/R03/STAGE-REPAIR-G01-F01/verify-stage-r02/A01/a01-newer-env-data-fallback-before.txt
cff999cc7301e07c1fde094901e4bfc9cc367805968eb1d9783abd4aba4502c6  ??  artifacts/rust-tauri/R03/STAGE-REPAIR-G01-F01/verify-stage-r02/A01/a01-newer-env-data-homes-after.txt
7a3b01cf7a837cc0917326758ce2b93d1a9fd5acc1427c9e3cfc5dd79d61f52c  ??  artifacts/rust-tauri/R03/STAGE-REPAIR-G01-F01/verify-stage-r02/A01/a01-newer-env-data-homes-before.txt
30dfb32631f85d1b0dea2b2239561540d0a3313e5fd14351df05cff803610a4c  ??  artifacts/rust-tauri/R03/STAGE-REPAIR-G01-F01/verify-stage-r02/A01/a01-newer-env-data-original-after.sha256
30dfb32631f85d1b0dea2b2239561540d0a3313e5fd14351df05cff803610a4c  ??  artifacts/rust-tauri/R03/STAGE-REPAIR-G01-F01/verify-stage-r02/A01/a01-newer-env-data-original-before.sha256
3ce1005240a8ebfb25acd73c8ec01b4df742a35b81e2a622a6c65bf368865033  ??  artifacts/rust-tauri/R03/STAGE-REPAIR-G01-F01/verify-stage-r02/A01/leaf-cases.ndjson
ac33786329c1d52375460615608ba4a2f0938878c5a866c1ceea00809a92a154  ??  artifacts/rust-tauri/R03/STAGE-REPAIR-G01-F01/verify-stage-r02/A03/a03-forged-record.json
f7fcacea611f836fcfee896f96b921cb6f11f87ef330adf7f40d820cb361ac1c  ??  artifacts/rust-tauri/R03/STAGE-REPAIR-G01-F01/verify-stage-r02/A03/a03-inst1-health.json
9887f111d8f8fd46bca61aafc3ff7ad09e88ee8f9918db48aab55999f0dd02c8  ??  artifacts/rust-tauri/R03/STAGE-REPAIR-G01-F01/verify-stage-r02/A03/a03-inst2-marker.txt
45c28d79ab31e4c9f15bd589665199dcf3614a332e5c523b8326025fb5e8a356  ??  artifacts/rust-tauri/R03/STAGE-REPAIR-G01-F01/verify-stage-r02/A03/a03-summary.txt
6ee1c6a127a61ef0558d6c76d73dacd7b4c8f8268b59c73c666abeae04eb36ef  ??  artifacts/rust-tauri/R03/STAGE-REPAIR-G01-F01/verify-stage-r02/A04/a04-summary.txt
c3d080c5672731782f9a46e1b1cb9ec8d6537413a12759300eb2e8e6beb1db5e  ??  artifacts/rust-tauri/R03/STAGE-REPAIR-G01-F01/verify-stage-r02/A05_A06/.last-body
1319bbe558a1a9043433da92529bc8c24d2b6fbcabc962836a938e946e273399  ??  artifacts/rust-tauri/R03/STAGE-REPAIR-G01-F01/verify-stage-r02/A05_A06/body-limit.txt
c0c19dff508a998f0c6e1fbf2643c2d78647cd6495bc53c57d2566877a3abc0b  ??  artifacts/rust-tauri/R03/STAGE-REPAIR-G01-F01/verify-stage-r02/A05_A06/cli-sessions-limit-case.json
d1d942bd83c2b12f16470595f913def30192f53d211c1ad21d05dfe4fbffd11c  ??  artifacts/rust-tauri/R03/STAGE-REPAIR-G01-F01/verify-stage-r02/A05_A06/creds-after-authz.json
3c110ed1c8cde55d3119760f42a5464040e5161f2b7132b1558c7a05cfd9a91a  ??  artifacts/rust-tauri/R03/STAGE-REPAIR-G01-F01/verify-stage-r02/A05_A06/creds-before-authz.json
7428f009f1c1454b6d7b9dbba3407bf0395078aea412229db253f4b5cd8bdb9b  ??  artifacts/rust-tauri/R03/STAGE-REPAIR-G01-F01/verify-stage-r02/A05_A06/devices-after-authz.json
d0652db32f3c003985fbc6d927490ebeb870deb49c1f66f13079c28627b2ac97  ??  artifacts/rust-tauri/R03/STAGE-REPAIR-G01-F01/verify-stage-r02/A05_A06/devices-before-authz.json
397a93c9f74c9376ec9ad3d9d444fec90ace47ab7c255b750b72ebc287ba4787  ??  artifacts/rust-tauri/R03/STAGE-REPAIR-G01-F01/verify-stage-r02/A05_A06/leaf-cases.json
9fcda9d48d6526b6882ea3c81b769f2f4e937237a7ef0236d2c42dce83f2501c  ??  artifacts/rust-tauri/R03/STAGE-REPAIR-G01-F01/verify-stage-r02/A05_A06/leaf-cases.ndjson
ea444ddaca246c517384e4ba680fed103471f4850b3a1361d4d8f07621dd2370  ??  artifacts/rust-tauri/R03/STAGE-REPAIR-G01-F01/verify-stage-r02/A05_A06/me-denied-after.sha256
ea444ddaca246c517384e4ba680fed103471f4850b3a1361d4d8f07621dd2370  ??  artifacts/rust-tauri/R03/STAGE-REPAIR-G01-F01/verify-stage-r02/A05_A06/me-denied-before.sha256
9901fa4939e8c0683cc392787126273c429530490fdebe18e68d1ad0c6fc2459  ??  artifacts/rust-tauri/R03/STAGE-REPAIR-G01-F01/verify-stage-r02/A05_A06/sessions-list-matrix.json
2a554234247bca8f01edd22ec54ca04641579a6244748e9d116737432baaee67  ??  artifacts/rust-tauri/R03/STAGE-REPAIR-G01-F01/verify-stage-r02/A05_A06/state-after-authn.txt
fe85cbada5c1081d227660a8a243abf78c347bf7d1c942e9f7766f6920d3121c  ??  artifacts/rust-tauri/R03/STAGE-REPAIR-G01-F01/verify-stage-r02/A05_A06/state-after.txt
2a554234247bca8f01edd22ec54ca04641579a6244748e9d116737432baaee67  ??  artifacts/rust-tauri/R03/STAGE-REPAIR-G01-F01/verify-stage-r02/A05_A06/state-before-authz.txt
2a554234247bca8f01edd22ec54ca04641579a6244748e9d116737432baaee67  ??  artifacts/rust-tauri/R03/STAGE-REPAIR-G01-F01/verify-stage-r02/A05_A06/state-before.txt
9250aa1218d643d2d33528b9f858030790d2f35dc617fbb7f8ee10de4dbb27be  ??  artifacts/rust-tauri/R03/STAGE-REPAIR-G01-F01/verify-stage-r02/A05_A06/summary.txt
9a7a4d36adb8f6c71e1eb9a3f8ad7fbcb7780d843e975e1a3b49bb2114ea0f2a  ??  artifacts/rust-tauri/R03/STAGE-REPAIR-G01-F01/verify-stage-r02/A05_A06/ws-matrix.json
051770dfa6bd389b7b984b3125afeddc6617ef52414aacb13f9e551e9d3c094b  ??  artifacts/rust-tauri/R03/STAGE-REPAIR-G01-F01/verify-stage-r02/A07_A08/last-db-hashes.txt
e613a984930f45c73fa5aa79af6955b0ac56faa30868e1da85d84a96a180eee3  ??  artifacts/rust-tauri/R03/STAGE-REPAIR-G01-F01/verify-stage-r02/A07_A08/s1-counts-after-stop.json
6e11d3157e36f2f24de72943cc5df97aec8475c1e95a29c6fed9cc451e41da10  ??  artifacts/rust-tauri/R03/STAGE-REPAIR-G01-F01/verify-stage-r02/A07_A08/s2-counts-after-crash.json
489907211c51c4d1d0cb7ee175c392a4b358d66cdea59fa6f3a7a8c83667d961  ??  artifacts/rust-tauri/R03/STAGE-REPAIR-G01-F01/verify-stage-r02/A07_A08/s2-runs-dump.jsonl
19357089240bd6764876ba749552d8bf4c8fcd7c13f6092aad58a32f7416d8d9  ??  artifacts/rust-tauri/R03/STAGE-REPAIR-G01-F01/verify-stage-r02/A07_A08/s3-fault.err
e3b0c44298fc1c149afbf4c8996fb92427ae41e4649b934ca495991b7852b855  ??  artifacts/rust-tauri/R03/STAGE-REPAIR-G01-F01/verify-stage-r02/A07_A08/s3-fault.out
1c934ee1e56d4fefd5b0fc0afdc1200b9f017970d31d92f7bfe11caf3aabc908  ??  artifacts/rust-tauri/R03/STAGE-REPAIR-G01-F01/verify-stage-r02/A07_A08/s4-hashes-after.txt
1c934ee1e56d4fefd5b0fc0afdc1200b9f017970d31d92f7bfe11caf3aabc908  ??  artifacts/rust-tauri/R03/STAGE-REPAIR-G01-F01/verify-stage-r02/A07_A08/s4-hashes-before.txt
695872b2b69a3bf3ad16114e226027ff0f0111aefc918ab8858e8dcd46f521ac  ??  artifacts/rust-tauri/R03/STAGE-REPAIR-G01-F01/verify-stage-r02/A07_A08/s4-migrations-round1.json
695872b2b69a3bf3ad16114e226027ff0f0111aefc918ab8858e8dcd46f521ac  ??  artifacts/rust-tauri/R03/STAGE-REPAIR-G01-F01/verify-stage-r02/A07_A08/s4-migrations-round2.json
695872b2b69a3bf3ad16114e226027ff0f0111aefc918ab8858e8dcd46f521ac  ??  artifacts/rust-tauri/R03/STAGE-REPAIR-G01-F01/verify-stage-r02/A07_A08/s4-migrations-round3.json
dc3388ee055ac25ae4045db93b1a6a1f438c17ea01a9d954e48fcd05ed73f569  ??  artifacts/rust-tauri/R03/STAGE-REPAIR-G01-F01/verify-stage-r02/A07_A08/service-s1.err
444074aad4fb9392e383171901a5ded9a78097dbe87d8fe38fabf3e5a47e4a95  ??  artifacts/rust-tauri/R03/STAGE-REPAIR-G01-F01/verify-stage-r02/A07_A08/service-s1.out
e68798deb6f029fa27e693174678a8639fab116721acaf31746354decf98613d  ??  artifacts/rust-tauri/R03/STAGE-REPAIR-G01-F01/verify-stage-r02/A07_A08/service-s1b.err
2f493450ab3875e31f17e06faa8cbe55b18e22f6d49b226f8a5c2deeaf82e491  ??  artifacts/rust-tauri/R03/STAGE-REPAIR-G01-F01/verify-stage-r02/A07_A08/service-s1b.out
f4dbb457d60fbdb4c0e68533d0b7cda3891b9b0cd8fced2d24b4d5ae2a03b081  ??  artifacts/rust-tauri/R03/STAGE-REPAIR-G01-F01/verify-stage-r02/A07_A08/service-s2.err
ea91d2bcdfdaeea037f9593563d56d439188012c79e6d97759756a6d535ca919  ??  artifacts/rust-tauri/R03/STAGE-REPAIR-G01-F01/verify-stage-r02/A07_A08/service-s2.out
57c1beb4fa8764e6753bbe837e793f367efde19a3da33c074499aef9fe1b7727  ??  artifacts/rust-tauri/R03/STAGE-REPAIR-G01-F01/verify-stage-r02/A07_A08/service-s2b.err
77ec1d2b188e637faad873b5cd4e1ff4305c4f43b964ece2d85bf6bbc721f41e  ??  artifacts/rust-tauri/R03/STAGE-REPAIR-G01-F01/verify-stage-r02/A07_A08/service-s2b.out
cc9a7770f682269c50b4a80052345fff873b01d69365d176144db52faa7b884a  ??  artifacts/rust-tauri/R03/STAGE-REPAIR-G01-F01/verify-stage-r02/A07_A08/service-s4-1.err
ede987ae1d1c52ecc6350f19a3872e015d46aab85b7db44fa6dd3b70deb89872  ??  artifacts/rust-tauri/R03/STAGE-REPAIR-G01-F01/verify-stage-r02/A07_A08/service-s4-1.out
848863320854f3c60fb5c7b4f30e2f7c0a816ae3436eb5c7cd39d6bc33c1d173  ??  artifacts/rust-tauri/R03/STAGE-REPAIR-G01-F01/verify-stage-r02/A07_A08/service-s4-2.err
8e4a565ddb9843ff665461dedf3f14c03ed230d572fc7897afd6220093b4dc44  ??  artifacts/rust-tauri/R03/STAGE-REPAIR-G01-F01/verify-stage-r02/A07_A08/service-s4-2.out
40d8e983b0d5f50313d01400cfef6a48b10e660facb678833a4c828888745570  ??  artifacts/rust-tauri/R03/STAGE-REPAIR-G01-F01/verify-stage-r02/A07_A08/service-s4-3.err
227cefcda003945633958e5b4fd326759bec31fd095578b223eef98c8dc578b9  ??  artifacts/rust-tauri/R03/STAGE-REPAIR-G01-F01/verify-stage-r02/A07_A08/service-s4-3.out
3a31ab53865ab919f48175db4a329c5fdde90c7fc16b4d1c199a0f5ddfbcadea  ??  artifacts/rust-tauri/R03/STAGE-REPAIR-G01-F01/verify-stage-r02/A07_A08/service.addr
1a9db8539d87a032b778dd3b92cf9721767c147e1d969a83dea1df7fc3dfe748  ??  artifacts/rust-tauri/R03/STAGE-REPAIR-G01-F01/verify-stage-r02/A07_A08/service.pid
ef0c69072110e13bcf354619c10a98d842e8e82779465f9daa468de30a268a6b  ??  artifacts/rust-tauri/R03/STAGE-REPAIR-G01-F01/verify-stage-r02/A07_A08/summary.txt
f5b8e8b3ddd87817744dae0bbd605ba2362febd9df434b701e0ca2a379dd3d9d  ??  artifacts/rust-tauri/R03/STAGE-REPAIR-G01-F01/verify-stage-r02/A07_LIVE_FAULT/case.json
f2e373dab444d4eac5276adcaf4e1180e7661425d298621a91e8fe0117243006  ??  artifacts/rust-tauri/R03/STAGE-REPAIR-G01-F01/verify-stage-r02/A07_LIVE_FAULT/checked.json
bd9bd4d748ebfb06a7257d579a23e4b9b1844c8b040c64b7b6a4bf9816fe5d75  ??  artifacts/rust-tauri/R03/STAGE-REPAIR-G01-F01/verify-stage-r02/A09_A10/a09-merged-view.json
1f34acb0853aa6f1e5da047ddeb63b1e1dc6769301f9036151ca68c7a2264153  ??  artifacts/rust-tauri/R03/STAGE-REPAIR-G01-F01/verify-stage-r02/A09_A10/a10-rebuild-diff.json
6c40be7d1e53563d3bfa839e727f80b600a76986d6d18fa63ea9a827a0550a2d  ??  artifacts/rust-tauri/R03/STAGE-REPAIR-G01-F01/verify-stage-r02/A09_A10/key-events-dump.json
d05f7743e5794751c8a6c7e6c4a717f29f3a90a9ec03eee517948f784986d4ec  ??  artifacts/rust-tauri/R03/STAGE-REPAIR-G01-F01/verify-stage-r02/A09_A10/matrix.json
1d1c7533b2fbf895576902dc3e1d4181b19de44a75a804778d2599ef9c55b587  ??  artifacts/rust-tauri/R03/STAGE-REPAIR-G01-F01/verify-stage-r02/A09_A10/probe-matrix.jsonl
6dd3566774c62ff2c57f4bf98c65460e91b5f0e44d647fa6b55ee6842b1c2f80  ??  artifacts/rust-tauri/R03/STAGE-REPAIR-G01-F01/verify-stage-r02/A09_A10/service.err
b575bf315490aacad7b02b6d168866d4fd7a124b038bfdcefe250141712f0f2f  ??  artifacts/rust-tauri/R03/STAGE-REPAIR-G01-F01/verify-stage-r02/A09_A10/service.out
c28638c3583222841c522907f03c889dc5f938cedcb3999a56c4a283eb23cc16  ??  artifacts/rust-tauri/R03/STAGE-REPAIR-G01-F01/verify-stage-r02/A09_A10/summary.txt
dd63f79ce1a39fdef735dbb9eb292c3f8a45db77c2513d3cc7379e5dbe13749e  ??  artifacts/rust-tauri/R03/STAGE-REPAIR-G01-F01/verify-stage-r02/A11/backup-restore/s1-backup-dir-listing.txt
18bb8d39c7c5b7af47f18a5afab1c829fb926ad252db387cd8840fb37587d1fa  ??  artifacts/rust-tauri/R03/STAGE-REPAIR-G01-F01/verify-stage-r02/A11/backup-restore/s1-backup-outcome.json
e3b0c44298fc1c149afbf4c8996fb92427ae41e4649b934ca495991b7852b855  ??  artifacts/rust-tauri/R03/STAGE-REPAIR-G01-F01/verify-stage-r02/A11/backup-restore/s1-backup.err
4f95072d14adcc2d68298bd3797de5d7b43b80fd343f7328cb179e0e45eb282c  ??  artifacts/rust-tauri/R03/STAGE-REPAIR-G01-F01/verify-stage-r02/A11/backup-restore/s1-restore-outcome.json
e3b0c44298fc1c149afbf4c8996fb92427ae41e4649b934ca495991b7852b855  ??  artifacts/rust-tauri/R03/STAGE-REPAIR-G01-F01/verify-stage-r02/A11/backup-restore/s1-restore.err
6b35fe72fff1af098f89902ba7036235359c312342efa6b6f7dd0ab2ddab2627  ??  artifacts/rust-tauri/R03/STAGE-REPAIR-G01-F01/verify-stage-r02/A11/backup-restore/s1-restored-dump.jsonl
ce24c95225a33ec5e912b5c0780bef9c4cdc68aa0029a39adca7be98f84f21b4  ??  artifacts/rust-tauri/R03/STAGE-REPAIR-G01-F01/verify-stage-r02/A11/backup-restore/s1-restored-hash.txt
6b35fe72fff1af098f89902ba7036235359c312342efa6b6f7dd0ab2ddab2627  ??  artifacts/rust-tauri/R03/STAGE-REPAIR-G01-F01/verify-stage-r02/A11/backup-restore/s1-source-dump.jsonl
35646e5ad254d34e4a254458d973d7683988e59d50a0709917eb8574fe48e71f  ??  artifacts/rust-tauri/R03/STAGE-REPAIR-G01-F01/verify-stage-r02/A11/backup-restore/s1-source-hash.txt
951e1f2cedf4a978898a4f9e620777561b8381ece9faf4223f8594a201f47f74  ??  artifacts/rust-tauri/R03/STAGE-REPAIR-G01-F01/verify-stage-r02/A11/backup-restore/s1-wal-size.txt
e3b0c44298fc1c149afbf4c8996fb92427ae41e4649b934ca495991b7852b855  ??  artifacts/rust-tauri/R03/STAGE-REPAIR-G01-F01/verify-stage-r02/A11/backup-restore/s3-backup-out.json
b8adb728dce0e01279eab525b71d3018d095e9c2c1dac65d171f5a4bb4e99bba  ??  artifacts/rust-tauri/R03/STAGE-REPAIR-G01-F01/verify-stage-r02/A11/backup-restore/s3-backup.err
9b33c4d50a9f7a0434980244454a85ce4288c7323241cf9ff22c50e6b8f8dd85  ??  artifacts/rust-tauri/R03/STAGE-REPAIR-G01-F01/verify-stage-r02/A11/backup-restore/s4-ws-probe.json
a4c3ed04a95a3da14a9d235c83d868bed7c0f45cf7f3faa751ee8f50598d2211  ??  artifacts/rust-tauri/R03/STAGE-REPAIR-G01-F01/verify-stage-r02/A11/backup-restore/s4-ws-probe.json.probe-done
d5a0ed83f3f17318bd8efdb70f3ca70c061ce3cf09fa21fae25aaa6c9dd2a9b2  ??  artifacts/rust-tauri/R03/STAGE-REPAIR-G01-F01/verify-stage-r02/A11/backup-restore/service-s1.addr
2d19715d3679143c0baceac69ef15ec5d4bbc502663d347e63d174849cdbc901  ??  artifacts/rust-tauri/R03/STAGE-REPAIR-G01-F01/verify-stage-r02/A11/backup-restore/service-s1.err
f6f1be8dbc67fe6c137a6e07f3a85dacb05f522a22edf5f8034658e8a161b8ac  ??  artifacts/rust-tauri/R03/STAGE-REPAIR-G01-F01/verify-stage-r02/A11/backup-restore/service-s1.out
519d6d182c923a9b6fbb916167279ae2b32c6c47f9e4e3584023575b09a75711  ??  artifacts/rust-tauri/R03/STAGE-REPAIR-G01-F01/verify-stage-r02/A11/backup-restore/service-s2.addr
0489b6e5ca363712bfcfbfa29077ce69ff855dfdfc6802068d688f7c9b09e44f  ??  artifacts/rust-tauri/R03/STAGE-REPAIR-G01-F01/verify-stage-r02/A11/backup-restore/service-s2.err
b81626d184c5ff97e8f8b3e47f44b4659dc15c2cfe8560e6d44b0001c2917ff0  ??  artifacts/rust-tauri/R03/STAGE-REPAIR-G01-F01/verify-stage-r02/A11/backup-restore/service-s2.out
7e0c3775d17c650a808e81ebb2fe9636efb4e85cccf099f1892b72e6b9742f59  ??  artifacts/rust-tauri/R03/STAGE-REPAIR-G01-F01/verify-stage-r02/A11/backup-restore/service-s4.addr
c00fb5bc178b036b92058c6b4bea9734438a088dda4de4b5fa3c2b35c7b14694  ??  artifacts/rust-tauri/R03/STAGE-REPAIR-G01-F01/verify-stage-r02/A11/backup-restore/service-s4.err
941f6ad2ec7bd454dbc1cb688b66c193828caf755f754a2d3bfe590599579482  ??  artifacts/rust-tauri/R03/STAGE-REPAIR-G01-F01/verify-stage-r02/A11/backup-restore/service-s4.out
94c685d86a48bb755952d39210d9ceb266a595a27ffcae565ee471dcedb394d7  ??  artifacts/rust-tauri/R03/STAGE-REPAIR-G01-F01/verify-stage-r02/A11/backup-restore/service.pid
668ed90314dae2acbb6362721a735ad323dcedd827e5ccc35d22848e6361a2f5  ??  artifacts/rust-tauri/R03/STAGE-REPAIR-G01-F01/verify-stage-r02/A11/backup-restore/summary.txt
5b1d240b31c608c60a55902767b50a1a13a0fbd3e62ec783c61ae780bc953c58  ??  artifacts/rust-tauri/R03/STAGE-REPAIR-G01-F01/verify-stage-r02/A12/recovery-drill/coexist-after.txt
5b1d240b31c608c60a55902767b50a1a13a0fbd3e62ec783c61ae780bc953c58  ??  artifacts/rust-tauri/R03/STAGE-REPAIR-G01-F01/verify-stage-r02/A12/recovery-drill/coexist-before.txt
19d8b3b6104b679747ac00bab118b0184e03c20218907acce74ddc1a69069c96  ??  artifacts/rust-tauri/R03/STAGE-REPAIR-G01-F01/verify-stage-r02/A12/recovery-drill/own-created-homes.txt
79be6d64aa93bf457e5b337dfa16a187af549e49a08c7760b4ddb0f61bedf8ac  ??  artifacts/rust-tauri/R03/STAGE-REPAIR-G01-F01/verify-stage-r02/A12/recovery-drill/summary.txt
7b2f675d535131e9ee3b95eb996b520af42000b1efea572dc62eff72fd758a84  ??  artifacts/rust-tauri/R03/STAGE-REPAIR-G01-F01/verify-stage-r02/A12/recovery-drill/v1-hashes-after.txt
7b2f675d535131e9ee3b95eb996b520af42000b1efea572dc62eff72fd758a84  ??  artifacts/rust-tauri/R03/STAGE-REPAIR-G01-F01/verify-stage-r02/A12/recovery-drill/v1-hashes-before.txt
408651634dc5571253d97f01297d32f2f4a96a0a707d9655e2556b84075a80e9  ??  artifacts/rust-tauri/R03/STAGE-REPAIR-G01-F01/verify-stage-r02/A12/recovery-drill/v1.err
e3b0c44298fc1c149afbf4c8996fb92427ae41e4649b934ca495991b7852b855  ??  artifacts/rust-tauri/R03/STAGE-REPAIR-G01-F01/verify-stage-r02/A12/recovery-drill/v1.out
fcb269f1fc43e20619871bab0f6e464d30773313e55b17f725fc62249ab521be  ??  artifacts/rust-tauri/R03/STAGE-REPAIR-G01-F01/verify-stage-r02/A12/recovery-drill/v2-hashes-after.txt
fcb269f1fc43e20619871bab0f6e464d30773313e55b17f725fc62249ab521be  ??  artifacts/rust-tauri/R03/STAGE-REPAIR-G01-F01/verify-stage-r02/A12/recovery-drill/v2-hashes-before.txt
ead90c06e6f70d65f104a334e3f289e06cc00d337009ef058e48d09ffdf08779  ??  artifacts/rust-tauri/R03/STAGE-REPAIR-G01-F01/verify-stage-r02/A12/recovery-drill/v2.err
e3b0c44298fc1c149afbf4c8996fb92427ae41e4649b934ca495991b7852b855  ??  artifacts/rust-tauri/R03/STAGE-REPAIR-G01-F01/verify-stage-r02/A12/recovery-drill/v2.out
a33ffd69acb495d9a221778bb2317e4cef00e4d752d794b9c1267890666ec43d  ??  artifacts/rust-tauri/R03/STAGE-REPAIR-G01-F01/verify-stage-r02/A12/recovery-drill/v3-hashes-after.txt
a33ffd69acb495d9a221778bb2317e4cef00e4d752d794b9c1267890666ec43d  ??  artifacts/rust-tauri/R03/STAGE-REPAIR-G01-F01/verify-stage-r02/A12/recovery-drill/v3-hashes-before.txt
e7aad5289fa891605b1357e13383a364c491815dc867c95a6c4a8471569bfc7d  ??  artifacts/rust-tauri/R03/STAGE-REPAIR-G01-F01/verify-stage-r02/A12/recovery-drill/v3.err
e3b0c44298fc1c149afbf4c8996fb92427ae41e4649b934ca495991b7852b855  ??  artifacts/rust-tauri/R03/STAGE-REPAIR-G01-F01/verify-stage-r02/A12/recovery-drill/v3.out
35ee317dc1ed54fcdbe1f28738948025beb19f73c7d1c2dafaadeccf77f0e890  ??  artifacts/rust-tauri/R03/STAGE-REPAIR-G01-F01/verify-stage-r02/A12/recovery-drill/v4.err
5c02950b9261fc11b1af9a9e078a7423b88ff6319fbd013d0ad3f46656029f54  ??  artifacts/rust-tauri/R03/STAGE-REPAIR-G01-F01/verify-stage-r02/A12/recovery-drill/v4.out
bc3161f34c1af6c204ef8c80b4baee9973a11d89cd040076813ae6ff4960e6fa  ??  artifacts/rust-tauri/R03/STAGE-REPAIR-G01-F01/verify-stage-r02/A12/recovery-drill/v5-hashes-after.txt
bc3161f34c1af6c204ef8c80b4baee9973a11d89cd040076813ae6ff4960e6fa  ??  artifacts/rust-tauri/R03/STAGE-REPAIR-G01-F01/verify-stage-r02/A12/recovery-drill/v5-hashes-before.txt
8a44a668fa2773b970aea20ef6d4f69af741125fe1799d1db5983e56d4157104  ??  artifacts/rust-tauri/R03/STAGE-REPAIR-G01-F01/verify-stage-r02/A12/recovery-drill/v5.err
e3b0c44298fc1c149afbf4c8996fb92427ae41e4649b934ca495991b7852b855  ??  artifacts/rust-tauri/R03/STAGE-REPAIR-G01-F01/verify-stage-r02/A12/recovery-drill/v5.out
5c9672576b150fa349a8570aefc8aacbad9b63708199bebf37d8f950dc9adb2b  ??  artifacts/rust-tauri/R03/STAGE-REPAIR-G01-F01/verify-stage-r02/A12/recovery-drill/v6-recovered-dump.jsonl
27badc983df1780b60c2b3fa9d3a19a00e46aac798451f0febdca52920faaddf  ??  artifacts/rust-tauri/R03/STAGE-REPAIR-G01-F01/verify-stage-r02/A12/recovery-drill/v6-seed-execute.txt
e0f969dd30d1e8c021ac94d1510341ba9678365f47ad3f98f6354048261ff130  ??  artifacts/rust-tauri/R03/STAGE-REPAIR-G01-F01/verify-stage-r02/A12/recovery-drill/v6-seed.err
b25c3a8bd8557fc64fb982b997a6f0ae4b18ebc7b9be28f1dee1c15ec8b73a26  ??  artifacts/rust-tauri/R03/STAGE-REPAIR-G01-F01/verify-stage-r02/A12/recovery-drill/v6-seed.out
960c334fbcde896750eb1209bce2b1812fd85203a66859a2fa87b8d01f152ff2  ??  artifacts/rust-tauri/R03/STAGE-REPAIR-G01-F01/verify-stage-r02/A12/recovery-drill/v6.err
14e13049d4ac2e25024837b35217e4db0e74cf10fab8a6c9254576c56738f530  ??  artifacts/rust-tauri/R03/STAGE-REPAIR-G01-F01/verify-stage-r02/A12/recovery-drill/v6.out
3080f01099fce275d4b7607bae8f05717771c4a7e05552f143666be0cd300f88  ??  artifacts/rust-tauri/R03/STAGE-REPAIR-G01-F01/verify-stage-r02/A12/recovery-drill/v7-hashes-after.txt
3080f01099fce275d4b7607bae8f05717771c4a7e05552f143666be0cd300f88  ??  artifacts/rust-tauri/R03/STAGE-REPAIR-G01-F01/verify-stage-r02/A12/recovery-drill/v7-hashes-before.txt
0681113d7e921af1ee786672dc75fea6b0f2ec5fbcb9d31133e17926f23479aa  ??  artifacts/rust-tauri/R03/STAGE-REPAIR-G01-F01/verify-stage-r02/A12/recovery-drill/v7-seed.err
0375bfe7764011c8c6416b5f03e4522816ff7719ef8572b9b678fc204a5af82a  ??  artifacts/rust-tauri/R03/STAGE-REPAIR-G01-F01/verify-stage-r02/A12/recovery-drill/v7-seed.out
7b4f494db4eb4a027dd6d9b6d85aa82952b2a42fa394f89a964dd2dd21a938c3  ??  artifacts/rust-tauri/R03/STAGE-REPAIR-G01-F01/verify-stage-r02/A12/recovery-drill/v7.err
e3b0c44298fc1c149afbf4c8996fb92427ae41e4649b934ca495991b7852b855  ??  artifacts/rust-tauri/R03/STAGE-REPAIR-G01-F01/verify-stage-r02/A12/recovery-drill/v7.out
b6419922ef1eb7ba58f39c95bed6e4389489b65cc3d1e4ff9af61c20b3bf9dfc  ??  artifacts/rust-tauri/R03/STAGE-REPAIR-G01-F01/verify-stage-r02/A12/recovery-drill/v8-observed.err
efb1baffd4ee47bdb87e1c80aa9a58879d373cd92eef885d68c30c6ef9ca48ac  ??  artifacts/rust-tauri/R03/STAGE-REPAIR-G01-F01/verify-stage-r02/A12/recovery-drill/v8-seed.err
26812b1a17a3b9b86ad7d9813450a6177ab5857c2943981b0d6f48e0a1df48d6  ??  artifacts/rust-tauri/R03/STAGE-REPAIR-G01-F01/verify-stage-r02/A12/recovery-drill/v8-seed.out
b6419922ef1eb7ba58f39c95bed6e4389489b65cc3d1e4ff9af61c20b3bf9dfc  ??  artifacts/rust-tauri/R03/STAGE-REPAIR-G01-F01/verify-stage-r02/A12/recovery-drill/v8.err
e22b33adeb4143da7c2dba5d32e5091fce5dc58a241acb19d5e9f9fa37c7cd2a  ??  artifacts/rust-tauri/R03/STAGE-REPAIR-G01-F01/verify-stage-r02/A12/recovery-drill/v8.out
5e2e730c2b53d7e09edab5ae88bb8659f2af92a751104b1828963d1c0c0dbb5c  ??  artifacts/rust-tauri/R03/STAGE-REPAIR-G01-F01/verify-stage-r02/A13/redaction-scan/inventory.txt
dce821afd2f8da1a146f7b6edf99936c1c823667984362bc1045ec678173a53e  ??  artifacts/rust-tauri/R03/STAGE-REPAIR-G01-F01/verify-stage-r02/A13/redaction-scan/p1-execute-ok.body
91c2250f398aac1f975e6f5b0323513285b0fcd472c730e9c385ce668d8f7d0a  ??  artifacts/rust-tauri/R03/STAGE-REPAIR-G01-F01/verify-stage-r02/A13/redaction-scan/p1-execute-ok.headers
4e38ffcd373cb9faac3bd1881d675776a089520fc94d443b306bced20e040e27  ??  artifacts/rust-tauri/R03/STAGE-REPAIR-G01-F01/verify-stage-r02/A13/redaction-scan/p1-execute-request.json
31c81e5e8e005455321c2856ef1b3a5d53768b03ccb42e6a329ebb1c9d7772b3  ??  artifacts/rust-tauri/R03/STAGE-REPAIR-G01-F01/verify-stage-r02/A13/redaction-scan/p1-issue-credential.body
b82c071db22266e6835c0c4f2e24e43fa6f3fba773631743cb5734a99897f4a0  ??  artifacts/rust-tauri/R03/STAGE-REPAIR-G01-F01/verify-stage-r02/A13/redaction-scan/p1-issue-credential.headers
e4f7d15ff214194f7c5c24e9a2d1c020776147eba88dd3ecea2e456a7c234da3  ??  artifacts/rust-tauri/R03/STAGE-REPAIR-G01-F01/verify-stage-r02/A13/redaction-scan/p1-issue-request.json
883689289a17a8e446d7c45e921d8734fe1974df15f533cc0d1e7bad58267858  ??  artifacts/rust-tauri/R03/STAGE-REPAIR-G01-F01/verify-stage-r02/A13/redaction-scan/p1-me-ok.body
a16fd32a352c676ca26ec66b99f24266f7ccaffe9f7f5743473d76fd8000e443  ??  artifacts/rust-tauri/R03/STAGE-REPAIR-G01-F01/verify-stage-r02/A13/redaction-scan/p1-me-ok.headers
44136fa355b3678a1146ad16f7e8649e94fb4fc21fe77e8310c060f61caaff8a  ??  artifacts/rust-tauri/R03/STAGE-REPAIR-G01-F01/verify-stage-r02/A13/redaction-scan/p1-ticket-request.json
d409c77ebbfe78bc759f347ca59b85644407cb36031e64f2b93f866f84997a89  ??  artifacts/rust-tauri/R03/STAGE-REPAIR-G01-F01/verify-stage-r02/A13/redaction-scan/p1-ticket.body
da742573b7216acad3556c4e0f2dcac3d53f77ddc110f3afd4f48cff94b522a8  ??  artifacts/rust-tauri/R03/STAGE-REPAIR-G01-F01/verify-stage-r02/A13/redaction-scan/p1-ticket.headers
f215d3ebd3b69843dd2907ec917db2805ea67dcb45ab9953e71e9e4578837f44  ??  artifacts/rust-tauri/R03/STAGE-REPAIR-G01-F01/verify-stage-r02/A13/redaction-scan/p2-me-bad-bearer.body
573e0e7aac642d1aa280d34cba2f16cc02b0fa40a9c980dac177bb333f25b3fb  ??  artifacts/rust-tauri/R03/STAGE-REPAIR-G01-F01/verify-stage-r02/A13/redaction-scan/p2-me-bad-bearer.headers
b27d43404b2b49d295f129966d0e20d6cd672d21bf1fec17177147bf2585b7be  ??  artifacts/rust-tauri/R03/STAGE-REPAIR-G01-F01/verify-stage-r02/A13/redaction-scan/p2-me-no-auth.body
573e0e7aac642d1aa280d34cba2f16cc02b0fa40a9c980dac177bb333f25b3fb  ??  artifacts/rust-tauri/R03/STAGE-REPAIR-G01-F01/verify-stage-r02/A13/redaction-scan/p2-me-no-auth.headers
ba872d036c3f872bfe99c92ac67ef46bc4dd056a4f04050eecd27ddc0eb21105  ??  artifacts/rust-tauri/R03/STAGE-REPAIR-G01-F01/verify-stage-r02/A13/redaction-scan/p2-session-cross.body
cce295a08880f3b8835d7fb82ce618ad10346414d1d3b98b643b5b1149cd5453  ??  artifacts/rust-tauri/R03/STAGE-REPAIR-G01-F01/verify-stage-r02/A13/redaction-scan/p2-session-cross.headers
9098eb7098b62375e332dc89f7e0eb14a9aa17d9fa61ec31da67fa5864f12cbc  ??  artifacts/rust-tauri/R03/STAGE-REPAIR-G01-F01/verify-stage-r02/A13/redaction-scan/p2-session-missing.body
d74385a3f6667c88e925e3169ac2d16eea5a48f4c8dc3abd7ef5a873c02d696e  ??  artifacts/rust-tauri/R03/STAGE-REPAIR-G01-F01/verify-stage-r02/A13/redaction-scan/p2-session-missing.headers
b46f0b032c921501bf2a985e7857e5b19f5f774d76fac6ec7fc58474105abf05  ??  artifacts/rust-tauri/R03/STAGE-REPAIR-G01-F01/verify-stage-r02/A13/redaction-scan/p2-ws-bad-query.body
573e0e7aac642d1aa280d34cba2f16cc02b0fa40a9c980dac177bb333f25b3fb  ??  artifacts/rust-tauri/R03/STAGE-REPAIR-G01-F01/verify-stage-r02/A13/redaction-scan/p2-ws-bad-query.headers
bc5c798c8846facd87a34da03c3888687355cd3b64ccd008907c9fea00a535ae  ??  artifacts/rust-tauri/R03/STAGE-REPAIR-G01-F01/verify-stage-r02/A13/redaction-scan/p2-ws-transcript.txt
49962b07bf2dc251c5675b5d5a3517a8f49b3062a542ce516d457c21c5034993  ??  artifacts/rust-tauri/R03/STAGE-REPAIR-G01-F01/verify-stage-r02/A13/redaction-scan/p3-burst-1.body
8d60de4a6726ead8515d6bd3479114761293f15c073f850cc8c2085b74706e74  ??  artifacts/rust-tauri/R03/STAGE-REPAIR-G01-F01/verify-stage-r02/A13/redaction-scan/p3-burst-2.body
d6b75fd071b0888b4164b63d334dfa3d1daa9ee7e9a680b9929a0bfbdbfcf65c  ??  artifacts/rust-tauri/R03/STAGE-REPAIR-G01-F01/verify-stage-r02/A13/redaction-scan/p3-burst-3.body
1ee3fde7c68c83ba46b064c335ce9d8480e0e0420786ff9133453415b9ccc73e  ??  artifacts/rust-tauri/R03/STAGE-REPAIR-G01-F01/verify-stage-r02/A13/redaction-scan/p3-burst-4.body
96bb1eb5f7e97172f6e96b85fd3956ec559fdc03e0ce7b4cd5b372ca4ebb897c  ??  artifacts/rust-tauri/R03/STAGE-REPAIR-G01-F01/verify-stage-r02/A13/redaction-scan/p3-burst-5.body
0864e78129fad8714216c1f1c391a98bbb019892e0e6ed8d5eb1b3b206390411  ??  artifacts/rust-tauri/R03/STAGE-REPAIR-G01-F01/verify-stage-r02/A13/redaction-scan/p3-burst-6.body
00f8048e7b3741556bc93af1c92ff277f6c55e62990821ac0195ee29a9a7fd49  ??  artifacts/rust-tauri/R03/STAGE-REPAIR-G01-F01/verify-stage-r02/A13/redaction-scan/p3-burst-7.body
775412f3bca3e84a89f68c7a1aab08afb637b8d476d6dace12c5a21a1e4dfdaa  ??  artifacts/rust-tauri/R03/STAGE-REPAIR-G01-F01/verify-stage-r02/A13/redaction-scan/p3-burst-8.body
e89d50f95150fa2e9458cb0c5d045ab66124116f16d839c55b21a703190fe91d  ??  artifacts/rust-tauri/R03/STAGE-REPAIR-G01-F01/verify-stage-r02/A13/redaction-scan/p3-execute-request.json
579ddd5f5acb5164c439a0fc1f6e730394917d2a9b163911b1e80dce5a57981b  ??  artifacts/rust-tauri/R03/STAGE-REPAIR-G01-F01/verify-stage-r02/A13/redaction-scan/p3-status-codes.txt
464f15f8d58466bb0ff9630880cc599be3e592e3f7d0287648ad2be58bf14208  ??  artifacts/rust-tauri/R03/STAGE-REPAIR-G01-F01/verify-stage-r02/A13/redaction-scan/service-logs/retention-manifest.txt
3bbe19412e986f5e30c022dcf81d8b07f9a50a2f187510a051200d247eaa8d0d  ??  artifacts/rust-tauri/R03/STAGE-REPAIR-G01-F01/verify-stage-r02/A13/redaction-scan/service-p1.addr
9591a42d49dc117c3fad8f705511bd210457d07ef920586bce0a3f02851080e2  ??  artifacts/rust-tauri/R03/STAGE-REPAIR-G01-F01/verify-stage-r02/A13/redaction-scan/service-p1.err
0833309f22230358a4a3e0f1cab9b5adfca00fef91b974754f9a7ead3947ba63  ??  artifacts/rust-tauri/R03/STAGE-REPAIR-G01-F01/verify-stage-r02/A13/redaction-scan/service-p1.out
eb0fdf56dc5ee0772e91426513e89568a4baff444c7b1d04afc61935e76a2b65  ??  artifacts/rust-tauri/R03/STAGE-REPAIR-G01-F01/verify-stage-r02/A13/redaction-scan/service-p3.addr
97acac453407cf4ea9bf393a5bacddd84d72914df12db7a7424ef63d2e13ce93  ??  artifacts/rust-tauri/R03/STAGE-REPAIR-G01-F01/verify-stage-r02/A13/redaction-scan/service-p3.err
f505cd7c447e186d95708b5399dcfbab8f758d51c27b99ca4ebf9ea7eed8e551  ??  artifacts/rust-tauri/R03/STAGE-REPAIR-G01-F01/verify-stage-r02/A13/redaction-scan/service-p3.out
3423eff026fa7b84a6e203fb0d3b2e34c42ee9a21c533d342d8b92e1fc0ce6d4  ??  artifacts/rust-tauri/R03/STAGE-REPAIR-G01-F01/verify-stage-r02/A13/redaction-scan/service-p4.err
e3b0c44298fc1c149afbf4c8996fb92427ae41e4649b934ca495991b7852b855  ??  artifacts/rust-tauri/R03/STAGE-REPAIR-G01-F01/verify-stage-r02/A13/redaction-scan/service-p4.out
1437cc0a3851f85f5b8abddd7b1e35b52afe42fea858f32f26f28ebd46edb4d9  ??  artifacts/rust-tauri/R03/STAGE-REPAIR-G01-F01/verify-stage-r02/A13/redaction-scan/summary.txt
23b6a74f2f87e83731bb947e282a11fbf43030adce5a0b3fe8f1bf7ec8dc04df  ??  artifacts/rust-tauri/R03/STAGE-REPAIR-G01-F01/verify-stage-r02/A14/slow-subscriber/detach-lines.txt
2192aacdee5fd8a535a14906f641f4055c452fb7e9f363092194808b3c1c5392  ??  artifacts/rust-tauri/R03/STAGE-REPAIR-G01-F01/verify-stage-r02/A14/slow-subscriber/rss-samples.csv
b89c9a6d317332351a68c5d7193040bcdc2591d994062abd1b9d82bf4b68d04a  ??  artifacts/rust-tauri/R03/STAGE-REPAIR-G01-F01/verify-stage-r02/A14/slow-subscriber/service.err
400537b67065413f1e5377551aec5cbd5507131ee7c0caa5b6e183a33ebdfc30  ??  artifacts/rust-tauri/R03/STAGE-REPAIR-G01-F01/verify-stage-r02/A14/slow-subscriber/service.out
72143381ef9b46061d735ca78408cf65911f63d54ded5d512990cd8163650e0c  ??  artifacts/rust-tauri/R03/STAGE-REPAIR-G01-F01/verify-stage-r02/A14/slow-subscriber/storm-results.json
c10b7306d4acf73a7777a2a1f54f427c9abff0efefb80531f1f9a1a25b416ade  ??  artifacts/rust-tauri/R03/STAGE-REPAIR-G01-F01/verify-stage-r02/A14/slow-subscriber/summary.txt
54f08d304fcd4ac739dbde373c7ab1155dc61c310e5c7bac81bcde96b5adf53d  ??  artifacts/rust-tauri/R03/STAGE-REPAIR-G01-F01/verify-stage-r02/A15/full-chain/pre-restart-head.json
e3b0c44298fc1c149afbf4c8996fb92427ae41e4649b934ca495991b7852b855  ??  artifacts/rust-tauri/R03/STAGE-REPAIR-G01-F01/verify-stage-r02/A15/full-chain/probe1.err
f7453a97342e62dd5fb49939fd9af9f75c9dc622b2cab7cf78101fcad185037c  ??  artifacts/rust-tauri/R03/STAGE-REPAIR-G01-F01/verify-stage-r02/A15/full-chain/probe1.pass-lines
e3b0c44298fc1c149afbf4c8996fb92427ae41e4649b934ca495991b7852b855  ??  artifacts/rust-tauri/R03/STAGE-REPAIR-G01-F01/verify-stage-r02/A15/full-chain/probe2.err
28a411dc95be7e6596d2954fdbecf8eb034d9f8dc1248ab1d111c07c1c218b89  ??  artifacts/rust-tauri/R03/STAGE-REPAIR-G01-F01/verify-stage-r02/A15/full-chain/probe2.pass-lines
3a838c144581c354d2b9c9c9a57ef795c67648a3e1203b48bd3cd9aba2d1d739  ??  artifacts/rust-tauri/R03/STAGE-REPAIR-G01-F01/verify-stage-r02/A15/full-chain/service1.err
456e64a453e341feb559576bcf1cbfacbcc839ab72788e718db72653113e2002  ??  artifacts/rust-tauri/R03/STAGE-REPAIR-G01-F01/verify-stage-r02/A15/full-chain/service1.out
10ebde9e474e5dd1363e310d28c137c6a4d575edae72f73afca485e81b594c2d  ??  artifacts/rust-tauri/R03/STAGE-REPAIR-G01-F01/verify-stage-r02/A15/full-chain/service2.err
d2081bd96942fe7805f640d87c23d10ae12db088788ce7f981cbc15142c68d1b  ??  artifacts/rust-tauri/R03/STAGE-REPAIR-G01-F01/verify-stage-r02/A15/full-chain/service2.out
b2f821a684712b1efaa7a0d7ab63971cfb88948f77202388a6142b5e8174c7cd  ??  artifacts/rust-tauri/R03/STAGE-REPAIR-G01-F01/verify-stage-r02/A15/full-chain/summary.txt
3c7ba24f4cd7fe723a5b8c5f3da3626b99f1b74cbfdaaa3604b5ab699032cfce   M  docs/rust-tauri/R03/R03-T06_REPORT.md
a10942f2aae49046af909d49ed82436579c9678602c02dbb75db87884c94f7fe   M  docs/rust-tauri/R03/R03_HANDOFF.json
df3871d3a3812d07f7dd71f367226ad18e2924d35cdbb1a1109fa67de643762d   M  docs/rust-tauri/R03/R03_REPORT.md
81af8df4dbd0eebde16ca93d37ee14f14276b6386a21e7401fca38e045e45f1f  ??  docs/rust-tauri/R03/dispatches/R03-STAGE_REPAIR_G01_F01_DISPATCH.md
09937756a5413dddcea15268b764915351e7974ef6938776fd0519b706405ed6   M  scripts/rust-tauri/r02_t04_live_fault_evidence.py
0cd47b5529d1fc4f4f46dd53d9ed9a0599eacd410ccf35b4d4139e6ce7d6e652   M  scripts/rust-tauri/r02_t07_slow_subscriber.sh
