# binding-exclusion: artifacts/rust-tauri/R03/repair-current/G07-E01/verify-stage-r03/R02/A16/legacy-entry/** — this gate's own run-time evidence output subtree (runner output, never candidate source); applied symmetrically to BOTH the main-repo binding and the candidate-copy binding (E0 mirror compare)
49003fe8be15055091d737d5bea20563b4db3a66a4e77fbeed50b8a2494b7213  ??  artifacts/rust-tauri/R03/repair-current/G07-E01/gate-commands/check_boundaries/exit-code.txt
6a18df34d108eb82fbdccda725b9628290e95a16322e723290c1ddaa2467ccf3  ??  artifacts/rust-tauri/R03/repair-current/G07-E01/gate-commands/check_contracts/exit-code.txt
0d75ad1cefb045cfa52b0b2974264a48a9db3701addfcc97fcb6b60b00bb8635  ??  artifacts/rust-tauri/R03/repair-current/G07-E01/gate-commands/rust_clippy/exit-code.txt
1b5d8d6341069801a016b6c550c9e2fb6912797d3e814d44ff0961d7a67cfee6  ??  artifacts/rust-tauri/R03/repair-current/G07-E01/gate-commands/rust_fmt/exit-code.txt
58304e22a2335464bf6b54991bf5fffa13bc960529269f5fe380c510933ba821  ??  artifacts/rust-tauri/R03/repair-current/G07-E01/gate-commands/rust_test_workspace/exit-code.txt
a78e649733d4fea6a4eed258f2828044be4f87cbe15d6e4cd56aa13bbdf42064  ??  artifacts/rust-tauri/R03/repair-current/G07-E01/preflight-repair-suites/cases.jsonl
e3b0c44298fc1c149afbf4c8996fb92427ae41e4649b934ca495991b7852b855  ??  artifacts/rust-tauri/R03/repair-current/G07-E01/preflight-repair-suites/gaps.txt
fb01ac619921de38fc8b3f4b03acf1679ef1970aa72ad9b11894254d77ec1319  ??  artifacts/rust-tauri/R03/repair-current/G07-E01/preflight-repair-suites/repair-cases.json
adebf94adf1305de41508726eebe386e4abf2994f31973f70d0a4580d7372cc6  ??  artifacts/rust-tauri/R03/repair-current/G07-E01/preflight-repair-suites/summary.txt
f5b0981175fe9bd307c7bb4e8dcb8490cfa58585d62d9c3e2f7eb03e4e875e54  ??  artifacts/rust-tauri/R03/repair-current/G07-E01/verify-stage-r03/A15/cases/background-run-completes-decoupled.json
fda5f46e011354371ff149d97818d48d3b78dca205e17e8a7b39dba1cb4013e6  ??  artifacts/rust-tauri/R03/repair-current/G07-E01/verify-stage-r03/A15/cases/background-survives-unrelated-cancel.json
92eebd1162583e5ed42a8e61a80b5c84e94753ed6562c35c930ebb65f6e23f01  ??  artifacts/rust-tauri/R03/repair-current/G07-E01/verify-stage-r03/A15/cases/cancel-live-run-accepted-terminal-cancelled.json
edc380e78d3b8f95b51f12c2bbfcb702760327da3f20bd6c9f456b5c7e0934de  ??  artifacts/rust-tauri/R03/repair-current/G07-E01/verify-stage-r03/A15/cases/cancel-terminal-run-already-terminal.json
e320e539d701e4f285fcff1a42629b28016fa5f103e77fccb5c1ddf921155742  ??  artifacts/rust-tauri/R03/repair-current/G07-E01/verify-stage-r03/A15/cases/cancel-unknown-run-not-found.json
a513a19cd5ca9bc857d2e01c9be7ec61e3e5677e7d1948db618b31fb7aba127a  ??  artifacts/rust-tauri/R03/repair-current/G07-E01/verify-stage-r03/A15/cases/cancel-waiting-approval-cancels-cleanly.json
602b436fbd1f0de778ca086853030197fe28a3fde1a5f694ebea64e4f8779c8a  ??  artifacts/rust-tauri/R03/repair-current/G07-E01/verify-stage-r03/A15/cases/combo-cancel-stream-terminal-cancelled.json
b24ff9cdbb08092492dd68815bdf3c4a6f38c8e2a42cd79c30abbfcacdfef745  ??  artifacts/rust-tauri/R03/repair-current/G07-E01/verify-stage-r03/A15/cases/combo-crash-recovery-honest-interrupted.json
d9e8dea9429b0f0c9fc86be7f31dcd96b4b227e1174dcdea6d1f00b177ec2987  ??  artifacts/rust-tauri/R03/repair-current/G07-E01/verify-stage-r03/A15/cases/combo-cross-session-both-complete.json
106bebd1aa293f120bb83f22b33de1e19ae817a4963587e2ee17be8731293349  ??  artifacts/rust-tauri/R03/repair-current/G07-E01/verify-stage-r03/A15/cases/combo-duplicate-conflict-rejected.json
eafb37ffcb4d76d45d58a64d80d9ef413064c1f979d64ba1cc2e609d147963fc  ??  artifacts/rust-tauri/R03/repair-current/G07-E01/verify-stage-r03/A15/cases/combo-duplicate-replay-no-second-run.json
346e6cb6ae16f125e4bbfdbf24d2bbcf63c92fa9642b2676fa06a78bfa1e8fdb  ??  artifacts/rust-tauri/R03/repair-current/G07-E01/verify-stage-r03/A15/cases/combo-events-subscriber-saw-terminal.json
97a0c8f8404d1c042f8f7efd240d5d5f5446103b21bcccf9c5c90461b6082043  ??  artifacts/rust-tauri/R03/repair-current/G07-E01/verify-stage-r03/A15/cases/combo-multi-tool-three-calls.json
aa936466e694a90f4087b7ae928f7c9b96ae1450073774fcb29d177dfa59c7b6  ??  artifacts/rust-tauri/R03/repair-current/G07-E01/verify-stage-r03/A15/cases/combo-multi-turn-one-terminal.json
f7bdd9e301d37d6a062e13225cfc84d7e96c1f88cd75d34e300ab00dd0fad0a0  ??  artifacts/rust-tauri/R03/repair-current/G07-E01/verify-stage-r03/A15/cases/combo-normal-run-completed.json
51d8bd26cb2f29bee74097b5ef9a36e3389a56a1c7127e86fa36d75a8106659e  ??  artifacts/rust-tauri/R03/repair-current/G07-E01/verify-stage-r03/A15/cases/combo-out-of-order-late-result-fenced.json
e18f1fcb5cc4af47da6184707fb88e0c0ed656f1fafffe8020a3001c9826c931  ??  artifacts/rust-tauri/R03/repair-current/G07-E01/verify-stage-r03/A15/cases/combo-timeout-budget-loud-failure.json
ccbc0f5c630f404851ca1c561fd5c73421ba9b217ceeff29973b263f05e30888  ??  artifacts/rust-tauri/R03/repair-current/G07-E01/verify-stage-r03/A15/cases/parent-cancel-stops-child-run.json
d72d7e1151ea38a4eeb9ad435aa66dc376039e41ff714f9f550e1f2c8934585a  ??  artifacts/rust-tauri/R03/repair-current/G07-E01/verify-stage-r03/A15/cases/reconnect-resume-no-model-restart.json
5d89ed42d309bfcfd13956b901f209eb432200e88c2ae1eea74d6eaffe625b2a  ??  artifacts/rust-tauri/R03/repair-current/G07-E01/verify-stage-r03/A15/cases/steer-busy-accepted.json
360ccd0c00f5114974f5f2967860d1c339a2e2baa808a2f5dca49f334fe0d386  ??  artifacts/rust-tauri/R03/repair-current/G07-E01/verify-stage-r03/A15/cases/steer-idle-miss.json
d00e58227225a313e612b18019d7f95a07382b0426ab7fbeb39bc4b05b740cc5  ??  artifacts/rust-tauri/R03/repair-current/G07-E01/verify-stage-r03/A15/cases/steer-text-drained-into-model-input.json
1d91fbec57470aebfedf338d49c5109fdd0216e02d720737ed53335eb06ae4c8  ??  artifacts/rust-tauri/R03/repair-current/G07-E01/verify-stage-r03/A15/cases/subagent-child-cancel-stops-child-only.json
25c6b5b26b72b0a4408db94f4f0e40b77faa84d32ccfeaffaf04e29fb20c07c9  ??  artifacts/rust-tauri/R03/repair-current/G07-E01/verify-stage-r03/A15/cases/subagent-close-thread-closed-status.json
c8d7de61de38e7dfa38ea3376602da5c50882e6d6238c3a1ff61b6ac7df04418  ??  artifacts/rust-tauri/R03/repair-current/G07-E01/verify-stage-r03/A15/cases/subagent-dispatch-child-lineage-recorded.json
dce5bbb9b54961ee64c8634f90f4f2600975918f6a2590b57b7b28dd425016bd  ??  artifacts/rust-tauri/R03/repair-current/G07-E01/verify-stage-r03/A15/cases/subagent-escalation-write-denied-zero-children.json
dcd19d358a8a5e560042eee304f1f5460d1c79ba1a64d611fb1007b830562010  ??  artifacts/rust-tauri/R03/repair-current/G07-E01/verify-stage-r03/A15/cases/subagent-policy-proactive-delegation-default-off.json
ffef3903ae224f661b415622ed9c76da5e265c01a9c15b867f429c1f6d10ef15  ??  artifacts/rust-tauri/R03/repair-current/G07-E01/verify-stage-r03/A15/cases/subagent-reply-continues-thread.json
d097c60f1416e1febc17bd0959b1c9252ca9be86b6a1e982d42d9240a38b107e  ??  artifacts/rust-tauri/R03/repair-current/G07-E01/verify-stage-r03/A15/combo-counts.json
4c56fd82542a56017ef5e59d3b0c9752ede52032f31f31c24c2de458153ad296  ??  artifacts/rust-tauri/R03/repair-current/G07-E01/verify-stage-r03/A15/combos/cancel-approval-wait.json
f861ce9b1dbe64f781134bae916b9c8f2503f4ad8572e98bfc18d180a4e35e33  ??  artifacts/rust-tauri/R03/repair-current/G07-E01/verify-stage-r03/A15/combos/cancel-stream-read.json
76b74d822e65d068718af971eb29865cc4891a50d128a35b0bc955cc3b6b65a2  ??  artifacts/rust-tauri/R03/repair-current/G07-E01/verify-stage-r03/A15/combos/crash-recovery.json
ef5545b54a472c39f9b09d995f9ba2e3671618a56d4de3eb7fe4fad24d81f22b  ??  artifacts/rust-tauri/R03/repair-current/G07-E01/verify-stage-r03/A15/combos/cross-session-parallel.json
7f7fd9a6f050ba6811d5b1d7313d11473f92089a4ec0fd2335779e99b59cdaa1  ??  artifacts/rust-tauri/R03/repair-current/G07-E01/verify-stage-r03/A15/combos/duplicate-submission.json
fc9b468ae0f2bd2cfff1a3ead3ba02756e59e73dc0c0a0ebb5142456d1ae38a8  ??  artifacts/rust-tauri/R03/repair-current/G07-E01/verify-stage-r03/A15/combos/leaf-parent-cancel.json
a59635405b3569b1c0c950cb282ecf3749923b36c6b1b5e4d3d21fc3f4458102  ??  artifacts/rust-tauri/R03/repair-current/G07-E01/verify-stage-r03/A15/combos/leaf-steer.json
fd60e4ca043c4073ddf838b3f0fe918436ede45ff7765efc8f1cad42821186f4  ??  artifacts/rust-tauri/R03/repair-current/G07-E01/verify-stage-r03/A15/combos/multi-tool.json
075cad25ce0207f3b49138b8d415d0db78da1005207b2f64d282b478bffa44ae  ??  artifacts/rust-tauri/R03/repair-current/G07-E01/verify-stage-r03/A15/combos/multi-turn-model.json
f94832aef81d68346dd1b25b1ad7312d6bc141a69a616a218b640aa170fbebcb  ??  artifacts/rust-tauri/R03/repair-current/G07-E01/verify-stage-r03/A15/combos/normal.json
44f5b48c4f288ee214f7053e16857997f1fb66a6be241466141301a16c6872e7  ??  artifacts/rust-tauri/R03/repair-current/G07-E01/verify-stage-r03/A15/combos/timeout-budget.json
505ecfbac3942739846be3a188cabea9d26c9641628253767c5457bdff2ab44f  ??  artifacts/rust-tauri/R03/repair-current/G07-E01/verify-stage-r03/A15/leaf-cases.json
bdaad3ebf5ff0689f1652a4b7c24716f5b0138db8876d8941ceb6bbe390650fa  ??  artifacts/rust-tauri/R03/repair-current/G07-E01/verify-stage-r03/A15/summary.txt
a1d153bd134388d8b95b8c51ef521397a93e9a11258abc35e380246e5cafafeb  ??  artifacts/rust-tauri/R03/repair-current/G07-E01/verify-stage-r03/R02/A05_A06/.last-body
1319bbe558a1a9043433da92529bc8c24d2b6fbcabc962836a938e946e273399  ??  artifacts/rust-tauri/R03/repair-current/G07-E01/verify-stage-r03/R02/A05_A06/body-limit.txt
c0c19dff508a998f0c6e1fbf2643c2d78647cd6495bc53c57d2566877a3abc0b  ??  artifacts/rust-tauri/R03/repair-current/G07-E01/verify-stage-r03/R02/A05_A06/cli-sessions-limit-case.json
caac9dc66dc5e6611a036853499af0739784ee851d6886f512834acc6abf0542  ??  artifacts/rust-tauri/R03/repair-current/G07-E01/verify-stage-r03/R02/A05_A06/creds-after-authz.json
bec27ec87d260e5a59858fbd29c1339be3da80f0824de549c76f2c5af0a84cce  ??  artifacts/rust-tauri/R03/repair-current/G07-E01/verify-stage-r03/R02/A05_A06/creds-before-authz.json
2eaef16c50e24eb952906ebde6be9334cb391142b205bc2b828304e6f6f1fd3c  ??  artifacts/rust-tauri/R03/repair-current/G07-E01/verify-stage-r03/R02/A05_A06/devices-after-authz.json
61f4e1fa67a81274987e30a740b04009e9fac39d090910fedd54d01975fe9625  ??  artifacts/rust-tauri/R03/repair-current/G07-E01/verify-stage-r03/R02/A05_A06/devices-before-authz.json
f973a7a55989f4c77b159a37383a34fe0bb7526eb660e8a01ae2c3685305ca2f  ??  artifacts/rust-tauri/R03/repair-current/G07-E01/verify-stage-r03/R02/A05_A06/leaf-cases.json
1d2a14f6b6e5ff08d91f6f7cfca54e0725cc0b60c6318b706fe12471a36f3605  ??  artifacts/rust-tauri/R03/repair-current/G07-E01/verify-stage-r03/R02/A05_A06/leaf-cases.ndjson
9c90920b08ac582795bca5854a21e3785c228f7144cefb9d9e111dfbed71a60d  ??  artifacts/rust-tauri/R03/repair-current/G07-E01/verify-stage-r03/R02/A05_A06/me-denied-after.sha256
9c90920b08ac582795bca5854a21e3785c228f7144cefb9d9e111dfbed71a60d  ??  artifacts/rust-tauri/R03/repair-current/G07-E01/verify-stage-r03/R02/A05_A06/me-denied-before.sha256
9901fa4939e8c0683cc392787126273c429530490fdebe18e68d1ad0c6fc2459  ??  artifacts/rust-tauri/R03/repair-current/G07-E01/verify-stage-r03/R02/A05_A06/sessions-list-matrix.json
021c3dd71f63d8968930e87297a43fc520ba0a493e501852e3221af0fffac1d4  ??  artifacts/rust-tauri/R03/repair-current/G07-E01/verify-stage-r03/R02/A05_A06/state-after-authn.txt
73bbb958af58c7cdd5d1e5bf6aaebfb0f9bb230c60f75fc0f13c411ca6335186  ??  artifacts/rust-tauri/R03/repair-current/G07-E01/verify-stage-r03/R02/A05_A06/state-after.txt
021c3dd71f63d8968930e87297a43fc520ba0a493e501852e3221af0fffac1d4  ??  artifacts/rust-tauri/R03/repair-current/G07-E01/verify-stage-r03/R02/A05_A06/state-before-authz.txt
021c3dd71f63d8968930e87297a43fc520ba0a493e501852e3221af0fffac1d4  ??  artifacts/rust-tauri/R03/repair-current/G07-E01/verify-stage-r03/R02/A05_A06/state-before.txt
f0335bc57b949e7c6493e8a8ad6b12ebfec90c153c0da5a05db3a59573a5c976  ??  artifacts/rust-tauri/R03/repair-current/G07-E01/verify-stage-r03/R02/A05_A06/summary.txt
086e508ee12775836ffdd3f330e6ff80ee89d2b347020d2059b9983a99f7c39f  ??  artifacts/rust-tauri/R03/repair-current/G07-E01/verify-stage-r03/R02/A05_A06/ws-matrix.json
f98ffdd693ae704885803613d71343fbd7e49379f709859136ee001a998e66d6  ??  artifacts/rust-tauri/R03/repair-current/G07-E01/verify-stage-r03/R02/A07_A08/last-db-hashes.txt
e613a984930f45c73fa5aa79af6955b0ac56faa30868e1da85d84a96a180eee3  ??  artifacts/rust-tauri/R03/repair-current/G07-E01/verify-stage-r03/R02/A07_A08/s1-counts-after-stop.json
6e11d3157e36f2f24de72943cc5df97aec8475c1e95a29c6fed9cc451e41da10  ??  artifacts/rust-tauri/R03/repair-current/G07-E01/verify-stage-r03/R02/A07_A08/s2-counts-after-crash.json
44dfcd600781c6cb6c27ccf7c421836dd14773477a77a384cb5a3373192ce5bb  ??  artifacts/rust-tauri/R03/repair-current/G07-E01/verify-stage-r03/R02/A07_A08/s2-runs-dump.jsonl
7965d7fd261e7f369d2f2b1bfe266803083e670cba60155a01e9ef13bbf0fc69  ??  artifacts/rust-tauri/R03/repair-current/G07-E01/verify-stage-r03/R02/A07_A08/s3-fault.err
e3b0c44298fc1c149afbf4c8996fb92427ae41e4649b934ca495991b7852b855  ??  artifacts/rust-tauri/R03/repair-current/G07-E01/verify-stage-r03/R02/A07_A08/s3-fault.out
41e82a6306961effdc89a551804417b5efac9b550e8071f1ec2ca848e956f015  ??  artifacts/rust-tauri/R03/repair-current/G07-E01/verify-stage-r03/R02/A07_A08/s4-hashes-after.txt
41e82a6306961effdc89a551804417b5efac9b550e8071f1ec2ca848e956f015  ??  artifacts/rust-tauri/R03/repair-current/G07-E01/verify-stage-r03/R02/A07_A08/s4-hashes-before.txt
c2a54522741dcf3da7a772fd1f3b1b185bf50de3ecddbdb9b72dff4fd809c8ee  ??  artifacts/rust-tauri/R03/repair-current/G07-E01/verify-stage-r03/R02/A07_A08/s4-migrations-round1.json
c2a54522741dcf3da7a772fd1f3b1b185bf50de3ecddbdb9b72dff4fd809c8ee  ??  artifacts/rust-tauri/R03/repair-current/G07-E01/verify-stage-r03/R02/A07_A08/s4-migrations-round2.json
c2a54522741dcf3da7a772fd1f3b1b185bf50de3ecddbdb9b72dff4fd809c8ee  ??  artifacts/rust-tauri/R03/repair-current/G07-E01/verify-stage-r03/R02/A07_A08/s4-migrations-round3.json
0c7983c6323bbf825185ada55a098f2949ddd8236c7e9c9c6d37e640bf2e54f8  ??  artifacts/rust-tauri/R03/repair-current/G07-E01/verify-stage-r03/R02/A07_A08/service-s1.err
492adf21e34d5541a447785d4bdb169cd6782a090339410b5edbc89e85040366  ??  artifacts/rust-tauri/R03/repair-current/G07-E01/verify-stage-r03/R02/A07_A08/service-s1.out
b1a1aad93a5350a08395daba42be85708545b5ce8175b25f6e4e2f0364312e7d  ??  artifacts/rust-tauri/R03/repair-current/G07-E01/verify-stage-r03/R02/A07_A08/service-s1b.err
3285aa468cf37375bd45d14f4c5d820ece3d89ab7478b2bc460b3345a5c407b2  ??  artifacts/rust-tauri/R03/repair-current/G07-E01/verify-stage-r03/R02/A07_A08/service-s1b.out
8179c3f829600cd5234d76997192145ce75ea9fba208cf1e70fea8c951cb9183  ??  artifacts/rust-tauri/R03/repair-current/G07-E01/verify-stage-r03/R02/A07_A08/service-s2.err
b6dc38e52f99be972e77daf9aaecfd9f0efa63457555c341df307dd1e009866b  ??  artifacts/rust-tauri/R03/repair-current/G07-E01/verify-stage-r03/R02/A07_A08/service-s2.out
e6056e69d34844d318025822fad13ec13479b51ad697ddeb65ebe84b27e7913c  ??  artifacts/rust-tauri/R03/repair-current/G07-E01/verify-stage-r03/R02/A07_A08/service-s2b.err
766ce7e90041867e32b083a6107bbd7309bb9e314aff683d38731d467d6e195c  ??  artifacts/rust-tauri/R03/repair-current/G07-E01/verify-stage-r03/R02/A07_A08/service-s2b.out
31ffbb77f3af6f9a297ca812fac71b32fed255f75fa5c9cda9facb1ec9ebe66a  ??  artifacts/rust-tauri/R03/repair-current/G07-E01/verify-stage-r03/R02/A07_A08/service-s4-1.err
984a22e8cfb8d482c3c5fa7cf93c57f2100198442a0dd0d4b4b4b394caaef8c0  ??  artifacts/rust-tauri/R03/repair-current/G07-E01/verify-stage-r03/R02/A07_A08/service-s4-1.out
dce26662554e03956b2488e64a912c9c6f1abeb0b2d64ca336d5b0bca8fb30aa  ??  artifacts/rust-tauri/R03/repair-current/G07-E01/verify-stage-r03/R02/A07_A08/service-s4-2.err
37dccddc61e8dd2d707b1cddbac240c296c934b0d191d753c1de5a2d3022ff83  ??  artifacts/rust-tauri/R03/repair-current/G07-E01/verify-stage-r03/R02/A07_A08/service-s4-2.out
6621bc83476a9f0cefe34515894c1dc7099ad2765036aafe28e92ea31920b76b  ??  artifacts/rust-tauri/R03/repair-current/G07-E01/verify-stage-r03/R02/A07_A08/service-s4-3.err
2cedcce7026a22f0b3988bf1c3048b00ef809d882fcb8baecae0d5df71caadb1  ??  artifacts/rust-tauri/R03/repair-current/G07-E01/verify-stage-r03/R02/A07_A08/service-s4-3.out
21f73f26b0276cd256e41cefdb4300bc933638db5a3f8c576dffca40fe813163  ??  artifacts/rust-tauri/R03/repair-current/G07-E01/verify-stage-r03/R02/A07_A08/service.addr
7885cdb789dc030ebd3dc7ad0698cc2d3bfe0193846c5db1b85805b4ec8d9993  ??  artifacts/rust-tauri/R03/repair-current/G07-E01/verify-stage-r03/R02/A07_A08/service.pid
ef0c69072110e13bcf354619c10a98d842e8e82779465f9daa468de30a268a6b  ??  artifacts/rust-tauri/R03/repair-current/G07-E01/verify-stage-r03/R02/A07_A08/summary.txt
dd63f79ce1a39fdef735dbb9eb292c3f8a45db77c2513d3cc7379e5dbe13749e  ??  artifacts/rust-tauri/R03/repair-current/G07-E01/verify-stage-r03/R02/A11/backup-restore/s1-backup-dir-listing.txt
b9c026e8664bf3712972f9fb7750ff78e9b740216ef062c526f85f30b54b6ad8  ??  artifacts/rust-tauri/R03/repair-current/G07-E01/verify-stage-r03/R02/A11/backup-restore/s1-backup-outcome.json
e3b0c44298fc1c149afbf4c8996fb92427ae41e4649b934ca495991b7852b855  ??  artifacts/rust-tauri/R03/repair-current/G07-E01/verify-stage-r03/R02/A11/backup-restore/s1-backup.err
179585b416eafe7cc5cedff3b6e6d059e6e4528a6a91d7a44011452b054441a1  ??  artifacts/rust-tauri/R03/repair-current/G07-E01/verify-stage-r03/R02/A11/backup-restore/s1-restore-outcome.json
e3b0c44298fc1c149afbf4c8996fb92427ae41e4649b934ca495991b7852b855  ??  artifacts/rust-tauri/R03/repair-current/G07-E01/verify-stage-r03/R02/A11/backup-restore/s1-restore.err
b31e54cdb52c773e025c12b5935cc2d0f938d20b46862e5981e7b75b372d669e  ??  artifacts/rust-tauri/R03/repair-current/G07-E01/verify-stage-r03/R02/A11/backup-restore/s1-restored-dump.jsonl
b795c5dceaed9503d9764358c0c5bddd2ee5f319b067f28fe866db6b5ba4ec81  ??  artifacts/rust-tauri/R03/repair-current/G07-E01/verify-stage-r03/R02/A11/backup-restore/s1-restored-hash.txt
b31e54cdb52c773e025c12b5935cc2d0f938d20b46862e5981e7b75b372d669e  ??  artifacts/rust-tauri/R03/repair-current/G07-E01/verify-stage-r03/R02/A11/backup-restore/s1-source-dump.jsonl
a24e55d20b2ab156807e79a9d885205c02859953411824c60608b81e4e2ad169  ??  artifacts/rust-tauri/R03/repair-current/G07-E01/verify-stage-r03/R02/A11/backup-restore/s1-source-hash.txt
951e1f2cedf4a978898a4f9e620777561b8381ece9faf4223f8594a201f47f74  ??  artifacts/rust-tauri/R03/repair-current/G07-E01/verify-stage-r03/R02/A11/backup-restore/s1-wal-size.txt
e3b0c44298fc1c149afbf4c8996fb92427ae41e4649b934ca495991b7852b855  ??  artifacts/rust-tauri/R03/repair-current/G07-E01/verify-stage-r03/R02/A11/backup-restore/s3-backup-out.json
264c0bd8398e19af071a9b9b452c521c93ebd841d2644dcf0f75056959cef96c  ??  artifacts/rust-tauri/R03/repair-current/G07-E01/verify-stage-r03/R02/A11/backup-restore/s3-backup.err
9b33c4d50a9f7a0434980244454a85ce4288c7323241cf9ff22c50e6b8f8dd85  ??  artifacts/rust-tauri/R03/repair-current/G07-E01/verify-stage-r03/R02/A11/backup-restore/s4-ws-probe.json
a4c3ed04a95a3da14a9d235c83d868bed7c0f45cf7f3faa751ee8f50598d2211  ??  artifacts/rust-tauri/R03/repair-current/G07-E01/verify-stage-r03/R02/A11/backup-restore/s4-ws-probe.json.probe-done
3fd1b75a5dccb0111c400c52c854c6e396cd413d8148d5b3d4a7505bd8757de5  ??  artifacts/rust-tauri/R03/repair-current/G07-E01/verify-stage-r03/R02/A11/backup-restore/service-s1.addr
2342387c60750836f6302535df2c948fbdaf4af94dc202a8860db5d4e64df93a  ??  artifacts/rust-tauri/R03/repair-current/G07-E01/verify-stage-r03/R02/A11/backup-restore/service-s1.err
45bd5cd474226b5275fe162d9cdb6b24432fff2eb1fc8a1bcdd054c5cf6e3001  ??  artifacts/rust-tauri/R03/repair-current/G07-E01/verify-stage-r03/R02/A11/backup-restore/service-s1.out
e6aa890b5a236d0433655097d62c00ffea3b6dc1ed7ccf2c026498abb7a57ae5  ??  artifacts/rust-tauri/R03/repair-current/G07-E01/verify-stage-r03/R02/A11/backup-restore/service-s2.addr
8bb7a279a52aff037107608d51219441de19ea5c03b4dbbad4b72adafe1f22b4  ??  artifacts/rust-tauri/R03/repair-current/G07-E01/verify-stage-r03/R02/A11/backup-restore/service-s2.err
20eba29091591ddb70c236b4170b88c897734d03062f1bd62803db1ffa0bafe6  ??  artifacts/rust-tauri/R03/repair-current/G07-E01/verify-stage-r03/R02/A11/backup-restore/service-s2.out
0a781762e055b3f6031e35334e0dc5c744d089d113759b1fefe3250ac6dc709f  ??  artifacts/rust-tauri/R03/repair-current/G07-E01/verify-stage-r03/R02/A11/backup-restore/service-s4.addr
f8cd8b3b2a8a1a69061af262ef9e298f895bd845d75ec34da4216bed8599559d  ??  artifacts/rust-tauri/R03/repair-current/G07-E01/verify-stage-r03/R02/A11/backup-restore/service-s4.err
59be9d0a3878908ab3dd0e3f2e51c88946b6714945bc58fa2883ce5e263e976b  ??  artifacts/rust-tauri/R03/repair-current/G07-E01/verify-stage-r03/R02/A11/backup-restore/service-s4.out
1246b6c317f559405fca812c24b80518ee8aa71423f2313e532266980fb8e823  ??  artifacts/rust-tauri/R03/repair-current/G07-E01/verify-stage-r03/R02/A11/backup-restore/service.pid
668ed90314dae2acbb6362721a735ad323dcedd827e5ccc35d22848e6361a2f5  ??  artifacts/rust-tauri/R03/repair-current/G07-E01/verify-stage-r03/R02/A11/backup-restore/summary.txt
fd5311dd44cadb436df6b81c74f0bdf6ae999e7a85d56cd8d50080e9e5a44e35  ??  artifacts/rust-tauri/R03/repair-current/G07-E01/verify-stage-r03/R02/A12/recovery-drill/coexist-after.txt
fd5311dd44cadb436df6b81c74f0bdf6ae999e7a85d56cd8d50080e9e5a44e35  ??  artifacts/rust-tauri/R03/repair-current/G07-E01/verify-stage-r03/R02/A12/recovery-drill/coexist-before.txt
e211a07b6c3c495b8bc37090c079adbf329a209d2fd9ddbfb4f602ea3918a0ff  ??  artifacts/rust-tauri/R03/repair-current/G07-E01/verify-stage-r03/R02/A12/recovery-drill/own-created-homes.txt
79be6d64aa93bf457e5b337dfa16a187af549e49a08c7760b4ddb0f61bedf8ac  ??  artifacts/rust-tauri/R03/repair-current/G07-E01/verify-stage-r03/R02/A12/recovery-drill/summary.txt
7b2f675d535131e9ee3b95eb996b520af42000b1efea572dc62eff72fd758a84  ??  artifacts/rust-tauri/R03/repair-current/G07-E01/verify-stage-r03/R02/A12/recovery-drill/v1-hashes-after.txt
7b2f675d535131e9ee3b95eb996b520af42000b1efea572dc62eff72fd758a84  ??  artifacts/rust-tauri/R03/repair-current/G07-E01/verify-stage-r03/R02/A12/recovery-drill/v1-hashes-before.txt
f5dc98759bc92f326640745d11ab8014901902e0bb14f2130f5d7d7a14827441  ??  artifacts/rust-tauri/R03/repair-current/G07-E01/verify-stage-r03/R02/A12/recovery-drill/v1.err
e3b0c44298fc1c149afbf4c8996fb92427ae41e4649b934ca495991b7852b855  ??  artifacts/rust-tauri/R03/repair-current/G07-E01/verify-stage-r03/R02/A12/recovery-drill/v1.out
fcb269f1fc43e20619871bab0f6e464d30773313e55b17f725fc62249ab521be  ??  artifacts/rust-tauri/R03/repair-current/G07-E01/verify-stage-r03/R02/A12/recovery-drill/v2-hashes-after.txt
fcb269f1fc43e20619871bab0f6e464d30773313e55b17f725fc62249ab521be  ??  artifacts/rust-tauri/R03/repair-current/G07-E01/verify-stage-r03/R02/A12/recovery-drill/v2-hashes-before.txt
dcebe3f851a04e994746453d2707c6a3e2e5d413d24b0e91971828d45136330e  ??  artifacts/rust-tauri/R03/repair-current/G07-E01/verify-stage-r03/R02/A12/recovery-drill/v2.err
e3b0c44298fc1c149afbf4c8996fb92427ae41e4649b934ca495991b7852b855  ??  artifacts/rust-tauri/R03/repair-current/G07-E01/verify-stage-r03/R02/A12/recovery-drill/v2.out
a33ffd69acb495d9a221778bb2317e4cef00e4d752d794b9c1267890666ec43d  ??  artifacts/rust-tauri/R03/repair-current/G07-E01/verify-stage-r03/R02/A12/recovery-drill/v3-hashes-after.txt
a33ffd69acb495d9a221778bb2317e4cef00e4d752d794b9c1267890666ec43d  ??  artifacts/rust-tauri/R03/repair-current/G07-E01/verify-stage-r03/R02/A12/recovery-drill/v3-hashes-before.txt
270490145f632183b01da91133f60d14f2937c5df221c64d1b5bb40662a190f6  ??  artifacts/rust-tauri/R03/repair-current/G07-E01/verify-stage-r03/R02/A12/recovery-drill/v3.err
e3b0c44298fc1c149afbf4c8996fb92427ae41e4649b934ca495991b7852b855  ??  artifacts/rust-tauri/R03/repair-current/G07-E01/verify-stage-r03/R02/A12/recovery-drill/v3.out
fa3691f60498a2ff58c0aedc8073d5611711eec76093c193f6ca9546b8f184b7  ??  artifacts/rust-tauri/R03/repair-current/G07-E01/verify-stage-r03/R02/A12/recovery-drill/v4.err
5bc4a1992731dccc821c48e6ce840ac0a7c62031b6d1accd93318a654fad93d3  ??  artifacts/rust-tauri/R03/repair-current/G07-E01/verify-stage-r03/R02/A12/recovery-drill/v4.out
8666161f267c7d8857f9e8af1045e48948269d6e30f1b242b1e37cd77f95017d  ??  artifacts/rust-tauri/R03/repair-current/G07-E01/verify-stage-r03/R02/A12/recovery-drill/v5-hashes-after.txt
8666161f267c7d8857f9e8af1045e48948269d6e30f1b242b1e37cd77f95017d  ??  artifacts/rust-tauri/R03/repair-current/G07-E01/verify-stage-r03/R02/A12/recovery-drill/v5-hashes-before.txt
98225eb124018e41e1b280868db2f077d0de6b059d772e0b4108612696cb3faf  ??  artifacts/rust-tauri/R03/repair-current/G07-E01/verify-stage-r03/R02/A12/recovery-drill/v5.err
e3b0c44298fc1c149afbf4c8996fb92427ae41e4649b934ca495991b7852b855  ??  artifacts/rust-tauri/R03/repair-current/G07-E01/verify-stage-r03/R02/A12/recovery-drill/v5.out
9015111a8c12716b39f43a6cfaff7852f938d7d5e09f1d4d07281e17ced5352d  ??  artifacts/rust-tauri/R03/repair-current/G07-E01/verify-stage-r03/R02/A12/recovery-drill/v6-recovered-dump.jsonl
27badc983df1780b60c2b3fa9d3a19a00e46aac798451f0febdca52920faaddf  ??  artifacts/rust-tauri/R03/repair-current/G07-E01/verify-stage-r03/R02/A12/recovery-drill/v6-seed-execute.txt
f9fd1e82f34b936b0e25ccf62493109e62314604673917a0077b5a3b0c9472bf  ??  artifacts/rust-tauri/R03/repair-current/G07-E01/verify-stage-r03/R02/A12/recovery-drill/v6-seed.err
e46d4ba5957982579ce6648a3d737af686fd61607a0a008b1f309d11c625dbc2  ??  artifacts/rust-tauri/R03/repair-current/G07-E01/verify-stage-r03/R02/A12/recovery-drill/v6-seed.out
bf779ab3c80c5263b5c4af4f01d1656ce0847541f6c82a06d00fa21027879503  ??  artifacts/rust-tauri/R03/repair-current/G07-E01/verify-stage-r03/R02/A12/recovery-drill/v6.err
5a5bdace57db1d0962939b55b26e40e47ca1e2a34727815f6076bb1caf7a423c  ??  artifacts/rust-tauri/R03/repair-current/G07-E01/verify-stage-r03/R02/A12/recovery-drill/v6.out
9e8b9e0b0fb99d8af30503c7efa240c0069d8f59bacd333a237fb998dd1ff4e3  ??  artifacts/rust-tauri/R03/repair-current/G07-E01/verify-stage-r03/R02/A12/recovery-drill/v7-hashes-after.txt
9e8b9e0b0fb99d8af30503c7efa240c0069d8f59bacd333a237fb998dd1ff4e3  ??  artifacts/rust-tauri/R03/repair-current/G07-E01/verify-stage-r03/R02/A12/recovery-drill/v7-hashes-before.txt
4c8481782ffef1ff1598d55c50dd3eb77ad73319529b08f2036b1f08c190d245  ??  artifacts/rust-tauri/R03/repair-current/G07-E01/verify-stage-r03/R02/A12/recovery-drill/v7-seed.err
7fac0f609801cba7001d530ff16d29c74dfed14bada80266d488313ac01b3f73  ??  artifacts/rust-tauri/R03/repair-current/G07-E01/verify-stage-r03/R02/A12/recovery-drill/v7-seed.out
77363be4d993a3ef7eb9276465f1d7dfa18586cc51479d572a541071c818975f  ??  artifacts/rust-tauri/R03/repair-current/G07-E01/verify-stage-r03/R02/A12/recovery-drill/v7.err
e3b0c44298fc1c149afbf4c8996fb92427ae41e4649b934ca495991b7852b855  ??  artifacts/rust-tauri/R03/repair-current/G07-E01/verify-stage-r03/R02/A12/recovery-drill/v7.out
e624cd8967e54661b8623e4d26772ae8d4f5a3a61fd1993a6d44c4011a3e0eab  ??  artifacts/rust-tauri/R03/repair-current/G07-E01/verify-stage-r03/R02/A12/recovery-drill/v8-observed.err
1a259151b96cb0e2dfefb67c5f3c166c827eedb77a252da4fbfa3c715d881e05  ??  artifacts/rust-tauri/R03/repair-current/G07-E01/verify-stage-r03/R02/A12/recovery-drill/v8-seed.err
a1353555231b659caf16a2fe963d1929bac9fb818e41512001426b4950eda137  ??  artifacts/rust-tauri/R03/repair-current/G07-E01/verify-stage-r03/R02/A12/recovery-drill/v8-seed.out
e624cd8967e54661b8623e4d26772ae8d4f5a3a61fd1993a6d44c4011a3e0eab  ??  artifacts/rust-tauri/R03/repair-current/G07-E01/verify-stage-r03/R02/A12/recovery-drill/v8.err
3138ef0b25db397d3c3e997b14f4994dcfdadc60abe61dbb1b1f63c42de463ea  ??  artifacts/rust-tauri/R03/repair-current/G07-E01/verify-stage-r03/R02/A12/recovery-drill/v8.out
13bd9c7b96dce02d842791759ac361d5d291f5fc2f182fc550bb53b6dc80cac5  ??  artifacts/rust-tauri/R03/repair-current/G07-E01/verify-stage-r03/R02/A15/full-chain/pre-restart-head.json
e3b0c44298fc1c149afbf4c8996fb92427ae41e4649b934ca495991b7852b855  ??  artifacts/rust-tauri/R03/repair-current/G07-E01/verify-stage-r03/R02/A15/full-chain/probe1.err
78abb980913d51d0244d62f8f3697aa284c1194574eeac1dc8e9d9ca02498106  ??  artifacts/rust-tauri/R03/repair-current/G07-E01/verify-stage-r03/R02/A15/full-chain/probe1.pass-lines
e3b0c44298fc1c149afbf4c8996fb92427ae41e4649b934ca495991b7852b855  ??  artifacts/rust-tauri/R03/repair-current/G07-E01/verify-stage-r03/R02/A15/full-chain/probe2.err
28a411dc95be7e6596d2954fdbecf8eb034d9f8dc1248ab1d111c07c1c218b89  ??  artifacts/rust-tauri/R03/repair-current/G07-E01/verify-stage-r03/R02/A15/full-chain/probe2.pass-lines
40200b7bddda2da1f6e6ad8e63ba31f55521e1872633fed9f11fc000a509411e  ??  artifacts/rust-tauri/R03/repair-current/G07-E01/verify-stage-r03/R02/A15/full-chain/service1.err
e3296bf103cb5f49464885750712806ba0c439f13c15bd6a8905762731bd1124  ??  artifacts/rust-tauri/R03/repair-current/G07-E01/verify-stage-r03/R02/A15/full-chain/service1.out
685c13d01ccfa6f86b62f28c14f238208a08efdf1149456d1239c8199982daa2  ??  artifacts/rust-tauri/R03/repair-current/G07-E01/verify-stage-r03/R02/A15/full-chain/service2.err
ddcd1c2a8c2cd509c1798e4609d5c4453448bed67f98310cf83fda5683f35436  ??  artifacts/rust-tauri/R03/repair-current/G07-E01/verify-stage-r03/R02/A15/full-chain/service2.out
225d94db18be7b2cbf47367a3b0e662c78bb1c2ec58eed415bc3a5e973fc841a  ??  artifacts/rust-tauri/R03/repair-current/G07-E01/verify-stage-r03/R02/A15/full-chain/summary.txt
a697f2f268deecc80d870a2e930d65bf5461e46b7038d957c0f1a0577aa6c641  ??  docs/rust-tauri/R03/dispatches/R03-REPAIR-G07-E01_DISPATCH.md
d35d0c80232a0c9450774667a8262691b06bc457902d41eeb273a7fd91711ec6   M  docs/rust-tauri/R03/repair-current/R03_FIX_COMMIT_RECEIPTS.json
4d99363a3aafa2344d050958ffa463caee7b8589c7b3dfcfb9f2292b16d815a0   M  docs/rust-tauri/R03/repair-current/R03_FIX_ISSUES.json
f31a13b089f4ee2be95a72d50811811d05dd2d087f9166de59e0d217dc147a98   M  rust/crates/xtask/src/stage_map.rs
69270b8836de69a367ff587ec894de564167acd152e99a418ed59451ecd365a5   M  rust/crates/xtask/src/stage_maps/R03.json
e5f7f01bf4c13a4db96811b5a1325d59c5bc69b6ac10ca1fbe0bfb035a518b0c   M  rust/crates/xtask/src/verify/runner_tests.rs
e3f9c41ab8d4c1e2fc66b1e8aa22df997ee3bb56ca316b3266b97783b56bc34c  ??  scripts/rust-tauri/r03_g07_gate_negative_tests.sh
135d9ee3ed1e172b2c056ee78625b1a3c8f67176d438448b83f2676d4ee55394  ??  scripts/rust-tauri/r03_g07_repair_suites.sh
bbeba7fd39609f6dcc82f6c5d5fe827c2af00b50f2bf7401419b737b498b6937   M  scripts/rust-tauri/r03_t08_generate_stage_map.py
