# binding-exclusion: artifacts/rust-tauri/R02/final-candidate-a29e5adbb404ad70/A16/legacy-entry/** — this gate's own run-time evidence output subtree (runner output, never candidate source); applied symmetrically to BOTH the main-repo binding and the candidate-copy binding (E0 mirror compare)
e3b0c44298fc1c149afbf4c8996fb92427ae41e4649b934ca495991b7852b855  ??  artifacts/rust-tauri/R02/final-candidate-a0af83666f89cc4b/A01/a01-cargo-metadata.err
12c9c2b8973eeb83efd46cc0f9684b425860e5bfd628f1462996a3e791f81352  ??  artifacts/rust-tauri/R02/final-candidate-a0af83666f89cc4b/A01/a01-cargo-metadata.json
e3b0c44298fc1c149afbf4c8996fb92427ae41e4649b934ca495991b7852b855  ??  artifacts/rust-tauri/R02/final-candidate-a0af83666f89cc4b/A01/a01-child-snapshot.tsv
f7fcacea611f836fcfee896f96b921cb6f11f87ef330adf7f40d820cb361ac1c  ??  artifacts/rust-tauri/R02/final-candidate-a0af83666f89cc4b/A01/a01-health-body.json
fa6a16fab8b51019387cd0d54153edf11cf35d2b529a6489639b36751c4a34f4  ??  artifacts/rust-tauri/R02/final-candidate-a0af83666f89cc4b/A01/a01-invalid-bind-homes-after.txt
fa6a16fab8b51019387cd0d54153edf11cf35d2b529a6489639b36751c4a34f4  ??  artifacts/rust-tauri/R02/final-candidate-a0af83666f89cc4b/A01/a01-invalid-bind-homes-before.txt
6c88f1bf243b09c3f5c0207654b095224ce3608f74e78b992b2a648ff6ad119b  ??  artifacts/rust-tauri/R02/final-candidate-a0af83666f89cc4b/A01/a01-leaf-cases.json
1dcc7485742bf3a04ce2c928acad0a80662d1ae8ed92de777f928a06b8830e49  ??  artifacts/rust-tauri/R02/final-candidate-a0af83666f89cc4b/A01/a01-newer-config-data-fallback-after.txt
1dcc7485742bf3a04ce2c928acad0a80662d1ae8ed92de777f928a06b8830e49  ??  artifacts/rust-tauri/R02/final-candidate-a0af83666f89cc4b/A01/a01-newer-config-data-fallback-before.txt
c9942acaf4f53d9e431f0247aab1a5af241c2020a986ebeb1578bd6346375e37  ??  artifacts/rust-tauri/R02/final-candidate-a0af83666f89cc4b/A01/a01-newer-config-data-homes-after.txt
2e3b53987aec84d0f932ccec8978e4f9dc74cab3b3b1bb561d957d7ed1b30774  ??  artifacts/rust-tauri/R02/final-candidate-a0af83666f89cc4b/A01/a01-newer-config-data-homes-before.txt
eae59bb9597e1ac221611af6fb8fe31c3d37fc1af06f376d0ee122b959350edd  ??  artifacts/rust-tauri/R02/final-candidate-a0af83666f89cc4b/A01/a01-newer-config-data-original-after.sha256
eae59bb9597e1ac221611af6fb8fe31c3d37fc1af06f376d0ee122b959350edd  ??  artifacts/rust-tauri/R02/final-candidate-a0af83666f89cc4b/A01/a01-newer-config-data-original-before.sha256
1dcc7485742bf3a04ce2c928acad0a80662d1ae8ed92de777f928a06b8830e49  ??  artifacts/rust-tauri/R02/final-candidate-a0af83666f89cc4b/A01/a01-newer-data-fallback-after.txt
1dcc7485742bf3a04ce2c928acad0a80662d1ae8ed92de777f928a06b8830e49  ??  artifacts/rust-tauri/R02/final-candidate-a0af83666f89cc4b/A01/a01-newer-data-fallback-before.txt
f5f007759f92a1cf0e9c347595419544da763f5bd5a1923f745512c404d01354  ??  artifacts/rust-tauri/R02/final-candidate-a0af83666f89cc4b/A01/a01-newer-data-homes-after.txt
205f009903d4c35f8773875afecd1640725559a9efee5a2475ed36ee34e9aac7  ??  artifacts/rust-tauri/R02/final-candidate-a0af83666f89cc4b/A01/a01-newer-data-homes-before.txt
fc6538cd4b060120591c11a822903ebac846612f70d72f95fe43fdcb81738f39  ??  artifacts/rust-tauri/R02/final-candidate-a0af83666f89cc4b/A01/a01-newer-data-original-after.sha256
fc6538cd4b060120591c11a822903ebac846612f70d72f95fe43fdcb81738f39  ??  artifacts/rust-tauri/R02/final-candidate-a0af83666f89cc4b/A01/a01-newer-data-original-before.sha256
1dcc7485742bf3a04ce2c928acad0a80662d1ae8ed92de777f928a06b8830e49  ??  artifacts/rust-tauri/R02/final-candidate-a0af83666f89cc4b/A01/a01-newer-env-data-fallback-after.txt
1dcc7485742bf3a04ce2c928acad0a80662d1ae8ed92de777f928a06b8830e49  ??  artifacts/rust-tauri/R02/final-candidate-a0af83666f89cc4b/A01/a01-newer-env-data-fallback-before.txt
850cc9d61fea24ec067f708e06ca3ac3555db725106b691f7a95a29d05cdbc06  ??  artifacts/rust-tauri/R02/final-candidate-a0af83666f89cc4b/A01/a01-newer-env-data-homes-after.txt
c0912ef46657a596ea0a9025d7e7ea8963ec3a01282dd990f843ef91a840e164  ??  artifacts/rust-tauri/R02/final-candidate-a0af83666f89cc4b/A01/a01-newer-env-data-homes-before.txt
40666b3bf6940e5d89e8018a29a612cfb6745327ab689289bdc3883c21c32aa5  ??  artifacts/rust-tauri/R02/final-candidate-a0af83666f89cc4b/A01/a01-newer-env-data-original-after.sha256
40666b3bf6940e5d89e8018a29a612cfb6745327ab689289bdc3883c21c32aa5  ??  artifacts/rust-tauri/R02/final-candidate-a0af83666f89cc4b/A01/a01-newer-env-data-original-before.sha256
3ce1005240a8ebfb25acd73c8ec01b4df742a35b81e2a622a6c65bf368865033  ??  artifacts/rust-tauri/R02/final-candidate-a0af83666f89cc4b/A01/leaf-cases.ndjson
c929ad3ed3d33064d86eb2b62f516d95ad4b2558b1e073c285b9f0ad4fd16937  ??  artifacts/rust-tauri/R02/final-candidate-a0af83666f89cc4b/A03/a03-forged-record.json
f7fcacea611f836fcfee896f96b921cb6f11f87ef330adf7f40d820cb361ac1c  ??  artifacts/rust-tauri/R02/final-candidate-a0af83666f89cc4b/A03/a03-inst1-health.json
37bc05e067bad7244b2a88461918c991e0d81b32f48c1fd5cc2421396bcafc84  ??  artifacts/rust-tauri/R02/final-candidate-a0af83666f89cc4b/A03/a03-inst2-marker.txt
fb8115935ab72e68f4cd8fa45707b649f3cc0bd42ef33f895fc1e9135cc6e6a8  ??  artifacts/rust-tauri/R02/final-candidate-a0af83666f89cc4b/A03/a03-summary.txt
d98f0d48e22502125963e8fb5ca102ddb9c2c42f03fecde3ac03a29cb258156f  ??  artifacts/rust-tauri/R02/final-candidate-a0af83666f89cc4b/A04/a04-summary.txt
ba116e1c31441dc72f048dfb966f20f5d0acd6c41b72969224756615466cbe7e  ??  artifacts/rust-tauri/R02/final-candidate-a0af83666f89cc4b/A05_A06/.last-body
6cfa9ffff5799dea4cd3fb5035a18181ea6cd624cfa3db97a90bfd61865b3537  ??  artifacts/rust-tauri/R02/final-candidate-a0af83666f89cc4b/A05_A06/creds-after-authz.json
59ab992ae8d5012e6899b6ec11202428895b8891d989cb2e470a7fba841c45ae  ??  artifacts/rust-tauri/R02/final-candidate-a0af83666f89cc4b/A05_A06/creds-before-authz.json
a57717bec227af1456f9f67cd9a593ad9ff4e237fc13c011390268ef4b638a7a  ??  artifacts/rust-tauri/R02/final-candidate-a0af83666f89cc4b/A05_A06/devices-after-authz.json
00d23a79c34202881dad5af7a36096d602135814b7fa2f579636750f24f821f4  ??  artifacts/rust-tauri/R02/final-candidate-a0af83666f89cc4b/A05_A06/devices-before-authz.json
8ef06cbaf0869afd750a02ad3b83df57124a9d9356e2fed888c6aae388e1bc17  ??  artifacts/rust-tauri/R02/final-candidate-a0af83666f89cc4b/A05_A06/leaf-cases.ndjson
02dde6bd98f8c34ff487e90325f60fd9da7b533dd01e1150c5f55ad224711046  ??  artifacts/rust-tauri/R02/final-candidate-a0af83666f89cc4b/A05_A06/me-denied-after.sha256
02dde6bd98f8c34ff487e90325f60fd9da7b533dd01e1150c5f55ad224711046  ??  artifacts/rust-tauri/R02/final-candidate-a0af83666f89cc4b/A05_A06/me-denied-before.sha256
8573498a94af0724b622c04d6abb87c27662e54ed139639dfca7cc6ebd1a156b  ??  artifacts/rust-tauri/R02/final-candidate-a0af83666f89cc4b/A05_A06/state-after-authn.txt
856d79ef3d17828025652fd3bd835ce457c0e8224a91246e6cc5d956c1662ed1  ??  artifacts/rust-tauri/R02/final-candidate-a0af83666f89cc4b/A05_A06/state-after.txt
8573498a94af0724b622c04d6abb87c27662e54ed139639dfca7cc6ebd1a156b  ??  artifacts/rust-tauri/R02/final-candidate-a0af83666f89cc4b/A05_A06/state-before-authz.txt
8573498a94af0724b622c04d6abb87c27662e54ed139639dfca7cc6ebd1a156b  ??  artifacts/rust-tauri/R02/final-candidate-a0af83666f89cc4b/A05_A06/state-before.txt
c2fbb9d49200234372fcf39ec9aa111b87cc29d58d0987cba8309263ad39f1b7  ??  artifacts/rust-tauri/R02/final-candidate-a0af83666f89cc4b/A05_A06/summary.txt
8ac64de85fe219e42fcde9c5e94446e294766c9589db9ddfddf4ead09a61d543  ??  artifacts/rust-tauri/R02/final-candidate-a0af83666f89cc4b/A07_A08/last-db-hashes.txt
8fd116efeee1a95eeaea099e0e2b9c1de08a1d617b08e097e31882f2e7e6a0f1  ??  artifacts/rust-tauri/R02/final-candidate-a0af83666f89cc4b/A07_A08/s1-counts-after-stop.json
d0d397f043d6103ba13694dfdfdc76b23dbba1930528a380354766ddb7922e11  ??  artifacts/rust-tauri/R02/final-candidate-a0af83666f89cc4b/A07_A08/s2-counts-after-crash.json
15877c47b71afc4b19bf2d0cfe492c8556ba46d67f6d26e947b29bb48b938b04  ??  artifacts/rust-tauri/R02/final-candidate-a0af83666f89cc4b/A07_A08/s2-runs-dump.jsonl
494d6d87832e6c04cd231a1c8a6bdebe24de0ec25df27b96374244d2719c0bc0  ??  artifacts/rust-tauri/R02/final-candidate-a0af83666f89cc4b/A07_A08/s3-fault.err
e3b0c44298fc1c149afbf4c8996fb92427ae41e4649b934ca495991b7852b855  ??  artifacts/rust-tauri/R02/final-candidate-a0af83666f89cc4b/A07_A08/s3-fault.out
69221358e9661eb8d54b2cee901506427857ec3d2b27072044da5ab5952dfe43  ??  artifacts/rust-tauri/R02/final-candidate-a0af83666f89cc4b/A07_A08/s4-hashes-after.txt
69221358e9661eb8d54b2cee901506427857ec3d2b27072044da5ab5952dfe43  ??  artifacts/rust-tauri/R02/final-candidate-a0af83666f89cc4b/A07_A08/s4-hashes-before.txt
a50d9197ec799ba948c11898ccd2b288fc73be7c60dd33bf75225fb3230ac515  ??  artifacts/rust-tauri/R02/final-candidate-a0af83666f89cc4b/A07_A08/s4-migrations-round1.json
a50d9197ec799ba948c11898ccd2b288fc73be7c60dd33bf75225fb3230ac515  ??  artifacts/rust-tauri/R02/final-candidate-a0af83666f89cc4b/A07_A08/s4-migrations-round2.json
a50d9197ec799ba948c11898ccd2b288fc73be7c60dd33bf75225fb3230ac515  ??  artifacts/rust-tauri/R02/final-candidate-a0af83666f89cc4b/A07_A08/s4-migrations-round3.json
71c60ab6a1a3c43133671594d3ad94a54350cc4a2e7821edc1afa7f6f2f782c2  ??  artifacts/rust-tauri/R02/final-candidate-a0af83666f89cc4b/A07_A08/service-s1.err
931ce1cd764e39869508fa1f858f119f50e215aa925c45e18ec25b19593efb0b  ??  artifacts/rust-tauri/R02/final-candidate-a0af83666f89cc4b/A07_A08/service-s1.out
49eba0ed637ef39beeeca711dc8f9a2177d68314672aaa54417c8df33104be0f  ??  artifacts/rust-tauri/R02/final-candidate-a0af83666f89cc4b/A07_A08/service-s1b.err
a94aa8579f62e0e74857d474fb107714d1b04ce6086a9fbe1b5b821e4f940447  ??  artifacts/rust-tauri/R02/final-candidate-a0af83666f89cc4b/A07_A08/service-s1b.out
ab78134fa22d12cf33ff15ab6def3471fd0ec88d7b5d8b4f89cb00f7d07a692d  ??  artifacts/rust-tauri/R02/final-candidate-a0af83666f89cc4b/A07_A08/service-s2.err
418e7d5b4036d9f3cde7235e0cab783a4b62111c2edbc98b65643243dc83346a  ??  artifacts/rust-tauri/R02/final-candidate-a0af83666f89cc4b/A07_A08/service-s2.out
b540dd67eb6d3f591a3ffdd14e7de373b3cf04ebf34874be5c4fb7dd2a14b55f  ??  artifacts/rust-tauri/R02/final-candidate-a0af83666f89cc4b/A07_A08/service-s2b.err
54b9dbb2a95c71469e1002eeb75dff32a2ed74e99fb3255dc389baebccbfedff  ??  artifacts/rust-tauri/R02/final-candidate-a0af83666f89cc4b/A07_A08/service-s2b.out
2c69380b3195d0c734464aef8f14762eea55190dd88f7c8d472cd5a9e8c4cb67  ??  artifacts/rust-tauri/R02/final-candidate-a0af83666f89cc4b/A07_A08/service-s4-1.err
dfe97e83005a75a912f1636cf77cc7b6aae9325842d77eb6452e6cf45d14a9be  ??  artifacts/rust-tauri/R02/final-candidate-a0af83666f89cc4b/A07_A08/service-s4-1.out
bee50ee35dedebca2018db8ebeff618639b93347d2e688c80c1d14853503d951  ??  artifacts/rust-tauri/R02/final-candidate-a0af83666f89cc4b/A07_A08/service-s4-2.err
b72408bfe68b5ca56cada8b218a008fa9acde2b074ce36f9e204e6883b45683a  ??  artifacts/rust-tauri/R02/final-candidate-a0af83666f89cc4b/A07_A08/service-s4-2.out
eb375da12154fbf8ec6a4372bf111bf7c801e537d1358fbea6ed070cd62e9e0a  ??  artifacts/rust-tauri/R02/final-candidate-a0af83666f89cc4b/A07_A08/service-s4-3.err
03095ee1149e9fc1e0746fa6d83b38f73ac319c0666276e99f717fbee5b94113  ??  artifacts/rust-tauri/R02/final-candidate-a0af83666f89cc4b/A07_A08/service-s4-3.out
9fc1ec66b14d8fc74d79df3c81c3b003accc9370e7f6930d54ad570bb8970296  ??  artifacts/rust-tauri/R02/final-candidate-a0af83666f89cc4b/A07_A08/service.addr
fe9c1b86e0b43bca79d48a7b1b50865da9627dded663e7222571da5e05122c1b  ??  artifacts/rust-tauri/R02/final-candidate-a0af83666f89cc4b/A07_A08/service.pid
428da1843bf32dded025934d212acff3fc0fb2e261476d0bf04eee6e2fc47758  ??  artifacts/rust-tauri/R02/final-candidate-a0af83666f89cc4b/A07_A08/summary.txt
11d3ae663531b7f98a30f3d04450696d3a7fcf47197a0ce46f89e6f46802bb2e  ??  artifacts/rust-tauri/R02/final-candidate-a0af83666f89cc4b/A07_LIVE_FAULT/case.json
f2e373dab444d4eac5276adcaf4e1180e7661425d298621a91e8fe0117243006  ??  artifacts/rust-tauri/R02/final-candidate-a0af83666f89cc4b/A07_LIVE_FAULT/checked.json
b1de70be05d309a7592c3ee3ae6e786f7274786360062f6a38e18c1e4379f86d  ??  artifacts/rust-tauri/R02/final-candidate-a0af83666f89cc4b/A09_A10/a09-merged-view.json
0705ad3384ae9af37ed969ed271e2de90268d24d8a162864932d347862729d0b  ??  artifacts/rust-tauri/R02/final-candidate-a0af83666f89cc4b/A09_A10/a10-rebuild-diff.json
737f0babb610a49e1bb7760b99c52daaec8328ad02b52778c09af4a0fdb3dc65  ??  artifacts/rust-tauri/R02/final-candidate-a0af83666f89cc4b/A09_A10/key-events-dump.json
b7ab818465c9da536c1a180efb06e6268bd2f720268811b1ec83307ada4c67ac  ??  artifacts/rust-tauri/R02/final-candidate-a0af83666f89cc4b/A09_A10/matrix.json
d33b8fd9ca2cfb46a2fb294bc93fabad5d8f36ec379f2dce0adf8951a0c0480c  ??  artifacts/rust-tauri/R02/final-candidate-a0af83666f89cc4b/A09_A10/probe-matrix.jsonl
0d6f8373ca2ab80aee12c81164993f47c70f904f207f22645854a75bd9aeed39  ??  artifacts/rust-tauri/R02/final-candidate-a0af83666f89cc4b/A09_A10/service.err
64cc7c57739fc0af32895f0f93bed7be5f511507ac75cc5d80faddfd453c75e1  ??  artifacts/rust-tauri/R02/final-candidate-a0af83666f89cc4b/A09_A10/service.out
75f93ff6a3251ccbe2485185691cd6658935b0bbf704dcdba8f71c707cc82193  ??  artifacts/rust-tauri/R02/final-candidate-a0af83666f89cc4b/A09_A10/summary.txt
dd63f79ce1a39fdef735dbb9eb292c3f8a45db77c2513d3cc7379e5dbe13749e  ??  artifacts/rust-tauri/R02/final-candidate-a0af83666f89cc4b/A11/backup-restore/s1-backup-dir-listing.txt
a130ffc69a54d4f4d873264fecc8b523280b1e1e6a7c13da4b6e4bf1403b7bd5  ??  artifacts/rust-tauri/R02/final-candidate-a0af83666f89cc4b/A11/backup-restore/s1-backup-outcome.json
e3b0c44298fc1c149afbf4c8996fb92427ae41e4649b934ca495991b7852b855  ??  artifacts/rust-tauri/R02/final-candidate-a0af83666f89cc4b/A11/backup-restore/s1-backup.err
2cde5782df4a76221214be5c29b0328e1888d163bb04baf2c1d3776aef34ff01  ??  artifacts/rust-tauri/R02/final-candidate-a0af83666f89cc4b/A11/backup-restore/s1-restore-outcome.json
e3b0c44298fc1c149afbf4c8996fb92427ae41e4649b934ca495991b7852b855  ??  artifacts/rust-tauri/R02/final-candidate-a0af83666f89cc4b/A11/backup-restore/s1-restore.err
a25b36809570cd8a0c0a9fca2da0f0e6ac4b19332f7ea4867215b597792cfb01  ??  artifacts/rust-tauri/R02/final-candidate-a0af83666f89cc4b/A11/backup-restore/s1-restored-dump.jsonl
ae479990543b63c32b900f4ac7058a20f9c6635cd7f9990159ee5b5c314c47e4  ??  artifacts/rust-tauri/R02/final-candidate-a0af83666f89cc4b/A11/backup-restore/s1-restored-hash.txt
a25b36809570cd8a0c0a9fca2da0f0e6ac4b19332f7ea4867215b597792cfb01  ??  artifacts/rust-tauri/R02/final-candidate-a0af83666f89cc4b/A11/backup-restore/s1-source-dump.jsonl
9cca090f73a6159c6ae1713904a38b53661a5086fade69cf18d0b4eeb3c78a4a  ??  artifacts/rust-tauri/R02/final-candidate-a0af83666f89cc4b/A11/backup-restore/s1-source-hash.txt
a33b983a109b0133f9756685a3232d7efe9434fb3dbe891aafe57d042af0df68  ??  artifacts/rust-tauri/R02/final-candidate-a0af83666f89cc4b/A11/backup-restore/s1-wal-size.txt
e3b0c44298fc1c149afbf4c8996fb92427ae41e4649b934ca495991b7852b855  ??  artifacts/rust-tauri/R02/final-candidate-a0af83666f89cc4b/A11/backup-restore/s3-backup-out.json
3f90baf2c6575f20d4583449a74d4745b7aeb653d0fee73f52ea0286d3ebf001  ??  artifacts/rust-tauri/R02/final-candidate-a0af83666f89cc4b/A11/backup-restore/s3-backup.err
9b33c4d50a9f7a0434980244454a85ce4288c7323241cf9ff22c50e6b8f8dd85  ??  artifacts/rust-tauri/R02/final-candidate-a0af83666f89cc4b/A11/backup-restore/s4-ws-probe.json
a4c3ed04a95a3da14a9d235c83d868bed7c0f45cf7f3faa751ee8f50598d2211  ??  artifacts/rust-tauri/R02/final-candidate-a0af83666f89cc4b/A11/backup-restore/s4-ws-probe.json.probe-done
a76d7aff7412e964acef34c90a6fd6b78dcfec4344b6c026393bfd1ef39542d8  ??  artifacts/rust-tauri/R02/final-candidate-a0af83666f89cc4b/A11/backup-restore/service-s1.addr
232f0709dcf698979fbc4e0428724182813cd9caef831c04fa65b66b0887b7d0  ??  artifacts/rust-tauri/R02/final-candidate-a0af83666f89cc4b/A11/backup-restore/service-s1.err
1942ccd6e831a72a84313faba3c7a8546aeb273bd63940ef64d80235d98ebd64  ??  artifacts/rust-tauri/R02/final-candidate-a0af83666f89cc4b/A11/backup-restore/service-s1.out
02b95ca7820759b7b77006751dec41c91d40772628b09e016a2b586ca331aded  ??  artifacts/rust-tauri/R02/final-candidate-a0af83666f89cc4b/A11/backup-restore/service-s2.addr
4c6b30afcabc6c11773696e1340948aff132f159cbe2b16771ed4f995c7a3caf  ??  artifacts/rust-tauri/R02/final-candidate-a0af83666f89cc4b/A11/backup-restore/service-s2.err
8b18c46a20c002f3e33383786bbb66e524d080a25e1524d419e4b93f26d447b3  ??  artifacts/rust-tauri/R02/final-candidate-a0af83666f89cc4b/A11/backup-restore/service-s2.out
6983eb847d459d0463a43326b4714b7b1f2d84168d3b6093b5b33e80affb4637  ??  artifacts/rust-tauri/R02/final-candidate-a0af83666f89cc4b/A11/backup-restore/service-s4.addr
34b52855fd9e6127905575e8017e86141b86fb5bb395da72a19a095870a12925  ??  artifacts/rust-tauri/R02/final-candidate-a0af83666f89cc4b/A11/backup-restore/service-s4.err
cdf00b572e4fcf5fdf4fd9e5894644e4d01ed512c143c9d2186566f7fec3c827  ??  artifacts/rust-tauri/R02/final-candidate-a0af83666f89cc4b/A11/backup-restore/service-s4.out
8069fbcc895d5fb00c9a79ae6f0e5bc7fd1200f4479c9bc805c5366a1609a4f5  ??  artifacts/rust-tauri/R02/final-candidate-a0af83666f89cc4b/A11/backup-restore/service.pid
a760c2c5d731ae6fc73f80c872d2ea93c46a7768f00f28e1c0b53c53ba28763d  ??  artifacts/rust-tauri/R02/final-candidate-a0af83666f89cc4b/A11/backup-restore/summary.txt
c37cc2427f6fc0d0aa932b669e1cc65e70c4210ec2eb320c4b9ac77af817117b  ??  artifacts/rust-tauri/R02/final-candidate-a0af83666f89cc4b/A12/recovery-drill/coexist-after.txt
c37cc2427f6fc0d0aa932b669e1cc65e70c4210ec2eb320c4b9ac77af817117b  ??  artifacts/rust-tauri/R02/final-candidate-a0af83666f89cc4b/A12/recovery-drill/coexist-before.txt
02a960bfe3329980525dc350e81f6e997fc0f49ae9464ff531e02db05a5fb5f2  ??  artifacts/rust-tauri/R02/final-candidate-a0af83666f89cc4b/A12/recovery-drill/own-created-homes.txt
d335ed776dbc2381e8eefdbe1ccab367049869a4c7347ef6a40620ed88f7c09e  ??  artifacts/rust-tauri/R02/final-candidate-a0af83666f89cc4b/A12/recovery-drill/summary.txt
7b2f675d535131e9ee3b95eb996b520af42000b1efea572dc62eff72fd758a84  ??  artifacts/rust-tauri/R02/final-candidate-a0af83666f89cc4b/A12/recovery-drill/v1-hashes-after.txt
7b2f675d535131e9ee3b95eb996b520af42000b1efea572dc62eff72fd758a84  ??  artifacts/rust-tauri/R02/final-candidate-a0af83666f89cc4b/A12/recovery-drill/v1-hashes-before.txt
33e05fec96c5cb54c05feea594816eec731993b122d27bbe0078c467015ee38e  ??  artifacts/rust-tauri/R02/final-candidate-a0af83666f89cc4b/A12/recovery-drill/v1.err
e3b0c44298fc1c149afbf4c8996fb92427ae41e4649b934ca495991b7852b855  ??  artifacts/rust-tauri/R02/final-candidate-a0af83666f89cc4b/A12/recovery-drill/v1.out
fcb269f1fc43e20619871bab0f6e464d30773313e55b17f725fc62249ab521be  ??  artifacts/rust-tauri/R02/final-candidate-a0af83666f89cc4b/A12/recovery-drill/v2-hashes-after.txt
fcb269f1fc43e20619871bab0f6e464d30773313e55b17f725fc62249ab521be  ??  artifacts/rust-tauri/R02/final-candidate-a0af83666f89cc4b/A12/recovery-drill/v2-hashes-before.txt
1d4b3d4c5ac2c8802aaeaf0962a83b450095b91ea13e05e2cbb92d3a022dbc13  ??  artifacts/rust-tauri/R02/final-candidate-a0af83666f89cc4b/A12/recovery-drill/v2.err
e3b0c44298fc1c149afbf4c8996fb92427ae41e4649b934ca495991b7852b855  ??  artifacts/rust-tauri/R02/final-candidate-a0af83666f89cc4b/A12/recovery-drill/v2.out
a33ffd69acb495d9a221778bb2317e4cef00e4d752d794b9c1267890666ec43d  ??  artifacts/rust-tauri/R02/final-candidate-a0af83666f89cc4b/A12/recovery-drill/v3-hashes-after.txt
a33ffd69acb495d9a221778bb2317e4cef00e4d752d794b9c1267890666ec43d  ??  artifacts/rust-tauri/R02/final-candidate-a0af83666f89cc4b/A12/recovery-drill/v3-hashes-before.txt
bfdcc6b6a47b6e4345f87407ad910917d26b4742ae40f1f303a2b070f80e1d96  ??  artifacts/rust-tauri/R02/final-candidate-a0af83666f89cc4b/A12/recovery-drill/v3.err
e3b0c44298fc1c149afbf4c8996fb92427ae41e4649b934ca495991b7852b855  ??  artifacts/rust-tauri/R02/final-candidate-a0af83666f89cc4b/A12/recovery-drill/v3.out
9f042cd9c3c2cb9e82cc931bb38ea0c2d8487400a10282c011e2790c8c5f3e1a  ??  artifacts/rust-tauri/R02/final-candidate-a0af83666f89cc4b/A12/recovery-drill/v4.err
26a6eff14ad3f741078c60812450ef15f0673e37e36c31ec1fd76ea688fd4698  ??  artifacts/rust-tauri/R02/final-candidate-a0af83666f89cc4b/A12/recovery-drill/v4.out
1465de86a2d2e3cffc4c3128aa9ad64715afc0aa48a9ad6342cb66c7536ff5ed  ??  artifacts/rust-tauri/R02/final-candidate-a0af83666f89cc4b/A12/recovery-drill/v5-hashes-after.txt
1465de86a2d2e3cffc4c3128aa9ad64715afc0aa48a9ad6342cb66c7536ff5ed  ??  artifacts/rust-tauri/R02/final-candidate-a0af83666f89cc4b/A12/recovery-drill/v5-hashes-before.txt
89cae605be7b1ac4394d43ceebbfdea8ed179297dbf16c6a4dfdbb7a1dc1b8db  ??  artifacts/rust-tauri/R02/final-candidate-a0af83666f89cc4b/A12/recovery-drill/v5.err
e3b0c44298fc1c149afbf4c8996fb92427ae41e4649b934ca495991b7852b855  ??  artifacts/rust-tauri/R02/final-candidate-a0af83666f89cc4b/A12/recovery-drill/v5.out
c2bbaf06d56ea424841a40b5a536c5e3cd95506fe09051528ce0e0b6a4635e41  ??  artifacts/rust-tauri/R02/final-candidate-a0af83666f89cc4b/A12/recovery-drill/v6-recovered-dump.jsonl
27badc983df1780b60c2b3fa9d3a19a00e46aac798451f0febdca52920faaddf  ??  artifacts/rust-tauri/R02/final-candidate-a0af83666f89cc4b/A12/recovery-drill/v6-seed-execute.txt
4e2a029dff4bc7d56905179b1d006c69cd716eb869107494d1df88332d8e7aa8  ??  artifacts/rust-tauri/R02/final-candidate-a0af83666f89cc4b/A12/recovery-drill/v6-seed.err
4c22df83995795a3744f65920a28d558eecc3fdfccb3b95d2981f724682e2b49  ??  artifacts/rust-tauri/R02/final-candidate-a0af83666f89cc4b/A12/recovery-drill/v6-seed.out
6bc53d21351a50e2e9d0ef251895d9d92cdb79db0577107e48c175fd0bef8df8  ??  artifacts/rust-tauri/R02/final-candidate-a0af83666f89cc4b/A12/recovery-drill/v6.err
373756eb8e9f32223489672e296470193552f6339aca49e948d0fd96d889a57c  ??  artifacts/rust-tauri/R02/final-candidate-a0af83666f89cc4b/A12/recovery-drill/v6.out
85bef3c93f6f0c52398ffabc115b09d524d4992c860e2df031cacea14d9178ed  ??  artifacts/rust-tauri/R02/final-candidate-a0af83666f89cc4b/A12/recovery-drill/v7-hashes-after.txt
85bef3c93f6f0c52398ffabc115b09d524d4992c860e2df031cacea14d9178ed  ??  artifacts/rust-tauri/R02/final-candidate-a0af83666f89cc4b/A12/recovery-drill/v7-hashes-before.txt
5cda29e807ad8a140785a9189126718716ec3d0e43e7754897c673e1ce599c56  ??  artifacts/rust-tauri/R02/final-candidate-a0af83666f89cc4b/A12/recovery-drill/v7-seed.err
a3ba7389c661dad935f72e1490449a1a1ab90af4bbe7d0e70783f948c6186ef0  ??  artifacts/rust-tauri/R02/final-candidate-a0af83666f89cc4b/A12/recovery-drill/v7-seed.out
bf1ed0d6f73bf6c5caa72a3e06417570a61ad496e37553aea9f7dd0c75d3f025  ??  artifacts/rust-tauri/R02/final-candidate-a0af83666f89cc4b/A12/recovery-drill/v7.err
e3b0c44298fc1c149afbf4c8996fb92427ae41e4649b934ca495991b7852b855  ??  artifacts/rust-tauri/R02/final-candidate-a0af83666f89cc4b/A12/recovery-drill/v7.out
d77b7e3d156db1f849af3af2c1d8bc3b2176f814bb0c6939146711b72ec48e4d  ??  artifacts/rust-tauri/R02/final-candidate-a0af83666f89cc4b/A12/recovery-drill/v8-observed.err
5ba5e1747c5f6800e4b86b14a4cb05f9a2216401c088afe7ac1cdcc040a199ad  ??  artifacts/rust-tauri/R02/final-candidate-a0af83666f89cc4b/A12/recovery-drill/v8-seed.err
4582cf9d4b811477f03511f2daf5f15017372b07ba057bfe17ec49c164ebba0f  ??  artifacts/rust-tauri/R02/final-candidate-a0af83666f89cc4b/A12/recovery-drill/v8-seed.out
d77b7e3d156db1f849af3af2c1d8bc3b2176f814bb0c6939146711b72ec48e4d  ??  artifacts/rust-tauri/R02/final-candidate-a0af83666f89cc4b/A12/recovery-drill/v8.err
ef6021f7834b72410b18df269188960a816557cfbed314cc83106b1520489fc6  ??  artifacts/rust-tauri/R02/final-candidate-a0af83666f89cc4b/A12/recovery-drill/v8.out
f4dda337487eed590ac7fae81fb7d74a98fd93e21835b51bc9fdefb3c6d58924  ??  artifacts/rust-tauri/R02/final-candidate-a0af83666f89cc4b/A13/redaction-scan/inventory.txt
9b502c8d49ce58bb08169b0ba2f0348fc1680d9eb16eee8c9669e9006b442dc9  ??  artifacts/rust-tauri/R02/final-candidate-a0af83666f89cc4b/A13/redaction-scan/p1-execute-ok.body
1cd8c5b9e4739d29c47f3a03915e7b767d557b1301e57a8fd1c80f7fcbb8891f  ??  artifacts/rust-tauri/R02/final-candidate-a0af83666f89cc4b/A13/redaction-scan/p1-execute-ok.headers
4e38ffcd373cb9faac3bd1881d675776a089520fc94d443b306bced20e040e27  ??  artifacts/rust-tauri/R02/final-candidate-a0af83666f89cc4b/A13/redaction-scan/p1-execute-request.json
58e4e3a7968bdb013603e4ef8acd49477e322aa4fe82e170be29689b6a46a5cd  ??  artifacts/rust-tauri/R02/final-candidate-a0af83666f89cc4b/A13/redaction-scan/p1-issue-credential.body
56801aec0ed05f7260deae7abd5eecff1b41c6e29397612b23c632cd3e85c740  ??  artifacts/rust-tauri/R02/final-candidate-a0af83666f89cc4b/A13/redaction-scan/p1-issue-credential.headers
e4f7d15ff214194f7c5c24e9a2d1c020776147eba88dd3ecea2e456a7c234da3  ??  artifacts/rust-tauri/R02/final-candidate-a0af83666f89cc4b/A13/redaction-scan/p1-issue-request.json
906d54f5d1392a479179a02305576d195b2e3cf3038e1c182397de9f39d922b0  ??  artifacts/rust-tauri/R02/final-candidate-a0af83666f89cc4b/A13/redaction-scan/p1-me-ok.body
df16acd272d9f660b6997dd8c0d36128086a70024e573125b6b466346621cb50  ??  artifacts/rust-tauri/R02/final-candidate-a0af83666f89cc4b/A13/redaction-scan/p1-me-ok.headers
44136fa355b3678a1146ad16f7e8649e94fb4fc21fe77e8310c060f61caaff8a  ??  artifacts/rust-tauri/R02/final-candidate-a0af83666f89cc4b/A13/redaction-scan/p1-ticket-request.json
e3213ca1ddb2925a160cec1dead4cf5fce5801ad7add7a18bcd5d627ffe86ce8  ??  artifacts/rust-tauri/R02/final-candidate-a0af83666f89cc4b/A13/redaction-scan/p1-ticket.body
bf0167b2e880d0a4bc53a760d98c844c0a336d046773e1060eea655b12b8111f  ??  artifacts/rust-tauri/R02/final-candidate-a0af83666f89cc4b/A13/redaction-scan/p1-ticket.headers
a318c0dea65fb258ed78f026690749622e2ff2b61f0f17d11731b75b3a76193e  ??  artifacts/rust-tauri/R02/final-candidate-a0af83666f89cc4b/A13/redaction-scan/p2-me-bad-bearer.body
cfb7d5142304780ec816cc6ac8c4f43fe37d6f57235e68aed6c4e87338d2fe8e  ??  artifacts/rust-tauri/R02/final-candidate-a0af83666f89cc4b/A13/redaction-scan/p2-me-bad-bearer.headers
b1fcb99dbf9b119974349e40fa1b17d4272dafd8eef6bab009d1ed2fe5441485  ??  artifacts/rust-tauri/R02/final-candidate-a0af83666f89cc4b/A13/redaction-scan/p2-me-no-auth.body
cfb7d5142304780ec816cc6ac8c4f43fe37d6f57235e68aed6c4e87338d2fe8e  ??  artifacts/rust-tauri/R02/final-candidate-a0af83666f89cc4b/A13/redaction-scan/p2-me-no-auth.headers
d02f7f659bada759fa05ed28720353cc05d9b0038b826c16f0a6acba5f7ca977  ??  artifacts/rust-tauri/R02/final-candidate-a0af83666f89cc4b/A13/redaction-scan/p2-session-cross.body
8ede113230890b6607ff8edcfc9bcd05538069f5322174e2a4794d5750cd2b29  ??  artifacts/rust-tauri/R02/final-candidate-a0af83666f89cc4b/A13/redaction-scan/p2-session-cross.headers
ef07818abc57c81dbb08c37cd69d12862699eae34aec022c7e4ef3783dd984e5  ??  artifacts/rust-tauri/R02/final-candidate-a0af83666f89cc4b/A13/redaction-scan/p2-session-missing.body
8dfdb08d63dc1f9780a131420f89b8cc4802b3c142246db4a854ddc3c1954a9a  ??  artifacts/rust-tauri/R02/final-candidate-a0af83666f89cc4b/A13/redaction-scan/p2-session-missing.headers
86d777e91366c7d6ae875c10604942710cefb46a2d480426af3e4f866a594d45  ??  artifacts/rust-tauri/R02/final-candidate-a0af83666f89cc4b/A13/redaction-scan/p2-ws-bad-query.body
cfb7d5142304780ec816cc6ac8c4f43fe37d6f57235e68aed6c4e87338d2fe8e  ??  artifacts/rust-tauri/R02/final-candidate-a0af83666f89cc4b/A13/redaction-scan/p2-ws-bad-query.headers
bc5c798c8846facd87a34da03c3888687355cd3b64ccd008907c9fea00a535ae  ??  artifacts/rust-tauri/R02/final-candidate-a0af83666f89cc4b/A13/redaction-scan/p2-ws-transcript.txt
f7f1dbf176d4f79f5a77de07e179a2dd4d6e67ef568bfba93627e9cdd214f636  ??  artifacts/rust-tauri/R02/final-candidate-a0af83666f89cc4b/A13/redaction-scan/p3-burst-1.body
0191cd998b6e049757cf709fa699f1cdb5612f42ece4de45ccee154de912634a  ??  artifacts/rust-tauri/R02/final-candidate-a0af83666f89cc4b/A13/redaction-scan/p3-burst-2.body
3aad0d4eb2838203afca9807baac2dd7474c5d6392b11ee7bf992878b2741bf3  ??  artifacts/rust-tauri/R02/final-candidate-a0af83666f89cc4b/A13/redaction-scan/p3-burst-3.body
af05b449855a482f2242cf3735d85dfa5287835c976426dcf49b386fe80f53f7  ??  artifacts/rust-tauri/R02/final-candidate-a0af83666f89cc4b/A13/redaction-scan/p3-burst-4.body
e3a8ab52474c75b8609e2bc0dc3c64ecf18401605ca217d3374a917e1e76a452  ??  artifacts/rust-tauri/R02/final-candidate-a0af83666f89cc4b/A13/redaction-scan/p3-burst-5.body
71e8f581d85a7dd087a2f64d5834c2d83b58c9630758b9cb961e2b43dee94c66  ??  artifacts/rust-tauri/R02/final-candidate-a0af83666f89cc4b/A13/redaction-scan/p3-burst-6.body
2255d2d9de76596988a5e66207a45ea81eb501f735b7e3de679a643bf9bc9c3d  ??  artifacts/rust-tauri/R02/final-candidate-a0af83666f89cc4b/A13/redaction-scan/p3-burst-7.body
718e642409a3c1b2f001ee79f84226a71cc2009ad93139460b137759d7da5af3  ??  artifacts/rust-tauri/R02/final-candidate-a0af83666f89cc4b/A13/redaction-scan/p3-burst-8.body
e89d50f95150fa2e9458cb0c5d045ab66124116f16d839c55b21a703190fe91d  ??  artifacts/rust-tauri/R02/final-candidate-a0af83666f89cc4b/A13/redaction-scan/p3-execute-request.json
8d375e7ca67835f2434cdbe258e275afca0691f079b5f7d2a813efb4aad30661  ??  artifacts/rust-tauri/R02/final-candidate-a0af83666f89cc4b/A13/redaction-scan/p3-status-codes.txt
d275c1f704474a278d90144f7af293214e50bd707cf5b730d60ad367b7397c77  ??  artifacts/rust-tauri/R02/final-candidate-a0af83666f89cc4b/A13/redaction-scan/service-logs/retention-manifest.txt
94656f6f4a5bcb4ae3d922b19c2bfaa78bc9c66ea63156142e441067abc62f8a  ??  artifacts/rust-tauri/R02/final-candidate-a0af83666f89cc4b/A13/redaction-scan/service-p1.addr
2ab6bc8277f5b4d643182814d250d3c7e13a8c25c87527957f638792adc60c0c  ??  artifacts/rust-tauri/R02/final-candidate-a0af83666f89cc4b/A13/redaction-scan/service-p1.err
bc21ed3f247f0a1bdf4c840de4f369d490da6309fff0f9479c7749dda89cf569  ??  artifacts/rust-tauri/R02/final-candidate-a0af83666f89cc4b/A13/redaction-scan/service-p1.out
1a15b56918745e638cc5d079aa9dcac908c7697f998ccf8fe065768bafa515bb  ??  artifacts/rust-tauri/R02/final-candidate-a0af83666f89cc4b/A13/redaction-scan/service-p3.addr
f16cbb604b54cf00a588556f7e2672c3aafb4999f3eda0ab256335a723029874  ??  artifacts/rust-tauri/R02/final-candidate-a0af83666f89cc4b/A13/redaction-scan/service-p3.err
9c0f7670101a0a373084bc6df1a0470493da4099a4476a025128c7ebd31873e8  ??  artifacts/rust-tauri/R02/final-candidate-a0af83666f89cc4b/A13/redaction-scan/service-p3.out
53fdabba60d83d8b27eb85357558c92bfddaa42b9b4ef39744a26fe2a8b1b5e4  ??  artifacts/rust-tauri/R02/final-candidate-a0af83666f89cc4b/A13/redaction-scan/service-p4.err
e3b0c44298fc1c149afbf4c8996fb92427ae41e4649b934ca495991b7852b855  ??  artifacts/rust-tauri/R02/final-candidate-a0af83666f89cc4b/A13/redaction-scan/service-p4.out
975b1022377164858b1e4c42785c1376c68ff357c8a794b87f09b6e28efca903  ??  artifacts/rust-tauri/R02/final-candidate-a0af83666f89cc4b/A13/redaction-scan/summary.txt
81871232d8fbcaf64c24f85d393d3def40086827f85e4e16528da41ace3d42d9  ??  artifacts/rust-tauri/R02/final-candidate-a0af83666f89cc4b/A14/slow-subscriber/detach-lines.txt
9d94f9df2757430d20607351fd5aba7b1f6f7f65a4456e10574bc6ec3daeca05  ??  artifacts/rust-tauri/R02/final-candidate-a0af83666f89cc4b/A14/slow-subscriber/rss-samples.csv
7eb8769c5eeaa62cfd5b8eef270252be730860fa8d69214feace36282fca27bc  ??  artifacts/rust-tauri/R02/final-candidate-a0af83666f89cc4b/A14/slow-subscriber/service.err
180030484e6400ebb5fe1adc042f5dbbba71d2b7027145197b1d51bfab43c283  ??  artifacts/rust-tauri/R02/final-candidate-a0af83666f89cc4b/A14/slow-subscriber/service.out
adccb2188ee18f34c1da373ce6fff7698765d6c0a04081e599f33fb5725c0690  ??  artifacts/rust-tauri/R02/final-candidate-a0af83666f89cc4b/A14/slow-subscriber/storm-results.json
50d8f99578507735430f624899c181f7314225fed891bb861cf7cc5c33d116aa  ??  artifacts/rust-tauri/R02/final-candidate-a0af83666f89cc4b/A14/slow-subscriber/summary.txt
b1b00da32fda1b1b9260e13a1ba2d28c7bb86a22635aa9706465878c47619724  ??  artifacts/rust-tauri/R02/final-candidate-a0af83666f89cc4b/A15/full-chain/probe1.err
a9b9290deb9cfecbba2acbd5e88e986756312af92584ccaf47812db05dd1f2c2  ??  artifacts/rust-tauri/R02/final-candidate-a0af83666f89cc4b/A15/full-chain/probe1.pass-lines
f44277d380eb086aae4adda7f18284cbb882a4e711b37a6d591798c033172e4e  ??  artifacts/rust-tauri/R02/final-candidate-a0af83666f89cc4b/A15/full-chain/service1.err
3442f5d6708f07ce0bac041cf97475e3e6dcfff9eacc5a8f1669c438dd1ffd3c  ??  artifacts/rust-tauri/R02/final-candidate-a0af83666f89cc4b/A15/full-chain/service1.out
1b59b729179d86bf504ffc5d67d3c5561f029e38bff115d975f1c8d44fa90398  ??  artifacts/rust-tauri/R02/final-candidate-a0af83666f89cc4b/A15/full-chain/summary.txt
ff3b1c2ab79c69bc984def750f116b6dc0031d3aca900b2dc35a40e956c1a995  ??  artifacts/rust-tauri/R02/final-candidate-a0af83666f89cc4b/A16/legacy-entry/e0-candidate-binding.tsv
02b1e734075863b77bd4437a8d8bb37bb5038a5f541ed7612add74a9042eadaf  ??  artifacts/rust-tauri/R02/final-candidate-a0af83666f89cc4b/A16/legacy-entry/e0-candidate-dirty.diff
439a126b286b0bc5ba923eb2b7e8664444270431602dc62051417fa23c676d2e  ??  artifacts/rust-tauri/R02/final-candidate-a0af83666f89cc4b/A16/legacy-entry/e0-candidate-dirty.txt
7106b3724905017ed86f281b34a4fea1b9412f829d51c072c557bd3208659e64  ??  artifacts/rust-tauri/R02/final-candidate-a0af83666f89cc4b/A16/legacy-entry/summary.txt
4f53cda18c2baa0c0354bb5f9a3ecbe5ed12ab4d8e11ba873c2f11161202b945  ??  artifacts/rust-tauri/R02/final-candidate-a0af83666f89cc4b/CLIENT/cli-help-exit0-no-start/home-after.json
4f53cda18c2baa0c0354bb5f9a3ecbe5ed12ab4d8e11ba873c2f11161202b945  ??  artifacts/rust-tauri/R02/final-candidate-a0af83666f89cc4b/CLIENT/cli-help-exit0-no-start/home-before.json
4f53cda18c2baa0c0354bb5f9a3ecbe5ed12ab4d8e11ba873c2f11161202b945  ??  artifacts/rust-tauri/R02/final-candidate-a0af83666f89cc4b/CLIENT/cli-serve-unknown-arg-exit1-no-start/home-after.json
4f53cda18c2baa0c0354bb5f9a3ecbe5ed12ab4d8e11ba873c2f11161202b945  ??  artifacts/rust-tauri/R02/final-candidate-a0af83666f89cc4b/CLIENT/cli-serve-unknown-arg-exit1-no-start/home-before.json
4f53cda18c2baa0c0354bb5f9a3ecbe5ed12ab4d8e11ba873c2f11161202b945  ??  artifacts/rust-tauri/R02/final-candidate-a0af83666f89cc4b/CLIENT/cli-unknown-arg-exit1-no-start/home-after.json
4f53cda18c2baa0c0354bb5f9a3ecbe5ed12ab4d8e11ba873c2f11161202b945  ??  artifacts/rust-tauri/R02/final-candidate-a0af83666f89cc4b/CLIENT/cli-unknown-arg-exit1-no-start/home-before.json
21088e0c802dd1287f436e16e1114a305b6f8ec7af0f36092146a6f9078c33ae  ??  artifacts/rust-tauri/R02/final-candidate-a0af83666f89cc4b/CLIENT/leaf-cases.json
9a51d9093a8a95218544870c9d1d955e86f0ff5d88432763a3a1e7b54339fce2  ??  artifacts/rust-tauri/R02/final-candidate-a0af83666f89cc4b/CLIENT/sharing-cases.json
32066468e66d088ac22dabd038357ca6e506c5382c84c6816e2e6bbd595b4470  ??  artifacts/rust-tauri/R02/final-candidate-a0af83666f89cc4b/CLIENT/summary.json
7ba730c6e626395aa5acc4116a0ff06d2b797dcbb4c4dc31d860595ad35ec594  ??  artifacts/rust-tauri/R02/final-candidate-a0af83666f89cc4b/CLI_RUST/cli-rust-cases.json
d2854544f429af25aba4ed24654b5dc9bcc84254395b9abbcb1f0a82fd7d9e71  ??  artifacts/rust-tauri/R02/final-candidate-a0af83666f89cc4b/CLI_RUST/home-main/data-epoch.json
bf24cd8dfb7ef882f65816584208d4e2330564ae18bb41f55836eec0709a3c68  ??  artifacts/rust-tauri/R02/final-candidate-a0af83666f89cc4b/CLI_RUST/home-main/lingxi-service/data/runs.db-shm
e3b0c44298fc1c149afbf4c8996fb92427ae41e4649b934ca495991b7852b855  ??  artifacts/rust-tauri/R02/final-candidate-a0af83666f89cc4b/CLI_RUST/home-main/lingxi-service/data/runs.db-wal
9e746e42ffe0318fc215c0569222b3d150c261de2399f949d7447d1c194bd097  ??  artifacts/rust-tauri/R02/final-candidate-a0af83666f89cc4b/CLI_RUST/home-main/lingxi-service/device-credentials.json
bde34e2b924496785ae25cdf408f57b0fad4400b5ad65b2c467329274e20a4d1  ??  artifacts/rust-tauri/R02/final-candidate-a0af83666f89cc4b/CLI_RUST/home-main/lingxi-service/devices.json
e3b0c44298fc1c149afbf4c8996fb92427ae41e4649b934ca495991b7852b855  ??  artifacts/rust-tauri/R02/final-candidate-a0af83666f89cc4b/CLI_RUST/home-main/lingxi-service/instance.lock
9914936c9791d59b44ed25a2aa01436a5bd1df3bcf0b63d18f93af5f1ba8d479  ??  artifacts/rust-tauri/R02/final-candidate-a0af83666f89cc4b/CLI_RUST/home-main/lingxi-service/local-token.json
325bc1ec22f113ec421a9fe0e932c878be2935602a40f9ea023fb0d609333239  ??  artifacts/rust-tauri/R02/final-candidate-a0af83666f89cc4b/CLI_RUST/home-main/lingxi-service/management.json
fef1da12458d4f58e5ac150ea8cf9628d7234180c32d4ceed0b3b71d4e83f05e  ??  artifacts/rust-tauri/R02/final-candidate-a0af83666f89cc4b/CLI_RUST/home-newer/data-epoch.json
e3b0c44298fc1c149afbf4c8996fb92427ae41e4649b934ca495991b7852b855  ??  artifacts/rust-tauri/R02/final-candidate-a0af83666f89cc4b/CLI_RUST/home-newer/lingxi-service/instance.lock
655fa99a5156e03d194eedbb14b5beb839aaa9a95a9a4349a91bd384082aa37d  ??  artifacts/rust-tauri/R02/final-candidate-a0af83666f89cc4b/CLI_RUST/sessions-empty-api.json
3ca0ff2a08682c323c0bab80565c01e68661480b723a0ce4cb2b03e19c2f5de1  ??  artifacts/rust-tauri/R02/final-candidate-a0af83666f89cc4b/CLI_RUST/sessions-fixture-ledger.json
4d3ccf725a93266a04f78eeff964c2a1e2200807575e1c27b7ab31b4b2904309  ??  artifacts/rust-tauri/R02/final-candidate-a0af83666f89cc4b/CLI_RUST/sessions-limit-api.json
a41dd6c3f98f00818211ec781982712f3f22f370d545b213e536e0b10a7dab28  ??  artifacts/rust-tauri/R02/final-candidate-a0af83666f89cc4b/CLI_RUST/sessions-owner-api.json
a59ab71680e59af000417bb9400e8ff461a4d75fbf68b7cd9e0fb6f2b1ff2f7a  ??  artifacts/rust-tauri/R02/final-candidate-a0af83666f89cc4b/CLI_SESSIONS/auth/.last-body
265ff0f6036e2428915922ea936e4732ad8e0c7dad8d1a8d48f2130b63a9a6e8  ??  artifacts/rust-tauri/R02/final-candidate-a0af83666f89cc4b/CLI_SESSIONS/auth/creds-after-authz.json
77e8348697fb7453c3cec6f4d03f035c92159b232e1e16ce2223b9c05f97aa94  ??  artifacts/rust-tauri/R02/final-candidate-a0af83666f89cc4b/CLI_SESSIONS/auth/creds-before-authz.json
390d5ff2f58afabe66a23b414a7806ca062b49c3c75e761a4b1811a39e530214  ??  artifacts/rust-tauri/R02/final-candidate-a0af83666f89cc4b/CLI_SESSIONS/auth/devices-after-authz.json
bd86e984a7523198aeb773a7223790332d5c1961e109f0216347a2b91b30b932  ??  artifacts/rust-tauri/R02/final-candidate-a0af83666f89cc4b/CLI_SESSIONS/auth/devices-before-authz.json
8ef06cbaf0869afd750a02ad3b83df57124a9d9356e2fed888c6aae388e1bc17  ??  artifacts/rust-tauri/R02/final-candidate-a0af83666f89cc4b/CLI_SESSIONS/auth/leaf-cases.ndjson
577fd356e0a6d41f57aca8ea080b4201d8c188e2db8659d7ef320a2324bfcf89  ??  artifacts/rust-tauri/R02/final-candidate-a0af83666f89cc4b/CLI_SESSIONS/auth/me-denied-after.sha256
577fd356e0a6d41f57aca8ea080b4201d8c188e2db8659d7ef320a2324bfcf89  ??  artifacts/rust-tauri/R02/final-candidate-a0af83666f89cc4b/CLI_SESSIONS/auth/me-denied-before.sha256
ea6b32b7b4967f75c27fd477308dcb3593c5173dbcc42381ec5c13348b4b4a41  ??  artifacts/rust-tauri/R02/final-candidate-a0af83666f89cc4b/CLI_SESSIONS/auth/state-after-authn.txt
f4e59825ff7639c020a13d0b1b6ab8e178fee4498d9cdb3de4c6951bb612faf8  ??  artifacts/rust-tauri/R02/final-candidate-a0af83666f89cc4b/CLI_SESSIONS/auth/state-after.txt
ea6b32b7b4967f75c27fd477308dcb3593c5173dbcc42381ec5c13348b4b4a41  ??  artifacts/rust-tauri/R02/final-candidate-a0af83666f89cc4b/CLI_SESSIONS/auth/state-before-authz.txt
ea6b32b7b4967f75c27fd477308dcb3593c5173dbcc42381ec5c13348b4b4a41  ??  artifacts/rust-tauri/R02/final-candidate-a0af83666f89cc4b/CLI_SESSIONS/auth/state-before.txt
6979809b7d7dca580be0733979d479a630e03d74e50c5ce05dd6d63d63a62801  ??  artifacts/rust-tauri/R02/final-candidate-a0af83666f89cc4b/CLI_SESSIONS/auth/summary.txt
441d9218900683da72aac908ae8f29628a3f6f150b9b3903c8e7483edb156435  ??  artifacts/rust-tauri/R02/final-candidate-a0af83666f89cc4b/CLI_SESSIONS/summary.json
a0465d39ebe303f40a7e13e19a6bfd3fbd67deac19cb1aec1187c8d7626891dc  ??  artifacts/rust-tauri/R02/final-candidate-a0af83666f89cc4b/MANAGEMENT/management-cases.json
6d60ba5a63c9d5ea636557e7e5d057cfe690a6e7120f7662abf5e9b4edfc32d5  ??  artifacts/rust-tauri/R02/final-candidate-a0af83666f89cc4b/MANAGEMENT/security-audit-sources.json
5348f582023f750668ea3d8c205dee2389049c9665cccd5458ec648b878954cd  ??  artifacts/rust-tauri/R02/final-candidate-a0af83666f89cc4b/MANAGEMENT/security-audit.jsonl
1682298e1a309ed9cd596833e977d8a28ef821c45b58d6670b2b9b6f54dc62b1  ??  artifacts/rust-tauri/R02/final-candidate-a0af83666f89cc4b/MANAGEMENT/summary.json
c71ea5f7520ea670f1c6b38bedab8ba3d31e8c57b9481b5508f0b2e33992bac9  ??  artifacts/rust-tauri/R02/final-candidate-a0af83666f89cc4b/MANAGEMENT/tls-web-login-cases.json
86b989e25ad5d9d6966549964cdd0b03275d97eca98664e960a94d4de85afc20  ??  artifacts/rust-tauri/R02/final-candidate-a0af83666f89cc4b/MANAGEMENT/web-login-cases.json
1c7affd88fbf974168567ad2bb7e59112ada629817bdf95bd681c594376fc0d5  ??  artifacts/rust-tauri/R02/final-candidate-a0af83666f89cc4b/STATIC_WEB/static-web-cases.json
74c109978fd9d08d1c773cf0a5ab0cb82860a14b9e2e6bc8ad3b728bfc035f9f  ??  artifacts/rust-tauri/R02/final-candidate-a0af83666f89cc4b/STATIC_WEB/summary.json
5b8a3093ba233e66c4cb6cdfda355a9e7e4f5381741e99e5a6053aaa059909ee  ??  artifacts/rust-tauri/R02/final-candidate-a0af83666f89cc4b/candidate-source-after.json
5b8a3093ba233e66c4cb6cdfda355a9e7e4f5381741e99e5a6053aaa059909ee  ??  artifacts/rust-tauri/R02/final-candidate-a0af83666f89cc4b/candidate-source-before.json
a01b54720b6c95e23c47eefc33fddadf7bfd15079d4b6e69ef1024ed7e7de3a2  ??  artifacts/rust-tauri/R02/final-candidate-a0af83666f89cc4b/verify-stage-result.json
e3b0c44298fc1c149afbf4c8996fb92427ae41e4649b934ca495991b7852b855  ??  artifacts/rust-tauri/R02/final-candidate-a29e5adbb404ad70/A01/a01-cargo-metadata.err
12c9c2b8973eeb83efd46cc0f9684b425860e5bfd628f1462996a3e791f81352  ??  artifacts/rust-tauri/R02/final-candidate-a29e5adbb404ad70/A01/a01-cargo-metadata.json
e3b0c44298fc1c149afbf4c8996fb92427ae41e4649b934ca495991b7852b855  ??  artifacts/rust-tauri/R02/final-candidate-a29e5adbb404ad70/A01/a01-child-snapshot.tsv
f7fcacea611f836fcfee896f96b921cb6f11f87ef330adf7f40d820cb361ac1c  ??  artifacts/rust-tauri/R02/final-candidate-a29e5adbb404ad70/A01/a01-health-body.json
fbb908d890fc74c23750762748fa2f4c89f8f19b7360f407330eeca46cfafbf1  ??  artifacts/rust-tauri/R02/final-candidate-a29e5adbb404ad70/A01/a01-invalid-bind-homes-after.txt
fbb908d890fc74c23750762748fa2f4c89f8f19b7360f407330eeca46cfafbf1  ??  artifacts/rust-tauri/R02/final-candidate-a29e5adbb404ad70/A01/a01-invalid-bind-homes-before.txt
6c88f1bf243b09c3f5c0207654b095224ce3608f74e78b992b2a648ff6ad119b  ??  artifacts/rust-tauri/R02/final-candidate-a29e5adbb404ad70/A01/a01-leaf-cases.json
f2f5e2adaa3818d2f5cefc90b36d30b6fe190432627e40b135a305184279f231  ??  artifacts/rust-tauri/R02/final-candidate-a29e5adbb404ad70/A01/a01-newer-config-data-fallback-after.txt
f2f5e2adaa3818d2f5cefc90b36d30b6fe190432627e40b135a305184279f231  ??  artifacts/rust-tauri/R02/final-candidate-a29e5adbb404ad70/A01/a01-newer-config-data-fallback-before.txt
9c57ffe99d1f8922195e6e613d7e7a306989faa2b038d614343648a6061bdc21  ??  artifacts/rust-tauri/R02/final-candidate-a29e5adbb404ad70/A01/a01-newer-config-data-homes-after.txt
3a44762d3c5238d5b81cb30c56abb86e0a557749a62d4c44629ab30859bb490f  ??  artifacts/rust-tauri/R02/final-candidate-a29e5adbb404ad70/A01/a01-newer-config-data-homes-before.txt
fbfa80d9c8d23251e18aebb2fdd63900c3f73d2252b8afadc5228e2c5923b98b  ??  artifacts/rust-tauri/R02/final-candidate-a29e5adbb404ad70/A01/a01-newer-config-data-original-after.sha256
fbfa80d9c8d23251e18aebb2fdd63900c3f73d2252b8afadc5228e2c5923b98b  ??  artifacts/rust-tauri/R02/final-candidate-a29e5adbb404ad70/A01/a01-newer-config-data-original-before.sha256
f2f5e2adaa3818d2f5cefc90b36d30b6fe190432627e40b135a305184279f231  ??  artifacts/rust-tauri/R02/final-candidate-a29e5adbb404ad70/A01/a01-newer-data-fallback-after.txt
f2f5e2adaa3818d2f5cefc90b36d30b6fe190432627e40b135a305184279f231  ??  artifacts/rust-tauri/R02/final-candidate-a29e5adbb404ad70/A01/a01-newer-data-fallback-before.txt
b1570caa38f9851c4409697c30ad436c5b8c220436bb3882c1b51d71d4569d3c  ??  artifacts/rust-tauri/R02/final-candidate-a29e5adbb404ad70/A01/a01-newer-data-homes-after.txt
88c17a0ca61bd575a60865549558c11eabbfc65ee8a2ef053155cf58e28f6b96  ??  artifacts/rust-tauri/R02/final-candidate-a29e5adbb404ad70/A01/a01-newer-data-homes-before.txt
9282076b416bd8c281ec11797ecaa46dbcbd2811887ab800b55412640503e37e  ??  artifacts/rust-tauri/R02/final-candidate-a29e5adbb404ad70/A01/a01-newer-data-original-after.sha256
9282076b416bd8c281ec11797ecaa46dbcbd2811887ab800b55412640503e37e  ??  artifacts/rust-tauri/R02/final-candidate-a29e5adbb404ad70/A01/a01-newer-data-original-before.sha256
f2f5e2adaa3818d2f5cefc90b36d30b6fe190432627e40b135a305184279f231  ??  artifacts/rust-tauri/R02/final-candidate-a29e5adbb404ad70/A01/a01-newer-env-data-fallback-after.txt
f2f5e2adaa3818d2f5cefc90b36d30b6fe190432627e40b135a305184279f231  ??  artifacts/rust-tauri/R02/final-candidate-a29e5adbb404ad70/A01/a01-newer-env-data-fallback-before.txt
26d43de0d66218b55c4bcad5c10626e3f2068e1622f362d2202961c74c58f176  ??  artifacts/rust-tauri/R02/final-candidate-a29e5adbb404ad70/A01/a01-newer-env-data-homes-after.txt
238efbc10c7a0bca3b3dec81c8fbe7e9ea02d5274c5aec611576153d71e7db35  ??  artifacts/rust-tauri/R02/final-candidate-a29e5adbb404ad70/A01/a01-newer-env-data-homes-before.txt
342b54ddb450a43b79e032c12f971e9962b3bf01262c835b2636c7123f6e165e  ??  artifacts/rust-tauri/R02/final-candidate-a29e5adbb404ad70/A01/a01-newer-env-data-original-after.sha256
342b54ddb450a43b79e032c12f971e9962b3bf01262c835b2636c7123f6e165e  ??  artifacts/rust-tauri/R02/final-candidate-a29e5adbb404ad70/A01/a01-newer-env-data-original-before.sha256
3ce1005240a8ebfb25acd73c8ec01b4df742a35b81e2a622a6c65bf368865033  ??  artifacts/rust-tauri/R02/final-candidate-a29e5adbb404ad70/A01/leaf-cases.ndjson
8e3238afa7f414bfdc749a8a1017f7642b9c5b454960867e60dded3b7d726adc  ??  artifacts/rust-tauri/R02/final-candidate-a29e5adbb404ad70/A03/a03-forged-record.json
f7fcacea611f836fcfee896f96b921cb6f11f87ef330adf7f40d820cb361ac1c  ??  artifacts/rust-tauri/R02/final-candidate-a29e5adbb404ad70/A03/a03-inst1-health.json
340df1f3dd23002adcd8597e7ffb68839fb864d542187a9360c8c7e2457e80c5  ??  artifacts/rust-tauri/R02/final-candidate-a29e5adbb404ad70/A03/a03-inst2-marker.txt
81ea1f766c624a8dd289cc6fd7270be9e82de9c40e73293d436d44c43d1d2b19  ??  artifacts/rust-tauri/R02/final-candidate-a29e5adbb404ad70/A03/a03-summary.txt
c109c03c74f9bdb4d947dd5f96b436bc45e76ac21e1904be6dc29c3bf09872c9  ??  artifacts/rust-tauri/R02/final-candidate-a29e5adbb404ad70/A04/a04-summary.txt
8bc763db517ce2ac95719eeadb1ee2321b555b92d88f3d09b8922eca792bb002  ??  artifacts/rust-tauri/R02/final-candidate-a29e5adbb404ad70/A05_A06/.last-body
1319bbe558a1a9043433da92529bc8c24d2b6fbcabc962836a938e946e273399  ??  artifacts/rust-tauri/R02/final-candidate-a29e5adbb404ad70/A05_A06/body-limit.txt
c0c19dff508a998f0c6e1fbf2643c2d78647cd6495bc53c57d2566877a3abc0b  ??  artifacts/rust-tauri/R02/final-candidate-a29e5adbb404ad70/A05_A06/cli-sessions-limit-case.json
fc172af10fe6ce9fe69e9751424bfe798c7646051b468e528e4ac94facee3600  ??  artifacts/rust-tauri/R02/final-candidate-a29e5adbb404ad70/A05_A06/creds-after-authz.json
6d8b128fa4fc3857df37f26b57ba85a63b0fa5b07e33864e88f72aa5474fff28  ??  artifacts/rust-tauri/R02/final-candidate-a29e5adbb404ad70/A05_A06/creds-before-authz.json
9260aca72f6ee7b6a290078911d8eee9f41ff5fbf5ddc833941ffa1a83afcc3f  ??  artifacts/rust-tauri/R02/final-candidate-a29e5adbb404ad70/A05_A06/devices-after-authz.json
26cac82521aa03b578a7ae1ace97a1c9ed36138da1c71383ea1140a15534eae7  ??  artifacts/rust-tauri/R02/final-candidate-a29e5adbb404ad70/A05_A06/devices-before-authz.json
4956b24bb0e7ba93218fcf4d03772b1959a1517af512b2751c3f3b1f06897acd  ??  artifacts/rust-tauri/R02/final-candidate-a29e5adbb404ad70/A05_A06/leaf-cases.json
05e65ce569b96253d6eefdf0a5601e0d8f554d75e31fb0b9747cc0db116577bb  ??  artifacts/rust-tauri/R02/final-candidate-a29e5adbb404ad70/A05_A06/leaf-cases.ndjson
3432c3014f50d465f154aade5477c06ea4f96bde8ec380810e9d939b1599c78f  ??  artifacts/rust-tauri/R02/final-candidate-a29e5adbb404ad70/A05_A06/me-denied-after.sha256
3432c3014f50d465f154aade5477c06ea4f96bde8ec380810e9d939b1599c78f  ??  artifacts/rust-tauri/R02/final-candidate-a29e5adbb404ad70/A05_A06/me-denied-before.sha256
9901fa4939e8c0683cc392787126273c429530490fdebe18e68d1ad0c6fc2459  ??  artifacts/rust-tauri/R02/final-candidate-a29e5adbb404ad70/A05_A06/sessions-list-matrix.json
166dc7f63b455ab3bcb0b53c35be0d4d41b1b622a947bf6a1f78877e9c9e54eb  ??  artifacts/rust-tauri/R02/final-candidate-a29e5adbb404ad70/A05_A06/state-after-authn.txt
24afb370754bd303a8060b3523f0714707527fc0ae6f80db8e155de1e1ceaa22  ??  artifacts/rust-tauri/R02/final-candidate-a29e5adbb404ad70/A05_A06/state-after.txt
166dc7f63b455ab3bcb0b53c35be0d4d41b1b622a947bf6a1f78877e9c9e54eb  ??  artifacts/rust-tauri/R02/final-candidate-a29e5adbb404ad70/A05_A06/state-before-authz.txt
166dc7f63b455ab3bcb0b53c35be0d4d41b1b622a947bf6a1f78877e9c9e54eb  ??  artifacts/rust-tauri/R02/final-candidate-a29e5adbb404ad70/A05_A06/state-before.txt
57c5f331c3545d6a643e683a089ad335d289e568c88bf7409c6077c477cc6e2e  ??  artifacts/rust-tauri/R02/final-candidate-a29e5adbb404ad70/A05_A06/summary.txt
71991b9ff49f02587cc18f1c966c1cbcdb104f5c7538a902b281513d8f32a875  ??  artifacts/rust-tauri/R02/final-candidate-a29e5adbb404ad70/A05_A06/ws-matrix.json
80505ccdb7fa37ea70dc5ae29b7e6adbf9b66de25f79a5ce884668ca03533413  ??  artifacts/rust-tauri/R02/final-candidate-a29e5adbb404ad70/A07_A08/last-db-hashes.txt
8fd116efeee1a95eeaea099e0e2b9c1de08a1d617b08e097e31882f2e7e6a0f1  ??  artifacts/rust-tauri/R02/final-candidate-a29e5adbb404ad70/A07_A08/s1-counts-after-stop.json
d0d397f043d6103ba13694dfdfdc76b23dbba1930528a380354766ddb7922e11  ??  artifacts/rust-tauri/R02/final-candidate-a29e5adbb404ad70/A07_A08/s2-counts-after-crash.json
402e6524a1a9fff6564b4a5a5b83b42e6493966bbaf913cf644ce162ee82f665  ??  artifacts/rust-tauri/R02/final-candidate-a29e5adbb404ad70/A07_A08/s2-runs-dump.jsonl
dfa2dfbee45765e52a71f2cfac63990bf1c5a1aea6e1dc44e5992fbba9a51705  ??  artifacts/rust-tauri/R02/final-candidate-a29e5adbb404ad70/A07_A08/s3-fault.err
e3b0c44298fc1c149afbf4c8996fb92427ae41e4649b934ca495991b7852b855  ??  artifacts/rust-tauri/R02/final-candidate-a29e5adbb404ad70/A07_A08/s3-fault.out
95aa2482abc6a285232bf801b7947459c07f9f4465a0df236f7c36e5bc855d7d  ??  artifacts/rust-tauri/R02/final-candidate-a29e5adbb404ad70/A07_A08/s4-hashes-after.txt
95aa2482abc6a285232bf801b7947459c07f9f4465a0df236f7c36e5bc855d7d  ??  artifacts/rust-tauri/R02/final-candidate-a29e5adbb404ad70/A07_A08/s4-hashes-before.txt
43ea9c5a6048fbedc3cd751cea55537ad40e9c31de0cd38f46ba859eb7a56c59  ??  artifacts/rust-tauri/R02/final-candidate-a29e5adbb404ad70/A07_A08/s4-migrations-round1.json
43ea9c5a6048fbedc3cd751cea55537ad40e9c31de0cd38f46ba859eb7a56c59  ??  artifacts/rust-tauri/R02/final-candidate-a29e5adbb404ad70/A07_A08/s4-migrations-round2.json
43ea9c5a6048fbedc3cd751cea55537ad40e9c31de0cd38f46ba859eb7a56c59  ??  artifacts/rust-tauri/R02/final-candidate-a29e5adbb404ad70/A07_A08/s4-migrations-round3.json
f4a7f6b22a1216097b303cef69f31142d52cceba458b3aff136fafddb27c5ac7  ??  artifacts/rust-tauri/R02/final-candidate-a29e5adbb404ad70/A07_A08/service-s1.err
99ea68558e50cb14ca0cae6989c7e5ac2482eb8ea2555ccea792264d15f5be3b  ??  artifacts/rust-tauri/R02/final-candidate-a29e5adbb404ad70/A07_A08/service-s1.out
1c1b2b02a72599fed1123d3907ac09ba9f36ae161022c0d37a995c3860aedec1  ??  artifacts/rust-tauri/R02/final-candidate-a29e5adbb404ad70/A07_A08/service-s1b.err
9eb57e779b26db97094e536df86ec9a51f97a9b3835de287b9ce20cce5f68ca2  ??  artifacts/rust-tauri/R02/final-candidate-a29e5adbb404ad70/A07_A08/service-s1b.out
48bcf8e2aba8df04d81b1aa8eb59a202dcb5f55158ee5aee71a7238ecd9574ed  ??  artifacts/rust-tauri/R02/final-candidate-a29e5adbb404ad70/A07_A08/service-s2.err
04b26eb44c78c6cb967339bbf5685e05486beeec3a3fd363d59037d96374afae  ??  artifacts/rust-tauri/R02/final-candidate-a29e5adbb404ad70/A07_A08/service-s2.out
5c6605bb8c3a61687217c97911b1e56887a56426ffeb1cb6df9abebe8596f36f  ??  artifacts/rust-tauri/R02/final-candidate-a29e5adbb404ad70/A07_A08/service-s2b.err
5953be066caff5a5f9be422daafe7762104d72f25af5bec13231ec5b4c4aac6a  ??  artifacts/rust-tauri/R02/final-candidate-a29e5adbb404ad70/A07_A08/service-s2b.out
b67552878a9ee1c0aa98963ad2de431b63c96255bb494fa31bd2082611f72956  ??  artifacts/rust-tauri/R02/final-candidate-a29e5adbb404ad70/A07_A08/service-s4-1.err
f46287d81ef35d62113fb406313d10ff6c959af1326b19d52b2a63a58b6671ba  ??  artifacts/rust-tauri/R02/final-candidate-a29e5adbb404ad70/A07_A08/service-s4-1.out
18c270ee9fa351cbcb42463de3e1cb5512925a8d0a8e4783e394d262f4027b1e  ??  artifacts/rust-tauri/R02/final-candidate-a29e5adbb404ad70/A07_A08/service-s4-2.err
cb9236e435b5f820c17bcc619fe8a718e5e9adf15fd55da5be2d4433854c8beb  ??  artifacts/rust-tauri/R02/final-candidate-a29e5adbb404ad70/A07_A08/service-s4-2.out
6981d4a3a9d785914fe4b9fac44f3cc2c4d7ccd7a23936718f2dbf6bd3eef430  ??  artifacts/rust-tauri/R02/final-candidate-a29e5adbb404ad70/A07_A08/service-s4-3.err
31c6d965df2691495fec078863bf5f9472e41c7ca11b69e582a0774f1f080898  ??  artifacts/rust-tauri/R02/final-candidate-a29e5adbb404ad70/A07_A08/service-s4-3.out
391a0ff27c6db52577579ebfb20452afb482a1762ff6ea73ef473fccfeb92a26  ??  artifacts/rust-tauri/R02/final-candidate-a29e5adbb404ad70/A07_A08/service.addr
e73da9988fa301d525aa74515936adeb64f9919ae6da1b412f182dcc82f20a0b  ??  artifacts/rust-tauri/R02/final-candidate-a29e5adbb404ad70/A07_A08/service.pid
428da1843bf32dded025934d212acff3fc0fb2e261476d0bf04eee6e2fc47758  ??  artifacts/rust-tauri/R02/final-candidate-a29e5adbb404ad70/A07_A08/summary.txt
1d8128a6c4424a23500987a7b3812565d1bcf198aa79d423d994962b1ced5382  ??  artifacts/rust-tauri/R02/final-candidate-a29e5adbb404ad70/A07_LIVE_FAULT/case.json
f2e373dab444d4eac5276adcaf4e1180e7661425d298621a91e8fe0117243006  ??  artifacts/rust-tauri/R02/final-candidate-a29e5adbb404ad70/A07_LIVE_FAULT/checked.json
70ffeb6f54a833cdee2e5204f5e6eb9bc6f1268cb2b926418aa25567cbbbfc2a  ??  artifacts/rust-tauri/R02/final-candidate-a29e5adbb404ad70/A09_A10/a09-merged-view.json
429be843b3bd95c456744f14403238b83f25b3612933e79e85f3accf7bbadcde  ??  artifacts/rust-tauri/R02/final-candidate-a29e5adbb404ad70/A09_A10/a10-rebuild-diff.json
9ed01e2fe98348f3a68a8509bcd64c6aafd348dc26705a0f0146f873f81f6ed9  ??  artifacts/rust-tauri/R02/final-candidate-a29e5adbb404ad70/A09_A10/key-events-dump.json
6eaab1bbc08a3a106ebb010e8794af6d919168395d2fdb1e4348f3fcebedfc19  ??  artifacts/rust-tauri/R02/final-candidate-a29e5adbb404ad70/A09_A10/matrix.json
a7b628db3f025d3ad68f55c55ea046ef84d849ebac4aafcb11838d9d50cf9b65  ??  artifacts/rust-tauri/R02/final-candidate-a29e5adbb404ad70/A09_A10/probe-matrix.jsonl
3c881776fd02d2f953b97d653c1a3b12d233e51739bd3bf0f0b8e0cb9d271cb7  ??  artifacts/rust-tauri/R02/final-candidate-a29e5adbb404ad70/A09_A10/service.err
d147ac9d53657203884671e9c5b180e0429141e1d90833435780300023b2b27d  ??  artifacts/rust-tauri/R02/final-candidate-a29e5adbb404ad70/A09_A10/service.out
635cb2c785081da8a45b3957bc60146597d29d54754c87264b7d5cbf57250e86  ??  artifacts/rust-tauri/R02/final-candidate-a29e5adbb404ad70/A09_A10/summary.txt
dd63f79ce1a39fdef735dbb9eb292c3f8a45db77c2513d3cc7379e5dbe13749e  ??  artifacts/rust-tauri/R02/final-candidate-a29e5adbb404ad70/A11/backup-restore/s1-backup-dir-listing.txt
dad2081a5bc35430eff6fdf7a6e8fa53562d0ac38e8f2379091f22a32910de67  ??  artifacts/rust-tauri/R02/final-candidate-a29e5adbb404ad70/A11/backup-restore/s1-backup-outcome.json
e3b0c44298fc1c149afbf4c8996fb92427ae41e4649b934ca495991b7852b855  ??  artifacts/rust-tauri/R02/final-candidate-a29e5adbb404ad70/A11/backup-restore/s1-backup.err
8a3f1f861751d7977b645484ce55285a331a841ab1126b221ce1c79eade996d2  ??  artifacts/rust-tauri/R02/final-candidate-a29e5adbb404ad70/A11/backup-restore/s1-restore-outcome.json
e3b0c44298fc1c149afbf4c8996fb92427ae41e4649b934ca495991b7852b855  ??  artifacts/rust-tauri/R02/final-candidate-a29e5adbb404ad70/A11/backup-restore/s1-restore.err
82a3225f68a37a1e37a4fe868846eee64cb4c143f59f082e6779e1cb3f05a4d3  ??  artifacts/rust-tauri/R02/final-candidate-a29e5adbb404ad70/A11/backup-restore/s1-restored-dump.jsonl
c8946e3bcab4f8c6f6605597368b9b3d933f37e4a2d014593ed55bcc95fc76ec  ??  artifacts/rust-tauri/R02/final-candidate-a29e5adbb404ad70/A11/backup-restore/s1-restored-hash.txt
82a3225f68a37a1e37a4fe868846eee64cb4c143f59f082e6779e1cb3f05a4d3  ??  artifacts/rust-tauri/R02/final-candidate-a29e5adbb404ad70/A11/backup-restore/s1-source-dump.jsonl
441be0dadde31054db8e3a4b9fed02951417a3bc8c689287c7a1ed5bf383de51  ??  artifacts/rust-tauri/R02/final-candidate-a29e5adbb404ad70/A11/backup-restore/s1-source-hash.txt
a33b983a109b0133f9756685a3232d7efe9434fb3dbe891aafe57d042af0df68  ??  artifacts/rust-tauri/R02/final-candidate-a29e5adbb404ad70/A11/backup-restore/s1-wal-size.txt
e3b0c44298fc1c149afbf4c8996fb92427ae41e4649b934ca495991b7852b855  ??  artifacts/rust-tauri/R02/final-candidate-a29e5adbb404ad70/A11/backup-restore/s3-backup-out.json
b584a80b051144ad0c42fb2b5fa8f5f4187f5f8e7a2721d31ced5f1cf5e88fc8  ??  artifacts/rust-tauri/R02/final-candidate-a29e5adbb404ad70/A11/backup-restore/s3-backup.err
9b33c4d50a9f7a0434980244454a85ce4288c7323241cf9ff22c50e6b8f8dd85  ??  artifacts/rust-tauri/R02/final-candidate-a29e5adbb404ad70/A11/backup-restore/s4-ws-probe.json
a4c3ed04a95a3da14a9d235c83d868bed7c0f45cf7f3faa751ee8f50598d2211  ??  artifacts/rust-tauri/R02/final-candidate-a29e5adbb404ad70/A11/backup-restore/s4-ws-probe.json.probe-done
af3a7c681f56c5d215628dcde298b807f9a9f7182c768eb54ea97e867e570f23  ??  artifacts/rust-tauri/R02/final-candidate-a29e5adbb404ad70/A11/backup-restore/service-s1.addr
884867b3a91efb9d18debb5f7d0638d768ae30c470bb0fd410ced6b01041c180  ??  artifacts/rust-tauri/R02/final-candidate-a29e5adbb404ad70/A11/backup-restore/service-s1.err
1f08cea6915e0d49845d9bb75dd74de50cb0fa588f98f8bba7479f43b5bab1c1  ??  artifacts/rust-tauri/R02/final-candidate-a29e5adbb404ad70/A11/backup-restore/service-s1.out
19e9b9db4602337f20af7df7e2429aeb3668e66076de81063f88b55ea6435dd1  ??  artifacts/rust-tauri/R02/final-candidate-a29e5adbb404ad70/A11/backup-restore/service-s2.addr
6a75c8272dd1b58f862af66c076c40ca6b748ae8de21941dd2e69a874a7b42ae  ??  artifacts/rust-tauri/R02/final-candidate-a29e5adbb404ad70/A11/backup-restore/service-s2.err
7c1abdd0c49a53bf7bd1ec06065fcdbf0017da1f6a6704252076423714665109  ??  artifacts/rust-tauri/R02/final-candidate-a29e5adbb404ad70/A11/backup-restore/service-s2.out
bb1c77ef46645da9105233b6825e9478905c6289a06f120feff2f57a13013e3d  ??  artifacts/rust-tauri/R02/final-candidate-a29e5adbb404ad70/A11/backup-restore/service-s4.addr
46de67bef8abf8d06d779034add689d260fbd0ddc2b68448a288be7f4597fc65  ??  artifacts/rust-tauri/R02/final-candidate-a29e5adbb404ad70/A11/backup-restore/service-s4.err
6105d3e21d36c36c9f9ac078664881c6cfc18a860d076b56e830aa411a694089  ??  artifacts/rust-tauri/R02/final-candidate-a29e5adbb404ad70/A11/backup-restore/service-s4.out
cd388575cc551499ef7f7f3a7a6bc0b0a5dc26ea6413bfe0f6ac0a9e8b311bc3  ??  artifacts/rust-tauri/R02/final-candidate-a29e5adbb404ad70/A11/backup-restore/service.pid
a760c2c5d731ae6fc73f80c872d2ea93c46a7768f00f28e1c0b53c53ba28763d  ??  artifacts/rust-tauri/R02/final-candidate-a29e5adbb404ad70/A11/backup-restore/summary.txt
aab7971c650f48e7a6674e94247c68b1ee9161259b1a2b54deeb2f8d483c0f5f  ??  artifacts/rust-tauri/R02/final-candidate-a29e5adbb404ad70/A12/recovery-drill/coexist-after.txt
aab7971c650f48e7a6674e94247c68b1ee9161259b1a2b54deeb2f8d483c0f5f  ??  artifacts/rust-tauri/R02/final-candidate-a29e5adbb404ad70/A12/recovery-drill/coexist-before.txt
9cfa1bdda255f5cb455bd6ab652ed38c75e2bc8711ea7496029202d0cde2b073  ??  artifacts/rust-tauri/R02/final-candidate-a29e5adbb404ad70/A12/recovery-drill/own-created-homes.txt
d335ed776dbc2381e8eefdbe1ccab367049869a4c7347ef6a40620ed88f7c09e  ??  artifacts/rust-tauri/R02/final-candidate-a29e5adbb404ad70/A12/recovery-drill/summary.txt
7b2f675d535131e9ee3b95eb996b520af42000b1efea572dc62eff72fd758a84  ??  artifacts/rust-tauri/R02/final-candidate-a29e5adbb404ad70/A12/recovery-drill/v1-hashes-after.txt
7b2f675d535131e9ee3b95eb996b520af42000b1efea572dc62eff72fd758a84  ??  artifacts/rust-tauri/R02/final-candidate-a29e5adbb404ad70/A12/recovery-drill/v1-hashes-before.txt
8f8359ae25f23d50cbf8d80fafcecbe9f6545c3fa10cd8f6e8945ac92692a07b  ??  artifacts/rust-tauri/R02/final-candidate-a29e5adbb404ad70/A12/recovery-drill/v1.err
e3b0c44298fc1c149afbf4c8996fb92427ae41e4649b934ca495991b7852b855  ??  artifacts/rust-tauri/R02/final-candidate-a29e5adbb404ad70/A12/recovery-drill/v1.out
fcb269f1fc43e20619871bab0f6e464d30773313e55b17f725fc62249ab521be  ??  artifacts/rust-tauri/R02/final-candidate-a29e5adbb404ad70/A12/recovery-drill/v2-hashes-after.txt
fcb269f1fc43e20619871bab0f6e464d30773313e55b17f725fc62249ab521be  ??  artifacts/rust-tauri/R02/final-candidate-a29e5adbb404ad70/A12/recovery-drill/v2-hashes-before.txt
b8fa14c734b6724c67f798fbb1505e8076b85a408bc14f56b7cd5c52e1754575  ??  artifacts/rust-tauri/R02/final-candidate-a29e5adbb404ad70/A12/recovery-drill/v2.err
e3b0c44298fc1c149afbf4c8996fb92427ae41e4649b934ca495991b7852b855  ??  artifacts/rust-tauri/R02/final-candidate-a29e5adbb404ad70/A12/recovery-drill/v2.out
a33ffd69acb495d9a221778bb2317e4cef00e4d752d794b9c1267890666ec43d  ??  artifacts/rust-tauri/R02/final-candidate-a29e5adbb404ad70/A12/recovery-drill/v3-hashes-after.txt
a33ffd69acb495d9a221778bb2317e4cef00e4d752d794b9c1267890666ec43d  ??  artifacts/rust-tauri/R02/final-candidate-a29e5adbb404ad70/A12/recovery-drill/v3-hashes-before.txt
9c91e2d35fd0a6690790a30737fd9b8e489085f8e9cd0c80b94a04b07757758b  ??  artifacts/rust-tauri/R02/final-candidate-a29e5adbb404ad70/A12/recovery-drill/v3.err
e3b0c44298fc1c149afbf4c8996fb92427ae41e4649b934ca495991b7852b855  ??  artifacts/rust-tauri/R02/final-candidate-a29e5adbb404ad70/A12/recovery-drill/v3.out
95b0ed1dd25727673c474e8c77d74e153963eb629d3e9cf905e4e7d9172963b5  ??  artifacts/rust-tauri/R02/final-candidate-a29e5adbb404ad70/A12/recovery-drill/v4.err
c1a6e8690762b69345cbccf51190b259d3a5b7e50b26ac9a1a9bc1e436b1b47c  ??  artifacts/rust-tauri/R02/final-candidate-a29e5adbb404ad70/A12/recovery-drill/v4.out
9f5b7c76a6d6f21217e3a4a8508d38b726955e0a504ce9b7fe04a39e7707e486  ??  artifacts/rust-tauri/R02/final-candidate-a29e5adbb404ad70/A12/recovery-drill/v5-hashes-after.txt
9f5b7c76a6d6f21217e3a4a8508d38b726955e0a504ce9b7fe04a39e7707e486  ??  artifacts/rust-tauri/R02/final-candidate-a29e5adbb404ad70/A12/recovery-drill/v5-hashes-before.txt
e3ec772a76aeae97b9f55278d4a4d4ef8b0d29704bb8f05247e036f2de96de8f  ??  artifacts/rust-tauri/R02/final-candidate-a29e5adbb404ad70/A12/recovery-drill/v5.err
e3b0c44298fc1c149afbf4c8996fb92427ae41e4649b934ca495991b7852b855  ??  artifacts/rust-tauri/R02/final-candidate-a29e5adbb404ad70/A12/recovery-drill/v5.out
4fa50226a4f7b77e5c23c17720ee77ab6e0190911ff4ca3e1aa2141c50d1588e  ??  artifacts/rust-tauri/R02/final-candidate-a29e5adbb404ad70/A12/recovery-drill/v6-recovered-dump.jsonl
27badc983df1780b60c2b3fa9d3a19a00e46aac798451f0febdca52920faaddf  ??  artifacts/rust-tauri/R02/final-candidate-a29e5adbb404ad70/A12/recovery-drill/v6-seed-execute.txt
b04e7a1757ccd82672c53de31ccbe0be04f5254b76110fcf31b058f6e7a6f141  ??  artifacts/rust-tauri/R02/final-candidate-a29e5adbb404ad70/A12/recovery-drill/v6-seed.err
c06dd526ffd9ea3ca0b9ade5949d93d46f507e52ac38f7c6766e7194fece14f6  ??  artifacts/rust-tauri/R02/final-candidate-a29e5adbb404ad70/A12/recovery-drill/v6-seed.out
9258b20ea52cf9a5fa8c75405712f647aea6535aefe004d80497f761bb9b3a62  ??  artifacts/rust-tauri/R02/final-candidate-a29e5adbb404ad70/A12/recovery-drill/v6.err
3860a1be7901716780dbeed6cdb9d947af8e6cb23550a3dca78fc984356129d6  ??  artifacts/rust-tauri/R02/final-candidate-a29e5adbb404ad70/A12/recovery-drill/v6.out
2b68dcb6a49442306ee00fa53f6d41983c1f217926bfea4c0bcc5e35658ee0fa  ??  artifacts/rust-tauri/R02/final-candidate-a29e5adbb404ad70/A12/recovery-drill/v7-hashes-after.txt
2b68dcb6a49442306ee00fa53f6d41983c1f217926bfea4c0bcc5e35658ee0fa  ??  artifacts/rust-tauri/R02/final-candidate-a29e5adbb404ad70/A12/recovery-drill/v7-hashes-before.txt
44e8d7f64e63722e863579183c2413254bfac2a8f745385ce75d487e4d3a430c  ??  artifacts/rust-tauri/R02/final-candidate-a29e5adbb404ad70/A12/recovery-drill/v7-seed.err
4300cac5167a7295d0a101c9209ebbc0bd28a153e5d473078b88ab885319c34f  ??  artifacts/rust-tauri/R02/final-candidate-a29e5adbb404ad70/A12/recovery-drill/v7-seed.out
777b2e231434d776b4cdfec3c961f37b5959f43448055ef3efdd136238d9e157  ??  artifacts/rust-tauri/R02/final-candidate-a29e5adbb404ad70/A12/recovery-drill/v7.err
e3b0c44298fc1c149afbf4c8996fb92427ae41e4649b934ca495991b7852b855  ??  artifacts/rust-tauri/R02/final-candidate-a29e5adbb404ad70/A12/recovery-drill/v7.out
36304beee5a3982b0c447a05e2190b34a2bdd0d337ddf99e912b074af76b07c9  ??  artifacts/rust-tauri/R02/final-candidate-a29e5adbb404ad70/A12/recovery-drill/v8-observed.err
c2541ef439fc5f15fca088ebbd45e301ba7fbb97e88afa79bfe24d926f4c8543  ??  artifacts/rust-tauri/R02/final-candidate-a29e5adbb404ad70/A12/recovery-drill/v8-seed.err
74ebd15ec63ae4a656ed7359497017cf3db64199d8ee45422f2015aac8da3e0f  ??  artifacts/rust-tauri/R02/final-candidate-a29e5adbb404ad70/A12/recovery-drill/v8-seed.out
36304beee5a3982b0c447a05e2190b34a2bdd0d337ddf99e912b074af76b07c9  ??  artifacts/rust-tauri/R02/final-candidate-a29e5adbb404ad70/A12/recovery-drill/v8.err
fb7752115805b76c169472a59524288ef67d7d1c0b6d4b6e367bb406d3333cd0  ??  artifacts/rust-tauri/R02/final-candidate-a29e5adbb404ad70/A12/recovery-drill/v8.out
82018d1f5d81610797f40422e3c457196c91b15c1e4fef4d2e5daedc5cd57381  ??  artifacts/rust-tauri/R02/final-candidate-a29e5adbb404ad70/A13/redaction-scan/inventory.txt
aef13a3f1f1c6dc5f6174786814590b17b2751af5fde7d6f9303530412ee3ff4  ??  artifacts/rust-tauri/R02/final-candidate-a29e5adbb404ad70/A13/redaction-scan/p1-execute-ok.body
24d387c5692efabe0fbac5ffe88a1e835838db4e5df1528f41523f937308dcb1  ??  artifacts/rust-tauri/R02/final-candidate-a29e5adbb404ad70/A13/redaction-scan/p1-execute-ok.headers
4e38ffcd373cb9faac3bd1881d675776a089520fc94d443b306bced20e040e27  ??  artifacts/rust-tauri/R02/final-candidate-a29e5adbb404ad70/A13/redaction-scan/p1-execute-request.json
5acb491299adaa4dcc535c21021796f108ec59a89a841240fab64634c11c2d69  ??  artifacts/rust-tauri/R02/final-candidate-a29e5adbb404ad70/A13/redaction-scan/p1-issue-credential.body
480c43f62d26a7d1f96f198d3b9ed6ed22c1e4baa89b2bd3e690d43ec5c8ff28  ??  artifacts/rust-tauri/R02/final-candidate-a29e5adbb404ad70/A13/redaction-scan/p1-issue-credential.headers
e4f7d15ff214194f7c5c24e9a2d1c020776147eba88dd3ecea2e456a7c234da3  ??  artifacts/rust-tauri/R02/final-candidate-a29e5adbb404ad70/A13/redaction-scan/p1-issue-request.json
2d2c01779648bac2c50a752770fde35113b5455dfa439d06845d25e61b1c2d10  ??  artifacts/rust-tauri/R02/final-candidate-a29e5adbb404ad70/A13/redaction-scan/p1-me-ok.body
b72ac91f4c5f9e9b57bce30c88abc05dd66337910229f788181eb105420961d8  ??  artifacts/rust-tauri/R02/final-candidate-a29e5adbb404ad70/A13/redaction-scan/p1-me-ok.headers
44136fa355b3678a1146ad16f7e8649e94fb4fc21fe77e8310c060f61caaff8a  ??  artifacts/rust-tauri/R02/final-candidate-a29e5adbb404ad70/A13/redaction-scan/p1-ticket-request.json
4fd365f6f72a6892bc9e12566258f5e103a064b2d0949cf372575d76f19fa369  ??  artifacts/rust-tauri/R02/final-candidate-a29e5adbb404ad70/A13/redaction-scan/p1-ticket.body
c109565737046fc634c6630dd66abc490d870f1b69774705fd67441e8e0c089e  ??  artifacts/rust-tauri/R02/final-candidate-a29e5adbb404ad70/A13/redaction-scan/p1-ticket.headers
e66824d6436ac29fb14bea40cb0db3d01571dab9b92a8e8c3611299b7983b51d  ??  artifacts/rust-tauri/R02/final-candidate-a29e5adbb404ad70/A13/redaction-scan/p2-me-bad-bearer.body
b311547cc75d4419de09ae19ac9d7442463ac214ee4b8a2b851f616e19f0bbec  ??  artifacts/rust-tauri/R02/final-candidate-a29e5adbb404ad70/A13/redaction-scan/p2-me-bad-bearer.headers
5460a787de94ad2ca90620cb2425cfb05b66c77f05677030a3c3fa7d099af7d2  ??  artifacts/rust-tauri/R02/final-candidate-a29e5adbb404ad70/A13/redaction-scan/p2-me-no-auth.body
b311547cc75d4419de09ae19ac9d7442463ac214ee4b8a2b851f616e19f0bbec  ??  artifacts/rust-tauri/R02/final-candidate-a29e5adbb404ad70/A13/redaction-scan/p2-me-no-auth.headers
e672d93dd4bc3389e72658dc1aa823af75603eca3b320596fe42e3150f64f243  ??  artifacts/rust-tauri/R02/final-candidate-a29e5adbb404ad70/A13/redaction-scan/p2-session-cross.body
9bf39faac2db0656488003380a2dbbed9124ff6bab5dc097d85bb48d0dbead8a  ??  artifacts/rust-tauri/R02/final-candidate-a29e5adbb404ad70/A13/redaction-scan/p2-session-cross.headers
94eade214bee93961468c0f4f2e127a299f5a207a322bd63cfdf6e1b6c9c6be8  ??  artifacts/rust-tauri/R02/final-candidate-a29e5adbb404ad70/A13/redaction-scan/p2-session-missing.body
adc4b8afd060ea5427dbb0d366895280b08e0d3a5a64eda69f16d5a8ee84eaab  ??  artifacts/rust-tauri/R02/final-candidate-a29e5adbb404ad70/A13/redaction-scan/p2-session-missing.headers
f06091cc1888183d424a6bc96ab026bb1cc87c33c1ad19941ba2bad48ee99d4f  ??  artifacts/rust-tauri/R02/final-candidate-a29e5adbb404ad70/A13/redaction-scan/p2-ws-bad-query.body
b311547cc75d4419de09ae19ac9d7442463ac214ee4b8a2b851f616e19f0bbec  ??  artifacts/rust-tauri/R02/final-candidate-a29e5adbb404ad70/A13/redaction-scan/p2-ws-bad-query.headers
bc5c798c8846facd87a34da03c3888687355cd3b64ccd008907c9fea00a535ae  ??  artifacts/rust-tauri/R02/final-candidate-a29e5adbb404ad70/A13/redaction-scan/p2-ws-transcript.txt
37a81e56d3157e9a2c0e04902e545c4caf345d4e5ea4061698853106b409dad7  ??  artifacts/rust-tauri/R02/final-candidate-a29e5adbb404ad70/A13/redaction-scan/p3-burst-1.body
5ee7af0d083506b729732a941b20d161bfa67f1baf66d9c433f56cc1c2508e2f  ??  artifacts/rust-tauri/R02/final-candidate-a29e5adbb404ad70/A13/redaction-scan/p3-burst-2.body
1d3133b66056b553b6d040e1805fca7047f4242f779bc84eeca75f813336f69d  ??  artifacts/rust-tauri/R02/final-candidate-a29e5adbb404ad70/A13/redaction-scan/p3-burst-3.body
414f51a8efe4720a8d7c52c15a7449e5589ded2a1a2cab9a7d2ce12d559556de  ??  artifacts/rust-tauri/R02/final-candidate-a29e5adbb404ad70/A13/redaction-scan/p3-burst-4.body
247973dd743ee66c9db9b7dfc2275775145d1b1bffb4c9f2203fa8b7261fcb12  ??  artifacts/rust-tauri/R02/final-candidate-a29e5adbb404ad70/A13/redaction-scan/p3-burst-5.body
f7601f2e3dd3a4b6f7f6ef1101c2b2ca0f25e78a41ad7b7422f421f27500db75  ??  artifacts/rust-tauri/R02/final-candidate-a29e5adbb404ad70/A13/redaction-scan/p3-burst-6.body
123223b41f24b5c95c1acfdb73f457d20a5e1a2d5c0670bf952e574af2eefa06  ??  artifacts/rust-tauri/R02/final-candidate-a29e5adbb404ad70/A13/redaction-scan/p3-burst-7.body
d19142f6bba25be4d0c033b2a36d03118aedc7c83857a3fdd44a062866325a83  ??  artifacts/rust-tauri/R02/final-candidate-a29e5adbb404ad70/A13/redaction-scan/p3-burst-8.body
e89d50f95150fa2e9458cb0c5d045ab66124116f16d839c55b21a703190fe91d  ??  artifacts/rust-tauri/R02/final-candidate-a29e5adbb404ad70/A13/redaction-scan/p3-execute-request.json
8d375e7ca67835f2434cdbe258e275afca0691f079b5f7d2a813efb4aad30661  ??  artifacts/rust-tauri/R02/final-candidate-a29e5adbb404ad70/A13/redaction-scan/p3-status-codes.txt
dd92c49813c8fc0fdab90662da88715df8a6b8e8860086309a3e9913104a6db4  ??  artifacts/rust-tauri/R02/final-candidate-a29e5adbb404ad70/A13/redaction-scan/service-logs/retention-manifest.txt
ac98a5cb85e130c587538d32fbf3896918c8397abccc6743eef1e965633cb529  ??  artifacts/rust-tauri/R02/final-candidate-a29e5adbb404ad70/A13/redaction-scan/service-p1.addr
3d202863f137b4bb775757db2c14065f326c103f4ceff8d76a450ec6a073e979  ??  artifacts/rust-tauri/R02/final-candidate-a29e5adbb404ad70/A13/redaction-scan/service-p1.err
294f5cd08a05ad11f04ea86a9e3566be6e5aa675409f900357a638aabac86770  ??  artifacts/rust-tauri/R02/final-candidate-a29e5adbb404ad70/A13/redaction-scan/service-p1.out
e9fe3b25030d4fbf42e6e942d23fa1f0523ef5991b4ba5d128acf9c75870a55c  ??  artifacts/rust-tauri/R02/final-candidate-a29e5adbb404ad70/A13/redaction-scan/service-p3.addr
46391367dfb694de04ce9cbc1dbb8eabb31b0ce5f882fe7af628831b571b0043  ??  artifacts/rust-tauri/R02/final-candidate-a29e5adbb404ad70/A13/redaction-scan/service-p3.err
341f5aaed017482932123e2341d25ce5444b27fc87ed0efdca953ce6200b35ce  ??  artifacts/rust-tauri/R02/final-candidate-a29e5adbb404ad70/A13/redaction-scan/service-p3.out
41cdee22d89cdeaf02546a7105a1abf7f2d5cba79847003bd9381209c68168a7  ??  artifacts/rust-tauri/R02/final-candidate-a29e5adbb404ad70/A13/redaction-scan/service-p4.err
e3b0c44298fc1c149afbf4c8996fb92427ae41e4649b934ca495991b7852b855  ??  artifacts/rust-tauri/R02/final-candidate-a29e5adbb404ad70/A13/redaction-scan/service-p4.out
3a5a43eed94b6c4b83ccd8787deb97376cd67dddd3c32c25ef2adca4fa6e8c28  ??  artifacts/rust-tauri/R02/final-candidate-a29e5adbb404ad70/A13/redaction-scan/summary.txt
2f4ed0ea030e5f08821ae644f75548a085144ccaedee7353bfcf692c44c63be0  ??  artifacts/rust-tauri/R02/final-candidate-a29e5adbb404ad70/A14/slow-subscriber/detach-lines.txt
c5c8abdd54b7cdf1caaa13a8b25d7668a3041f1143e480b52d5ff63549f4e8f5  ??  artifacts/rust-tauri/R02/final-candidate-a29e5adbb404ad70/A14/slow-subscriber/rss-samples.csv
4752d774ede4783972fdd923e80b3017839c9bceac06224a74b2cc0f2a03c062  ??  artifacts/rust-tauri/R02/final-candidate-a29e5adbb404ad70/A14/slow-subscriber/service.err
c08f5a406cff0ba4daa7009dfbc39c877e7d605b1b72a6416f089f50f9184058  ??  artifacts/rust-tauri/R02/final-candidate-a29e5adbb404ad70/A14/slow-subscriber/service.out
ce6d6fb89a3dd90d281f947e9ff0e4de88ee79e7ac1d694dff69088d879ee4bf  ??  artifacts/rust-tauri/R02/final-candidate-a29e5adbb404ad70/A14/slow-subscriber/storm-results.json
96e3337926692ce0950e4fbdf7c2a4a2c2c58d649e04ab71f2e6b217e7665a09  ??  artifacts/rust-tauri/R02/final-candidate-a29e5adbb404ad70/A14/slow-subscriber/summary.txt
d0e6a3d8003fd97a6373a87894b66e3063c8652a8b264a6b9d3535117278bb89  ??  artifacts/rust-tauri/R02/final-candidate-a29e5adbb404ad70/A15/full-chain/pre-restart-head.json
e3b0c44298fc1c149afbf4c8996fb92427ae41e4649b934ca495991b7852b855  ??  artifacts/rust-tauri/R02/final-candidate-a29e5adbb404ad70/A15/full-chain/probe1.err
7fee1acbfcfc02e9724f08ed33daa12ace75cf4b5508f36aa9a6cf9834428346  ??  artifacts/rust-tauri/R02/final-candidate-a29e5adbb404ad70/A15/full-chain/probe1.pass-lines
e3b0c44298fc1c149afbf4c8996fb92427ae41e4649b934ca495991b7852b855  ??  artifacts/rust-tauri/R02/final-candidate-a29e5adbb404ad70/A15/full-chain/probe2.err
28a411dc95be7e6596d2954fdbecf8eb034d9f8dc1248ab1d111c07c1c218b89  ??  artifacts/rust-tauri/R02/final-candidate-a29e5adbb404ad70/A15/full-chain/probe2.pass-lines
8ce501d1b1c025127355b45d6c5fe8a9463d90f6fe5229db33c01f3ddcb199c1  ??  artifacts/rust-tauri/R02/final-candidate-a29e5adbb404ad70/A15/full-chain/service1.err
024e13e2dbe4351d7ea89a814e41a9b85a4fc9f292a9d077b98fd7eb82fa4037  ??  artifacts/rust-tauri/R02/final-candidate-a29e5adbb404ad70/A15/full-chain/service1.out
8c3b1591c09dad2977015d2c69dd9a96146d6384cde5d8b20cb5ac12bcad291c  ??  artifacts/rust-tauri/R02/final-candidate-a29e5adbb404ad70/A15/full-chain/service2.err
be229e93f7c3fcacd80179d7d8378d198e6d7cb72a0e851b4ec664c63057ec1a  ??  artifacts/rust-tauri/R02/final-candidate-a29e5adbb404ad70/A15/full-chain/service2.out
4067e40662825846f5634e925a7a163a1641592a952bb73bf6e59d00bf530013  ??  artifacts/rust-tauri/R02/final-candidate-a29e5adbb404ad70/A15/full-chain/summary.txt
e61465775028faeb6fcf3a0db082944156ed7b2f3a8dbbf9ea6ed2c3a275b000   M  build/cli-runtime-closure.json
9bf4d3a8143603ebf882e280c97f6a5359d7e3580765e7a516fa737e593ea753   M  build/persistence-schema-fingerprint.json
ede74c82e327b85b4f012487b14c0a8d8b900d14be13e2d8bb8b9dc76fcd9e81   M  desktop/src/react/settings/SettingsContent.tsx
a9ae48cd6a9641c524924d7886ca159ace5d2e929bf1cda0fea63bd61023c646   M  docs/rust-tauri/R01/API_COMPAT_MATRIX.json
52c7826160c696670104f956486079e8370c79897fee35876b6a00092f6926aa   M  export-manifest.json
6ef942ef560ed6247cdc3eaf39f2cbcfa9a121c053aec916d4d46d111acd73ae   M  rust/crates/lingxi-service/tests/auth_matrix.rs
b5ddd16acdcfcc0b78bbb9c63db9541291fb81b7dac94eb1a3731418f936eb1b   M  rust/crates/xtask/src/stage_map.rs
c2781009285dd989a5ee9cd092a95b2f6d0de615f84a46edbf7de628915bd1c2   M  rust/crates/xtask/src/stage_maps/R02.json
e03fa175c9db48e207495e114ff2663714c02e9e9827b869f2c5596c80579ead   M  rust/crates/xtask/src/verify.rs
fc72ad974b5748731d425472a1956e34eef1e3e340226d0d4865480e748c70a0   M  rust/crates/xtask/src/verify/runner_tests.rs
4caaa72f6f9768d886662e29f5827ea8808e4f54bfb02ec45584eae3dea7e685   M  scripts/compute-cli-closure.mjs
d81403859df83d6a1193858614c0d4ef8eafd56f79a6986a39918ddb98852bd9   M  scripts/rust-tauri/r02_t03_auth_matrix.sh
b205d8fc0de09d3cf3c8c301ad7d5dd354d06cefb4995d01b8af466dc2b3545e   M  scripts/rust-tauri/r02_t08_full_chain_probe.py
f3b15a5910cb94225ea83587fd900c1d16187cdff04054ca6b5721cf52749ad2   M  scripts/rust-tauri/r02_t08_full_chain_smoke.sh
3e9b3a5371c0026e37594a9da9f2b2e04ea81de89f8a73a4295c965478bfb5b4   M  scripts/rust-tauri/r02_t08_legacy_entry_regression.sh
c4649d201be86cbd0a49556da3e21c28e9dbefb71c68f7496fda842c4f667fb0  RM  tests/desktop-rust-local-service.test.mjs
375fcca6cfbfa2d7f8faee60acf62f4f00f22bcf665bc6495d7f371d050eb9fd   M  tests/server-startup-diagnostics-contract.test.ts
