# binding-exclusion: artifacts/rust-tauri/R05/RR3/F54-CLOSEOUT-01/verify-R04/R03_REGRESSION/R02/A16/legacy-entry/** — this run's run-time output root (runner output, never candidate source); applied symmetrically to BOTH the main-repo binding and the candidate-copy binding (E0 mirror compare)
# binding-exclusion: artifacts/rust-tauri/R05/RR3/F54-CLOSEOUT-01/verify-R04/R03_REGRESSION/r02_legacy_regression/** — this run's run-time output root (runner output, never candidate source); applied symmetrically to BOTH the main-repo binding and the candidate-copy binding (E0 mirror compare)
# binding-exclusion: artifacts/rust-tauri/R05/RR3/F54-CLOSEOUT-01/verify-R04/r03_regression_gate/** — this run's run-time output root (runner output, never candidate source); applied symmetrically to BOTH the main-repo binding and the candidate-copy binding (E0 mirror compare)
9692ca95b6435987246519eaf60ca54fd799ace730d3688fa1e4a25a380df7ab  ??  artifacts/rust-tauri/R05/RR3/F54-CLOSEOUT-01/F54_FIX_REPORT.md
f76684f6cebbfb3e3ee44ef08b1b6b46d294bac7172784d0ad4896f46f292d57  ??  artifacts/rust-tauri/R05/RR3/F54-CLOSEOUT-01/F54_NEGATIVE_CHECKS.md
6f4ab60dc2c26ae4a38d5d7eaf6bb932af3aaf417b500c21b15b94fb74c4c7c5  ??  artifacts/rust-tauri/R05/RR3/F54-CLOSEOUT-01/F54_SEMANTIC_AUDIT.json
a2b949f74d37ca3350e595861d88f91099f394239ebc2467c05e4bc6a644e975  ??  artifacts/rust-tauri/R05/RR3/F54-CLOSEOUT-01/verify-R04/R03_REGRESSION/A15/build.log
f5b0981175fe9bd307c7bb4e8dcb8490cfa58585d62d9c3e2f7eb03e4e875e54  ??  artifacts/rust-tauri/R05/RR3/F54-CLOSEOUT-01/verify-R04/R03_REGRESSION/A15/cases/background-run-completes-decoupled.json
fda5f46e011354371ff149d97818d48d3b78dca205e17e8a7b39dba1cb4013e6  ??  artifacts/rust-tauri/R05/RR3/F54-CLOSEOUT-01/verify-R04/R03_REGRESSION/A15/cases/background-survives-unrelated-cancel.json
92eebd1162583e5ed42a8e61a80b5c84e94753ed6562c35c930ebb65f6e23f01  ??  artifacts/rust-tauri/R05/RR3/F54-CLOSEOUT-01/verify-R04/R03_REGRESSION/A15/cases/cancel-live-run-accepted-terminal-cancelled.json
edc380e78d3b8f95b51f12c2bbfcb702760327da3f20bd6c9f456b5c7e0934de  ??  artifacts/rust-tauri/R05/RR3/F54-CLOSEOUT-01/verify-R04/R03_REGRESSION/A15/cases/cancel-terminal-run-already-terminal.json
e320e539d701e4f285fcff1a42629b28016fa5f103e77fccb5c1ddf921155742  ??  artifacts/rust-tauri/R05/RR3/F54-CLOSEOUT-01/verify-R04/R03_REGRESSION/A15/cases/cancel-unknown-run-not-found.json
a513a19cd5ca9bc857d2e01c9be7ec61e3e5677e7d1948db618b31fb7aba127a  ??  artifacts/rust-tauri/R05/RR3/F54-CLOSEOUT-01/verify-R04/R03_REGRESSION/A15/cases/cancel-waiting-approval-cancels-cleanly.json
602b436fbd1f0de778ca086853030197fe28a3fde1a5f694ebea64e4f8779c8a  ??  artifacts/rust-tauri/R05/RR3/F54-CLOSEOUT-01/verify-R04/R03_REGRESSION/A15/cases/combo-cancel-stream-terminal-cancelled.json
b24ff9cdbb08092492dd68815bdf3c4a6f38c8e2a42cd79c30abbfcacdfef745  ??  artifacts/rust-tauri/R05/RR3/F54-CLOSEOUT-01/verify-R04/R03_REGRESSION/A15/cases/combo-crash-recovery-honest-interrupted.json
d9e8dea9429b0f0c9fc86be7f31dcd96b4b227e1174dcdea6d1f00b177ec2987  ??  artifacts/rust-tauri/R05/RR3/F54-CLOSEOUT-01/verify-R04/R03_REGRESSION/A15/cases/combo-cross-session-both-complete.json
106bebd1aa293f120bb83f22b33de1e19ae817a4963587e2ee17be8731293349  ??  artifacts/rust-tauri/R05/RR3/F54-CLOSEOUT-01/verify-R04/R03_REGRESSION/A15/cases/combo-duplicate-conflict-rejected.json
eafb37ffcb4d76d45d58a64d80d9ef413064c1f979d64ba1cc2e609d147963fc  ??  artifacts/rust-tauri/R05/RR3/F54-CLOSEOUT-01/verify-R04/R03_REGRESSION/A15/cases/combo-duplicate-replay-no-second-run.json
346e6cb6ae16f125e4bbfdbf24d2bbcf63c92fa9642b2676fa06a78bfa1e8fdb  ??  artifacts/rust-tauri/R05/RR3/F54-CLOSEOUT-01/verify-R04/R03_REGRESSION/A15/cases/combo-events-subscriber-saw-terminal.json
97a0c8f8404d1c042f8f7efd240d5d5f5446103b21bcccf9c5c90461b6082043  ??  artifacts/rust-tauri/R05/RR3/F54-CLOSEOUT-01/verify-R04/R03_REGRESSION/A15/cases/combo-multi-tool-three-calls.json
aa936466e694a90f4087b7ae928f7c9b96ae1450073774fcb29d177dfa59c7b6  ??  artifacts/rust-tauri/R05/RR3/F54-CLOSEOUT-01/verify-R04/R03_REGRESSION/A15/cases/combo-multi-turn-one-terminal.json
f7bdd9e301d37d6a062e13225cfc84d7e96c1f88cd75d34e300ab00dd0fad0a0  ??  artifacts/rust-tauri/R05/RR3/F54-CLOSEOUT-01/verify-R04/R03_REGRESSION/A15/cases/combo-normal-run-completed.json
51d8bd26cb2f29bee74097b5ef9a36e3389a56a1c7127e86fa36d75a8106659e  ??  artifacts/rust-tauri/R05/RR3/F54-CLOSEOUT-01/verify-R04/R03_REGRESSION/A15/cases/combo-out-of-order-late-result-fenced.json
e18f1fcb5cc4af47da6184707fb88e0c0ed656f1fafffe8020a3001c9826c931  ??  artifacts/rust-tauri/R05/RR3/F54-CLOSEOUT-01/verify-R04/R03_REGRESSION/A15/cases/combo-timeout-budget-loud-failure.json
ccbc0f5c630f404851ca1c561fd5c73421ba9b217ceeff29973b263f05e30888  ??  artifacts/rust-tauri/R05/RR3/F54-CLOSEOUT-01/verify-R04/R03_REGRESSION/A15/cases/parent-cancel-stops-child-run.json
d72d7e1151ea38a4eeb9ad435aa66dc376039e41ff714f9f550e1f2c8934585a  ??  artifacts/rust-tauri/R05/RR3/F54-CLOSEOUT-01/verify-R04/R03_REGRESSION/A15/cases/reconnect-resume-no-model-restart.json
5d89ed42d309bfcfd13956b901f209eb432200e88c2ae1eea74d6eaffe625b2a  ??  artifacts/rust-tauri/R05/RR3/F54-CLOSEOUT-01/verify-R04/R03_REGRESSION/A15/cases/steer-busy-accepted.json
360ccd0c00f5114974f5f2967860d1c339a2e2baa808a2f5dca49f334fe0d386  ??  artifacts/rust-tauri/R05/RR3/F54-CLOSEOUT-01/verify-R04/R03_REGRESSION/A15/cases/steer-idle-miss.json
d00e58227225a313e612b18019d7f95a07382b0426ab7fbeb39bc4b05b740cc5  ??  artifacts/rust-tauri/R05/RR3/F54-CLOSEOUT-01/verify-R04/R03_REGRESSION/A15/cases/steer-text-drained-into-model-input.json
1d91fbec57470aebfedf338d49c5109fdd0216e02d720737ed53335eb06ae4c8  ??  artifacts/rust-tauri/R05/RR3/F54-CLOSEOUT-01/verify-R04/R03_REGRESSION/A15/cases/subagent-child-cancel-stops-child-only.json
25c6b5b26b72b0a4408db94f4f0e40b77faa84d32ccfeaffaf04e29fb20c07c9  ??  artifacts/rust-tauri/R05/RR3/F54-CLOSEOUT-01/verify-R04/R03_REGRESSION/A15/cases/subagent-close-thread-closed-status.json
c8d7de61de38e7dfa38ea3376602da5c50882e6d6238c3a1ff61b6ac7df04418  ??  artifacts/rust-tauri/R05/RR3/F54-CLOSEOUT-01/verify-R04/R03_REGRESSION/A15/cases/subagent-dispatch-child-lineage-recorded.json
dce5bbb9b54961ee64c8634f90f4f2600975918f6a2590b57b7b28dd425016bd  ??  artifacts/rust-tauri/R05/RR3/F54-CLOSEOUT-01/verify-R04/R03_REGRESSION/A15/cases/subagent-escalation-write-denied-zero-children.json
dcd19d358a8a5e560042eee304f1f5460d1c79ba1a64d611fb1007b830562010  ??  artifacts/rust-tauri/R05/RR3/F54-CLOSEOUT-01/verify-R04/R03_REGRESSION/A15/cases/subagent-policy-proactive-delegation-default-off.json
ffef3903ae224f661b415622ed9c76da5e265c01a9c15b867f429c1f6d10ef15  ??  artifacts/rust-tauri/R05/RR3/F54-CLOSEOUT-01/verify-R04/R03_REGRESSION/A15/cases/subagent-reply-continues-thread.json
d097c60f1416e1febc17bd0959b1c9252ca9be86b6a1e982d42d9240a38b107e  ??  artifacts/rust-tauri/R05/RR3/F54-CLOSEOUT-01/verify-R04/R03_REGRESSION/A15/combo-counts.json
4c56fd82542a56017ef5e59d3b0c9752ede52032f31f31c24c2de458153ad296  ??  artifacts/rust-tauri/R05/RR3/F54-CLOSEOUT-01/verify-R04/R03_REGRESSION/A15/combos/cancel-approval-wait.json
f861ce9b1dbe64f781134bae916b9c8f2503f4ad8572e98bfc18d180a4e35e33  ??  artifacts/rust-tauri/R05/RR3/F54-CLOSEOUT-01/verify-R04/R03_REGRESSION/A15/combos/cancel-stream-read.json
76b74d822e65d068718af971eb29865cc4891a50d128a35b0bc955cc3b6b65a2  ??  artifacts/rust-tauri/R05/RR3/F54-CLOSEOUT-01/verify-R04/R03_REGRESSION/A15/combos/crash-recovery.json
ef5545b54a472c39f9b09d995f9ba2e3671618a56d4de3eb7fe4fad24d81f22b  ??  artifacts/rust-tauri/R05/RR3/F54-CLOSEOUT-01/verify-R04/R03_REGRESSION/A15/combos/cross-session-parallel.json
7f7fd9a6f050ba6811d5b1d7313d11473f92089a4ec0fd2335779e99b59cdaa1  ??  artifacts/rust-tauri/R05/RR3/F54-CLOSEOUT-01/verify-R04/R03_REGRESSION/A15/combos/duplicate-submission.json
fc9b468ae0f2bd2cfff1a3ead3ba02756e59e73dc0c0a0ebb5142456d1ae38a8  ??  artifacts/rust-tauri/R05/RR3/F54-CLOSEOUT-01/verify-R04/R03_REGRESSION/A15/combos/leaf-parent-cancel.json
a59635405b3569b1c0c950cb282ecf3749923b36c6b1b5e4d3d21fc3f4458102  ??  artifacts/rust-tauri/R05/RR3/F54-CLOSEOUT-01/verify-R04/R03_REGRESSION/A15/combos/leaf-steer.json
fd60e4ca043c4073ddf838b3f0fe918436ede45ff7765efc8f1cad42821186f4  ??  artifacts/rust-tauri/R05/RR3/F54-CLOSEOUT-01/verify-R04/R03_REGRESSION/A15/combos/multi-tool.json
075cad25ce0207f3b49138b8d415d0db78da1005207b2f64d282b478bffa44ae  ??  artifacts/rust-tauri/R05/RR3/F54-CLOSEOUT-01/verify-R04/R03_REGRESSION/A15/combos/multi-turn-model.json
f94832aef81d68346dd1b25b1ad7312d6bc141a69a616a218b640aa170fbebcb  ??  artifacts/rust-tauri/R05/RR3/F54-CLOSEOUT-01/verify-R04/R03_REGRESSION/A15/combos/normal.json
44f5b48c4f288ee214f7053e16857997f1fb66a6be241466141301a16c6872e7  ??  artifacts/rust-tauri/R05/RR3/F54-CLOSEOUT-01/verify-R04/R03_REGRESSION/A15/combos/timeout-budget.json
ce073b9425f1909a75748f9b83def3e4c5485e5c03a21460f4d0f3b587a7329d  ??  artifacts/rust-tauri/R05/RR3/F54-CLOSEOUT-01/verify-R04/R03_REGRESSION/A15/integration.log
505ecfbac3942739846be3a188cabea9d26c9641628253767c5457bdff2ab44f  ??  artifacts/rust-tauri/R05/RR3/F54-CLOSEOUT-01/verify-R04/R03_REGRESSION/A15/leaf-cases.json
bdaad3ebf5ff0689f1652a4b7c24716f5b0138db8876d8941ceb6bbe390650fa  ??  artifacts/rust-tauri/R05/RR3/F54-CLOSEOUT-01/verify-R04/R03_REGRESSION/A15/summary.txt
d7215d58e9d62207eb5319b951713c2639fabe60440ea37b8cdf2251e8bb2732  ??  artifacts/rust-tauri/R05/RR3/F54-CLOSEOUT-01/verify-R04/R03_REGRESSION/R02/A05_A06/.last-body
1319bbe558a1a9043433da92529bc8c24d2b6fbcabc962836a938e946e273399  ??  artifacts/rust-tauri/R05/RR3/F54-CLOSEOUT-01/verify-R04/R03_REGRESSION/R02/A05_A06/body-limit.txt
299f16a2c523be18fef769975d2df00e0505521db047540feea3a74b94666887  ??  artifacts/rust-tauri/R05/RR3/F54-CLOSEOUT-01/verify-R04/R03_REGRESSION/R02/A05_A06/build.log
e3b0c44298fc1c149afbf4c8996fb92427ae41e4649b934ca495991b7852b855  ??  artifacts/rust-tauri/R05/RR3/F54-CLOSEOUT-01/verify-R04/R03_REGRESSION/R02/A05_A06/cli-sessions-foreign.stderr.log
43b76f6b57634154858e241c52d87fbf0caa8af50a868aeeb6ee8a4728616da4  ??  artifacts/rust-tauri/R05/RR3/F54-CLOSEOUT-01/verify-R04/R03_REGRESSION/R02/A05_A06/cli-sessions-foreign.stdout.log
c0c19dff508a998f0c6e1fbf2643c2d78647cd6495bc53c57d2566877a3abc0b  ??  artifacts/rust-tauri/R05/RR3/F54-CLOSEOUT-01/verify-R04/R03_REGRESSION/R02/A05_A06/cli-sessions-limit-case.json
e3b0c44298fc1c149afbf4c8996fb92427ae41e4649b934ca495991b7852b855  ??  artifacts/rust-tauri/R05/RR3/F54-CLOSEOUT-01/verify-R04/R03_REGRESSION/R02/A05_A06/cli-sessions-limit.stderr.log
e3b0c44298fc1c149afbf4c8996fb92427ae41e4649b934ca495991b7852b855  ??  artifacts/rust-tauri/R05/RR3/F54-CLOSEOUT-01/verify-R04/R03_REGRESSION/R02/A05_A06/cli-sessions-owner.stderr.log
a822c879e7e836fe1a0c650a7d2cdd540c44dcbb586134ee26bb14eb0096b7ac  ??  artifacts/rust-tauri/R05/RR3/F54-CLOSEOUT-01/verify-R04/R03_REGRESSION/R02/A05_A06/cli-sessions-owner.stdout.log
56fb7d934c3eac2048daf0c0066dd318c95cafdc6fe3464409f1822c498d4321  ??  artifacts/rust-tauri/R05/RR3/F54-CLOSEOUT-01/verify-R04/R03_REGRESSION/R02/A05_A06/cli-sessions-unauthorized.stderr.log
e3b0c44298fc1c149afbf4c8996fb92427ae41e4649b934ca495991b7852b855  ??  artifacts/rust-tauri/R05/RR3/F54-CLOSEOUT-01/verify-R04/R03_REGRESSION/R02/A05_A06/cli-sessions-unauthorized.stdout.log
7a03ea6846bf04c6120cf6918400102281b093846f30f4dfde793cb776b757c4  ??  artifacts/rust-tauri/R05/RR3/F54-CLOSEOUT-01/verify-R04/R03_REGRESSION/R02/A05_A06/creds-after-authz.json
0f07a2e972d9d29f9f0faad72eac6ce6c78b50969888410e45f24f050bd9f6d0  ??  artifacts/rust-tauri/R05/RR3/F54-CLOSEOUT-01/verify-R04/R03_REGRESSION/R02/A05_A06/creds-before-authz.json
27a2e3bdbe31912dec6c4936976861f22c4e02671060ef7f2c8e065f182aaee8  ??  artifacts/rust-tauri/R05/RR3/F54-CLOSEOUT-01/verify-R04/R03_REGRESSION/R02/A05_A06/devices-after-authz.json
35c3e8b9c0695502cad0d5764f7a5d31ded28479943083aecc544f064dde8bbc  ??  artifacts/rust-tauri/R05/RR3/F54-CLOSEOUT-01/verify-R04/R03_REGRESSION/R02/A05_A06/devices-before-authz.json
cb07138e569257d6cec970f3d4770fa4dcfdc02405462fa321c6b457a4d69225  ??  artifacts/rust-tauri/R05/RR3/F54-CLOSEOUT-01/verify-R04/R03_REGRESSION/R02/A05_A06/leaf-cases.json
b20c07efd4021037afdc9182ab2edd41035ed5f288fc98e7d12e900433a9c126  ??  artifacts/rust-tauri/R05/RR3/F54-CLOSEOUT-01/verify-R04/R03_REGRESSION/R02/A05_A06/leaf-cases.ndjson
173a33dc567ae862d5f5c4ee623c6d6fc69dc42da5726576e54af937372b65dd  ??  artifacts/rust-tauri/R05/RR3/F54-CLOSEOUT-01/verify-R04/R03_REGRESSION/R02/A05_A06/me-denied-after.sha256
173a33dc567ae862d5f5c4ee623c6d6fc69dc42da5726576e54af937372b65dd  ??  artifacts/rust-tauri/R05/RR3/F54-CLOSEOUT-01/verify-R04/R03_REGRESSION/R02/A05_A06/me-denied-before.sha256
4aab9c8beb269dee3f9fa33b3b349cff91486ddf5a8907ba1d4bc4d2bd2154c3  ??  artifacts/rust-tauri/R05/RR3/F54-CLOSEOUT-01/verify-R04/R03_REGRESSION/R02/A05_A06/neg-startup.log
d3321138c3554433ad1ac3ebbb8e66ef2f92a32806c6ef678ee9a0519cad12da  ??  artifacts/rust-tauri/R05/RR3/F54-CLOSEOUT-01/verify-R04/R03_REGRESSION/R02/A05_A06/server-stderr.log
9af9ff8262bf9a1a74ec834d6df5887a036059fe63fb6c40cedd8b2c3f7c5780  ??  artifacts/rust-tauri/R05/RR3/F54-CLOSEOUT-01/verify-R04/R03_REGRESSION/R02/A05_A06/server-stdout.log
9901fa4939e8c0683cc392787126273c429530490fdebe18e68d1ad0c6fc2459  ??  artifacts/rust-tauri/R05/RR3/F54-CLOSEOUT-01/verify-R04/R03_REGRESSION/R02/A05_A06/sessions-list-matrix.json
ed6cf63bad1efd6022c5f83caa4021bfd3d85817da922e9214d02c681bf66b70  ??  artifacts/rust-tauri/R05/RR3/F54-CLOSEOUT-01/verify-R04/R03_REGRESSION/R02/A05_A06/state-after-authn.txt
9606edd88a6514f47b75ea0cf1d5ddb45a68e64f0b97be886bafd95fc5ea3bee  ??  artifacts/rust-tauri/R05/RR3/F54-CLOSEOUT-01/verify-R04/R03_REGRESSION/R02/A05_A06/state-after.txt
ed6cf63bad1efd6022c5f83caa4021bfd3d85817da922e9214d02c681bf66b70  ??  artifacts/rust-tauri/R05/RR3/F54-CLOSEOUT-01/verify-R04/R03_REGRESSION/R02/A05_A06/state-before-authz.txt
ed6cf63bad1efd6022c5f83caa4021bfd3d85817da922e9214d02c681bf66b70  ??  artifacts/rust-tauri/R05/RR3/F54-CLOSEOUT-01/verify-R04/R03_REGRESSION/R02/A05_A06/state-before.txt
b713b684a88421396f4d55318556c763e132f46c45dfd341802f531bae00171c  ??  artifacts/rust-tauri/R05/RR3/F54-CLOSEOUT-01/verify-R04/R03_REGRESSION/R02/A05_A06/summary.txt
6434018c4dbfab9a16fe11171e43ebd28b3eacdec35ff915ce2ee6e770428dc7  ??  artifacts/rust-tauri/R05/RR3/F54-CLOSEOUT-01/verify-R04/R03_REGRESSION/R02/A05_A06/ws-matrix.json
4f27ac380b22e1d975eee20ce727fa8cbc09061177f6253af0777fd4de7b7506  ??  artifacts/rust-tauri/R05/RR3/F54-CLOSEOUT-01/verify-R04/R03_REGRESSION/R02/A07_A08/build.log
885bd2a27274042f5d6b843f597ee061696c99161abf565dc710f75296e8efe8  ??  artifacts/rust-tauri/R05/RR3/F54-CLOSEOUT-01/verify-R04/R03_REGRESSION/R02/A07_A08/last-db-hashes.txt
4baf80f747bdab4baef58c3bdd2c33084623a1597aee5ed9975b2ca3672ffff8  ??  artifacts/rust-tauri/R05/RR3/F54-CLOSEOUT-01/verify-R04/R03_REGRESSION/R02/A07_A08/s0-registry-consistency.log
d713b4d2f2123afe9c6c7fc9f2e89746849192a9276c9c9383b94d4ab7fd0c66  ??  artifacts/rust-tauri/R05/RR3/F54-CLOSEOUT-01/verify-R04/R03_REGRESSION/R02/A07_A08/s1-counts-after-stop.json
347987f9452c382b32e905cd01a47510e5b5052b9177d6711a0828ded331f07a  ??  artifacts/rust-tauri/R05/RR3/F54-CLOSEOUT-01/verify-R04/R03_REGRESSION/R02/A07_A08/s2-counts-after-crash.json
83ffb724d954d4989bd78c640d6c22eb033a5bde5d76eb0b37fc8e7a66869fe8  ??  artifacts/rust-tauri/R05/RR3/F54-CLOSEOUT-01/verify-R04/R03_REGRESSION/R02/A07_A08/s2-runs-dump.jsonl
fcd8476da0652172a57414edd657fefb14043fd67ecf786c0ede536cb28f7af6  ??  artifacts/rust-tauri/R05/RR3/F54-CLOSEOUT-01/verify-R04/R03_REGRESSION/R02/A07_A08/s3-fault.err
e3b0c44298fc1c149afbf4c8996fb92427ae41e4649b934ca495991b7852b855  ??  artifacts/rust-tauri/R05/RR3/F54-CLOSEOUT-01/verify-R04/R03_REGRESSION/R02/A07_A08/s3-fault.out
a3a6af3f76d135f60ddc1f291c08f076ce0506e90e52fd4492f944b9188d879b  ??  artifacts/rust-tauri/R05/RR3/F54-CLOSEOUT-01/verify-R04/R03_REGRESSION/R02/A07_A08/s4-hashes-after.txt
a3a6af3f76d135f60ddc1f291c08f076ce0506e90e52fd4492f944b9188d879b  ??  artifacts/rust-tauri/R05/RR3/F54-CLOSEOUT-01/verify-R04/R03_REGRESSION/R02/A07_A08/s4-hashes-before.txt
38d28e37d6746ece8fe52756c265100f690c2e58f59c5f66bb540b973c18fced  ??  artifacts/rust-tauri/R05/RR3/F54-CLOSEOUT-01/verify-R04/R03_REGRESSION/R02/A07_A08/s4-migrations-round1.json
38d28e37d6746ece8fe52756c265100f690c2e58f59c5f66bb540b973c18fced  ??  artifacts/rust-tauri/R05/RR3/F54-CLOSEOUT-01/verify-R04/R03_REGRESSION/R02/A07_A08/s4-migrations-round2.json
38d28e37d6746ece8fe52756c265100f690c2e58f59c5f66bb540b973c18fced  ??  artifacts/rust-tauri/R05/RR3/F54-CLOSEOUT-01/verify-R04/R03_REGRESSION/R02/A07_A08/s4-migrations-round3.json
ff8c41497ac2f25909401611c5d2b1b0ab5c8df53526a89000f22cd7965ca3d2  ??  artifacts/rust-tauri/R05/RR3/F54-CLOSEOUT-01/verify-R04/R03_REGRESSION/R02/A07_A08/service-s1.err
2b294813fcd08aa961cabe4a1c3d1998f8c407cab8742c5e78bbd15e821c03b2  ??  artifacts/rust-tauri/R05/RR3/F54-CLOSEOUT-01/verify-R04/R03_REGRESSION/R02/A07_A08/service-s1.out
05d7c483e6896942a61da63a932b720895790aaa0f15d7f005267c225dda7989  ??  artifacts/rust-tauri/R05/RR3/F54-CLOSEOUT-01/verify-R04/R03_REGRESSION/R02/A07_A08/service-s1b.err
9a096fc9d13dc690ad7e4ed82c298fd3861f87ebe4e22b63496a81e8963fb578  ??  artifacts/rust-tauri/R05/RR3/F54-CLOSEOUT-01/verify-R04/R03_REGRESSION/R02/A07_A08/service-s1b.out
219f1cfac0fb2bc10969fb769b99a9e9699f636e6c631692c1f1bc3c40ec2d6b  ??  artifacts/rust-tauri/R05/RR3/F54-CLOSEOUT-01/verify-R04/R03_REGRESSION/R02/A07_A08/service-s2.err
f67819bee011b03d971d2a5699bc64d7007b1e78c2ac6d97251d4f60d177de59  ??  artifacts/rust-tauri/R05/RR3/F54-CLOSEOUT-01/verify-R04/R03_REGRESSION/R02/A07_A08/service-s2.out
51ea85013d39e11a751730fca00e6de76285b4ec2fd7fe51c695e6980cb9e524  ??  artifacts/rust-tauri/R05/RR3/F54-CLOSEOUT-01/verify-R04/R03_REGRESSION/R02/A07_A08/service-s2b.err
f43859adfc9803d242a0d611299b4f9bb679b477830ed41d36742e1485cd181b  ??  artifacts/rust-tauri/R05/RR3/F54-CLOSEOUT-01/verify-R04/R03_REGRESSION/R02/A07_A08/service-s2b.out
9dab1caf820201c6749bfea2ed14f275a9e7deede6d98ce27b88fbbaf0d8cf61  ??  artifacts/rust-tauri/R05/RR3/F54-CLOSEOUT-01/verify-R04/R03_REGRESSION/R02/A07_A08/service-s4-1.err
75735fdbaa90b06c4ec65327fcef1dc697955599f990b405e6b51ec4f5db7e8a  ??  artifacts/rust-tauri/R05/RR3/F54-CLOSEOUT-01/verify-R04/R03_REGRESSION/R02/A07_A08/service-s4-1.out
a4f27d3977caa5fcad0219d54f50d0b9369c3cfddb1f1aabf8b8a4d50d43af48  ??  artifacts/rust-tauri/R05/RR3/F54-CLOSEOUT-01/verify-R04/R03_REGRESSION/R02/A07_A08/service-s4-2.err
8f44cf0d6ac8c375004df8570adf5eb0c9ddeb5aeaef668c120ccb8a7549a5d5  ??  artifacts/rust-tauri/R05/RR3/F54-CLOSEOUT-01/verify-R04/R03_REGRESSION/R02/A07_A08/service-s4-2.out
635c41256adfa20f56cbb9ab8aa6c847766725e6dd4ac712930105c4b54e3422  ??  artifacts/rust-tauri/R05/RR3/F54-CLOSEOUT-01/verify-R04/R03_REGRESSION/R02/A07_A08/service-s4-3.err
7efb604755a9171a12d68c044727fdd049974c8c7182c7ffb73a5cf724f1d836  ??  artifacts/rust-tauri/R05/RR3/F54-CLOSEOUT-01/verify-R04/R03_REGRESSION/R02/A07_A08/service-s4-3.out
62d39e0a7cdefe5f5c0264bd3407fdd79971f08088d3d4d6170700735527189a  ??  artifacts/rust-tauri/R05/RR3/F54-CLOSEOUT-01/verify-R04/R03_REGRESSION/R02/A07_A08/service.addr
0b29eaf7990345213ac6e132346e2e4751e2d7445c156f31931d4f45d935941b  ??  artifacts/rust-tauri/R05/RR3/F54-CLOSEOUT-01/verify-R04/R03_REGRESSION/R02/A07_A08/service.pid
23d1abb3299376baf799de84e8bdb32c61d15f08b735adef1f3d15edf2e4ab75  ??  artifacts/rust-tauri/R05/RR3/F54-CLOSEOUT-01/verify-R04/R03_REGRESSION/R02/A07_A08/summary.txt
4f27ac380b22e1d975eee20ce727fa8cbc09061177f6253af0777fd4de7b7506  ??  artifacts/rust-tauri/R05/RR3/F54-CLOSEOUT-01/verify-R04/R03_REGRESSION/R02/A11/backup-restore/build.log
dd63f79ce1a39fdef735dbb9eb292c3f8a45db77c2513d3cc7379e5dbe13749e  ??  artifacts/rust-tauri/R05/RR3/F54-CLOSEOUT-01/verify-R04/R03_REGRESSION/R02/A11/backup-restore/s1-backup-dir-listing.txt
5d339b94c0cce1cf47ccd789c8421f7e308147ebb4b8168bc00064ec64436e53  ??  artifacts/rust-tauri/R05/RR3/F54-CLOSEOUT-01/verify-R04/R03_REGRESSION/R02/A11/backup-restore/s1-backup-outcome.json
e3b0c44298fc1c149afbf4c8996fb92427ae41e4649b934ca495991b7852b855  ??  artifacts/rust-tauri/R05/RR3/F54-CLOSEOUT-01/verify-R04/R03_REGRESSION/R02/A11/backup-restore/s1-backup.err
115280a623e54748f5ca816759bdbc2b7d186dffd77945756aff76a92b032785  ??  artifacts/rust-tauri/R05/RR3/F54-CLOSEOUT-01/verify-R04/R03_REGRESSION/R02/A11/backup-restore/s1-restore-outcome.json
e3b0c44298fc1c149afbf4c8996fb92427ae41e4649b934ca495991b7852b855  ??  artifacts/rust-tauri/R05/RR3/F54-CLOSEOUT-01/verify-R04/R03_REGRESSION/R02/A11/backup-restore/s1-restore.err
016cf9a9fb57b0bebcd9397da017fb6bfa2ea896924aad34b46fe6d6eb435fff  ??  artifacts/rust-tauri/R05/RR3/F54-CLOSEOUT-01/verify-R04/R03_REGRESSION/R02/A11/backup-restore/s1-restored-dump.jsonl
c79784d7c9b1fd56efa41938b12ee9f8e9e7b606c369e74358989b97f8afb989  ??  artifacts/rust-tauri/R05/RR3/F54-CLOSEOUT-01/verify-R04/R03_REGRESSION/R02/A11/backup-restore/s1-restored-hash.txt
016cf9a9fb57b0bebcd9397da017fb6bfa2ea896924aad34b46fe6d6eb435fff  ??  artifacts/rust-tauri/R05/RR3/F54-CLOSEOUT-01/verify-R04/R03_REGRESSION/R02/A11/backup-restore/s1-source-dump.jsonl
e2ddefd1600c342b7814b72da211e5ecf03bd2785ee4c68ce2dc953c6e4d14cc  ??  artifacts/rust-tauri/R05/RR3/F54-CLOSEOUT-01/verify-R04/R03_REGRESSION/R02/A11/backup-restore/s1-source-hash.txt
d8ec6fc62a9ff755d7d08154457d97192f9e2253d1399a33c79cb93bbefde344  ??  artifacts/rust-tauri/R05/RR3/F54-CLOSEOUT-01/verify-R04/R03_REGRESSION/R02/A11/backup-restore/s1-wal-size.txt
e3b0c44298fc1c149afbf4c8996fb92427ae41e4649b934ca495991b7852b855  ??  artifacts/rust-tauri/R05/RR3/F54-CLOSEOUT-01/verify-R04/R03_REGRESSION/R02/A11/backup-restore/s3-backup-out.json
e82a7e20c9aed830c5ee827935415d2f43d6263c5de1fee2f3739a2c19e82b15  ??  artifacts/rust-tauri/R05/RR3/F54-CLOSEOUT-01/verify-R04/R03_REGRESSION/R02/A11/backup-restore/s3-backup.err
9b33c4d50a9f7a0434980244454a85ce4288c7323241cf9ff22c50e6b8f8dd85  ??  artifacts/rust-tauri/R05/RR3/F54-CLOSEOUT-01/verify-R04/R03_REGRESSION/R02/A11/backup-restore/s4-ws-probe.json
a4c3ed04a95a3da14a9d235c83d868bed7c0f45cf7f3faa751ee8f50598d2211  ??  artifacts/rust-tauri/R05/RR3/F54-CLOSEOUT-01/verify-R04/R03_REGRESSION/R02/A11/backup-restore/s4-ws-probe.json.probe-done
968b81729e41dab12ae89b6220b0ac65050dd4e491cb794f0d425899f2627358  ??  artifacts/rust-tauri/R05/RR3/F54-CLOSEOUT-01/verify-R04/R03_REGRESSION/R02/A11/backup-restore/service-s1.addr
8e4a6ef19dabd6b47901716495e8df96b70b9b13a55d7bc5fcc998fae48098aa  ??  artifacts/rust-tauri/R05/RR3/F54-CLOSEOUT-01/verify-R04/R03_REGRESSION/R02/A11/backup-restore/service-s1.err
88c89a76af1f06c28bee9c0f6dbd41c75375d04f030f0dde2a0d5c0af1fd64a2  ??  artifacts/rust-tauri/R05/RR3/F54-CLOSEOUT-01/verify-R04/R03_REGRESSION/R02/A11/backup-restore/service-s1.out
d601d09a32d0de61561d9ed63ddfe2a79968bf1c92b1c94c48b740dd67069dd8  ??  artifacts/rust-tauri/R05/RR3/F54-CLOSEOUT-01/verify-R04/R03_REGRESSION/R02/A11/backup-restore/service-s2.addr
a1323cfa2b6975d2ded53f6b505ea776be194327317e7747defc33dbc88d8f43  ??  artifacts/rust-tauri/R05/RR3/F54-CLOSEOUT-01/verify-R04/R03_REGRESSION/R02/A11/backup-restore/service-s2.err
11ecb962a651ea99b59de04187c546f0e8fca01f0025c32fc7bc9dc7173374cd  ??  artifacts/rust-tauri/R05/RR3/F54-CLOSEOUT-01/verify-R04/R03_REGRESSION/R02/A11/backup-restore/service-s2.out
9e40ac0226494c419171f527c5ab6c9fceb5692f051f53a1706ffd0f7bccbb1e  ??  artifacts/rust-tauri/R05/RR3/F54-CLOSEOUT-01/verify-R04/R03_REGRESSION/R02/A11/backup-restore/service-s4.addr
e2b5a74e5682c4e51b08d32f41b746a5be5a42463a174bda52ccb639a2d030bc  ??  artifacts/rust-tauri/R05/RR3/F54-CLOSEOUT-01/verify-R04/R03_REGRESSION/R02/A11/backup-restore/service-s4.err
64047e638132ea88f6c28eb70cb09edd444aa01cf133eed445a67da57d9e4ad2  ??  artifacts/rust-tauri/R05/RR3/F54-CLOSEOUT-01/verify-R04/R03_REGRESSION/R02/A11/backup-restore/service-s4.out
857758fe5087486edd71ff3acc62be42a311198c939d7dee7054b566cf680606  ??  artifacts/rust-tauri/R05/RR3/F54-CLOSEOUT-01/verify-R04/R03_REGRESSION/R02/A11/backup-restore/service.pid
a113a9477dabc7802614297598a73e78c025aae999758d3471f16a26fe8cf512  ??  artifacts/rust-tauri/R05/RR3/F54-CLOSEOUT-01/verify-R04/R03_REGRESSION/R02/A11/backup-restore/summary.txt
c92508a29848820f033cd2ea015c85dde0953c88b07cc967ce34b7c08f610549  ??  artifacts/rust-tauri/R05/RR3/F54-CLOSEOUT-01/verify-R04/R03_REGRESSION/R02/A12/recovery-drill/build.log
18d9694aaaed53d511c3aaf7cc324d678b8aaf3ef8aa179ef75468f8c3167750  ??  artifacts/rust-tauri/R05/RR3/F54-CLOSEOUT-01/verify-R04/R03_REGRESSION/R02/A12/recovery-drill/coexist-after.txt
18d9694aaaed53d511c3aaf7cc324d678b8aaf3ef8aa179ef75468f8c3167750  ??  artifacts/rust-tauri/R05/RR3/F54-CLOSEOUT-01/verify-R04/R03_REGRESSION/R02/A12/recovery-drill/coexist-before.txt
3ba2c7f9eec9382a6832c13716baaea591023da4a1341079ada4cd8eeb9af402  ??  artifacts/rust-tauri/R05/RR3/F54-CLOSEOUT-01/verify-R04/R03_REGRESSION/R02/A12/recovery-drill/own-created-homes.txt
79be6d64aa93bf457e5b337dfa16a187af549e49a08c7760b4ddb0f61bedf8ac  ??  artifacts/rust-tauri/R05/RR3/F54-CLOSEOUT-01/verify-R04/R03_REGRESSION/R02/A12/recovery-drill/summary.txt
7b2f675d535131e9ee3b95eb996b520af42000b1efea572dc62eff72fd758a84  ??  artifacts/rust-tauri/R05/RR3/F54-CLOSEOUT-01/verify-R04/R03_REGRESSION/R02/A12/recovery-drill/v1-hashes-after.txt
7b2f675d535131e9ee3b95eb996b520af42000b1efea572dc62eff72fd758a84  ??  artifacts/rust-tauri/R05/RR3/F54-CLOSEOUT-01/verify-R04/R03_REGRESSION/R02/A12/recovery-drill/v1-hashes-before.txt
8ec2d8d9ccd575a15fb17c27944ee1340f2f233b0f3fc79db93732bf64ac111e  ??  artifacts/rust-tauri/R05/RR3/F54-CLOSEOUT-01/verify-R04/R03_REGRESSION/R02/A12/recovery-drill/v1.err
e3b0c44298fc1c149afbf4c8996fb92427ae41e4649b934ca495991b7852b855  ??  artifacts/rust-tauri/R05/RR3/F54-CLOSEOUT-01/verify-R04/R03_REGRESSION/R02/A12/recovery-drill/v1.out
fcb269f1fc43e20619871bab0f6e464d30773313e55b17f725fc62249ab521be  ??  artifacts/rust-tauri/R05/RR3/F54-CLOSEOUT-01/verify-R04/R03_REGRESSION/R02/A12/recovery-drill/v2-hashes-after.txt
fcb269f1fc43e20619871bab0f6e464d30773313e55b17f725fc62249ab521be  ??  artifacts/rust-tauri/R05/RR3/F54-CLOSEOUT-01/verify-R04/R03_REGRESSION/R02/A12/recovery-drill/v2-hashes-before.txt
9d75e0ac9ed9ed8b61140349520b51a0e42e2240c91d1a9f8a1ab70c3c72b9b4  ??  artifacts/rust-tauri/R05/RR3/F54-CLOSEOUT-01/verify-R04/R03_REGRESSION/R02/A12/recovery-drill/v2.err
e3b0c44298fc1c149afbf4c8996fb92427ae41e4649b934ca495991b7852b855  ??  artifacts/rust-tauri/R05/RR3/F54-CLOSEOUT-01/verify-R04/R03_REGRESSION/R02/A12/recovery-drill/v2.out
a33ffd69acb495d9a221778bb2317e4cef00e4d752d794b9c1267890666ec43d  ??  artifacts/rust-tauri/R05/RR3/F54-CLOSEOUT-01/verify-R04/R03_REGRESSION/R02/A12/recovery-drill/v3-hashes-after.txt
a33ffd69acb495d9a221778bb2317e4cef00e4d752d794b9c1267890666ec43d  ??  artifacts/rust-tauri/R05/RR3/F54-CLOSEOUT-01/verify-R04/R03_REGRESSION/R02/A12/recovery-drill/v3-hashes-before.txt
b337d600f02e29baceaf7897f8593451d43ffd0f129d3e1a5a5f7dcd8b3b896c  ??  artifacts/rust-tauri/R05/RR3/F54-CLOSEOUT-01/verify-R04/R03_REGRESSION/R02/A12/recovery-drill/v3.err
e3b0c44298fc1c149afbf4c8996fb92427ae41e4649b934ca495991b7852b855  ??  artifacts/rust-tauri/R05/RR3/F54-CLOSEOUT-01/verify-R04/R03_REGRESSION/R02/A12/recovery-drill/v3.out
754d17e9828ce3d14ccf9a66b8d2c0b7e0088e73b5d9cf8ca57437c284009fac  ??  artifacts/rust-tauri/R05/RR3/F54-CLOSEOUT-01/verify-R04/R03_REGRESSION/R02/A12/recovery-drill/v4.err
4ccc4b9cc0c691492d5fdad16099311197e9261c4e38da915233d2d83e6c0e78  ??  artifacts/rust-tauri/R05/RR3/F54-CLOSEOUT-01/verify-R04/R03_REGRESSION/R02/A12/recovery-drill/v4.out
a11213897190fd2b239e04bf1ed32bb1ad485345a78bc3ade0cff3b371eededa  ??  artifacts/rust-tauri/R05/RR3/F54-CLOSEOUT-01/verify-R04/R03_REGRESSION/R02/A12/recovery-drill/v5-hashes-after.txt
a11213897190fd2b239e04bf1ed32bb1ad485345a78bc3ade0cff3b371eededa  ??  artifacts/rust-tauri/R05/RR3/F54-CLOSEOUT-01/verify-R04/R03_REGRESSION/R02/A12/recovery-drill/v5-hashes-before.txt
06870d56b7cc944f8fafbdce432df0d76050a4ee8865ea161914fc8e79df9cb7  ??  artifacts/rust-tauri/R05/RR3/F54-CLOSEOUT-01/verify-R04/R03_REGRESSION/R02/A12/recovery-drill/v5.err
e3b0c44298fc1c149afbf4c8996fb92427ae41e4649b934ca495991b7852b855  ??  artifacts/rust-tauri/R05/RR3/F54-CLOSEOUT-01/verify-R04/R03_REGRESSION/R02/A12/recovery-drill/v5.out
8a44c0ed5a3e0e7269e20c9ec3d4b54dfdb65bb71b715290ce3d6285a0b7c519  ??  artifacts/rust-tauri/R05/RR3/F54-CLOSEOUT-01/verify-R04/R03_REGRESSION/R02/A12/recovery-drill/v6-recovered-dump.jsonl
27badc983df1780b60c2b3fa9d3a19a00e46aac798451f0febdca52920faaddf  ??  artifacts/rust-tauri/R05/RR3/F54-CLOSEOUT-01/verify-R04/R03_REGRESSION/R02/A12/recovery-drill/v6-seed-execute.txt
a8bdd9b1982dd11b7397758fe889d11957e08a3e24a8e32a6e7588db7de9a41a  ??  artifacts/rust-tauri/R05/RR3/F54-CLOSEOUT-01/verify-R04/R03_REGRESSION/R02/A12/recovery-drill/v6-seed.err
5ef853938c3c439b9e2301e9543bac6425407c378f09646b4ab96a49481e766c  ??  artifacts/rust-tauri/R05/RR3/F54-CLOSEOUT-01/verify-R04/R03_REGRESSION/R02/A12/recovery-drill/v6-seed.out
15a8cce7d325207dfb6de593a7892788392b77126b86e3b82684361ecdfa846e  ??  artifacts/rust-tauri/R05/RR3/F54-CLOSEOUT-01/verify-R04/R03_REGRESSION/R02/A12/recovery-drill/v6.err
6e0e40a1eb97817b56ed3437eb50f025138641632f56f166cc0b1fa81da54e6a  ??  artifacts/rust-tauri/R05/RR3/F54-CLOSEOUT-01/verify-R04/R03_REGRESSION/R02/A12/recovery-drill/v6.out
9c12da326e4f7017195dbd954584f691fa6ec6ac310da525f9d793ffab2c48a8  ??  artifacts/rust-tauri/R05/RR3/F54-CLOSEOUT-01/verify-R04/R03_REGRESSION/R02/A12/recovery-drill/v7-hashes-after.txt
9c12da326e4f7017195dbd954584f691fa6ec6ac310da525f9d793ffab2c48a8  ??  artifacts/rust-tauri/R05/RR3/F54-CLOSEOUT-01/verify-R04/R03_REGRESSION/R02/A12/recovery-drill/v7-hashes-before.txt
248f42863b26ae737f8e16b4b60646a40b73dd8f38a19a6291c447cc395a9505  ??  artifacts/rust-tauri/R05/RR3/F54-CLOSEOUT-01/verify-R04/R03_REGRESSION/R02/A12/recovery-drill/v7-seed.err
4f64f7d8b725e46e8c3c35a1a16b79d968ab111e9607feb66d946ace8f810618  ??  artifacts/rust-tauri/R05/RR3/F54-CLOSEOUT-01/verify-R04/R03_REGRESSION/R02/A12/recovery-drill/v7-seed.out
55502bf2a0fb3373bbe6105dbe7cdabe560627d360e82aa26e0f7e6888fcee93  ??  artifacts/rust-tauri/R05/RR3/F54-CLOSEOUT-01/verify-R04/R03_REGRESSION/R02/A12/recovery-drill/v7.err
e3b0c44298fc1c149afbf4c8996fb92427ae41e4649b934ca495991b7852b855  ??  artifacts/rust-tauri/R05/RR3/F54-CLOSEOUT-01/verify-R04/R03_REGRESSION/R02/A12/recovery-drill/v7.out
81e4cc97e00d7ac4011384407ae7d605d0de8082e0941e0a2fb68fb935296899  ??  artifacts/rust-tauri/R05/RR3/F54-CLOSEOUT-01/verify-R04/R03_REGRESSION/R02/A12/recovery-drill/v8-observed.err
18a7376c915b5703ba65b1ead15599c2684111b2f5b3f8817fbcde1d05ff3604  ??  artifacts/rust-tauri/R05/RR3/F54-CLOSEOUT-01/verify-R04/R03_REGRESSION/R02/A12/recovery-drill/v8-seed.err
f97186fa5e44901998e5b37d1a93d816f3c612354c03056bafe31db442cfe273  ??  artifacts/rust-tauri/R05/RR3/F54-CLOSEOUT-01/verify-R04/R03_REGRESSION/R02/A12/recovery-drill/v8-seed.out
81e4cc97e00d7ac4011384407ae7d605d0de8082e0941e0a2fb68fb935296899  ??  artifacts/rust-tauri/R05/RR3/F54-CLOSEOUT-01/verify-R04/R03_REGRESSION/R02/A12/recovery-drill/v8.err
c8c3dac0507a7d08ac99ca71dc38661d473b105af78d3452d9cc82f87733da2d  ??  artifacts/rust-tauri/R05/RR3/F54-CLOSEOUT-01/verify-R04/R03_REGRESSION/R02/A12/recovery-drill/v8.out
4f27ac380b22e1d975eee20ce727fa8cbc09061177f6253af0777fd4de7b7506  ??  artifacts/rust-tauri/R05/RR3/F54-CLOSEOUT-01/verify-R04/R03_REGRESSION/R02/A15/full-chain/build.log
61ce3d5eb7368b9be0f6f5b61795af7fd22318aee0987181f72edefff00e340d  ??  artifacts/rust-tauri/R05/RR3/F54-CLOSEOUT-01/verify-R04/R03_REGRESSION/R02/A15/full-chain/pre-restart-head.json
e3b0c44298fc1c149afbf4c8996fb92427ae41e4649b934ca495991b7852b855  ??  artifacts/rust-tauri/R05/RR3/F54-CLOSEOUT-01/verify-R04/R03_REGRESSION/R02/A15/full-chain/probe1.err
9452ff9bcb2da0cba47501d241fad6dd7fb5693267354530b87ca5351297c7ef  ??  artifacts/rust-tauri/R05/RR3/F54-CLOSEOUT-01/verify-R04/R03_REGRESSION/R02/A15/full-chain/probe1.pass-lines
e3b0c44298fc1c149afbf4c8996fb92427ae41e4649b934ca495991b7852b855  ??  artifacts/rust-tauri/R05/RR3/F54-CLOSEOUT-01/verify-R04/R03_REGRESSION/R02/A15/full-chain/probe2.err
28a411dc95be7e6596d2954fdbecf8eb034d9f8dc1248ab1d111c07c1c218b89  ??  artifacts/rust-tauri/R05/RR3/F54-CLOSEOUT-01/verify-R04/R03_REGRESSION/R02/A15/full-chain/probe2.pass-lines
10fe2242893b4921ff316c962cd39f080c8aca4e0720d29e72543732e82b746a  ??  artifacts/rust-tauri/R05/RR3/F54-CLOSEOUT-01/verify-R04/R03_REGRESSION/R02/A15/full-chain/service1.err
51ab11c8fea92d6bbe856d662e85ffc984d220163328e72f16f08ffc06479384  ??  artifacts/rust-tauri/R05/RR3/F54-CLOSEOUT-01/verify-R04/R03_REGRESSION/R02/A15/full-chain/service1.out
72ea70eff8368690c6a96da6dd693cc5ac464fa6e40dbd522de0119f15d6f14a  ??  artifacts/rust-tauri/R05/RR3/F54-CLOSEOUT-01/verify-R04/R03_REGRESSION/R02/A15/full-chain/service2.err
00d8a8eb5eda3dfad0886fa68bf40ba9e51e0a68eb8cb46ce92c7553a1559902  ??  artifacts/rust-tauri/R05/RR3/F54-CLOSEOUT-01/verify-R04/R03_REGRESSION/R02/A15/full-chain/service2.out
41c450e4f73bc15f0686e10e333f4e0645b59803148e7cbbd786a67b35ee31b0  ??  artifacts/rust-tauri/R05/RR3/F54-CLOSEOUT-01/verify-R04/R03_REGRESSION/R02/A15/full-chain/summary.txt
e3b0c44298fc1c149afbf4c8996fb92427ae41e4649b934ca495991b7852b855  ??  artifacts/rust-tauri/R05/RR3/F54-CLOSEOUT-01/verify-R04/R03_REGRESSION/a15_combo_and_leaves/stderr.log
53ebed80de3ed60cb7c483be0affc80fe81c934fdc5268a04c878308effe1670  ??  artifacts/rust-tauri/R05/RR3/F54-CLOSEOUT-01/verify-R04/R03_REGRESSION/a15_combo_and_leaves/stdout.log
e3b0c44298fc1c149afbf4c8996fb92427ae41e4649b934ca495991b7852b855  ??  artifacts/rust-tauri/R05/RR3/F54-CLOSEOUT-01/verify-R04/R03_REGRESSION/check_boundaries/stderr.log
d99ada8df8ff7853d02908eb6bb04adfa1e06d15fa8e1af10a9ecaa46d7ca330  ??  artifacts/rust-tauri/R05/RR3/F54-CLOSEOUT-01/verify-R04/R03_REGRESSION/check_boundaries/stdout.log
e3b0c44298fc1c149afbf4c8996fb92427ae41e4649b934ca495991b7852b855  ??  artifacts/rust-tauri/R05/RR3/F54-CLOSEOUT-01/verify-R04/R03_REGRESSION/check_contracts/stderr.log
77d04b64918ac301d220d57419c8429e7c37471a5f4caaeb0765e11e1987fe9a  ??  artifacts/rust-tauri/R05/RR3/F54-CLOSEOUT-01/verify-R04/R03_REGRESSION/check_contracts/stdout.log
e3b0c44298fc1c149afbf4c8996fb92427ae41e4649b934ca495991b7852b855  ??  artifacts/rust-tauri/R05/RR3/F54-CLOSEOUT-01/verify-R04/R03_REGRESSION/r02_auth_matrix/stderr.log
b9881c44bc39a7ed938c661ad8da9f8c199690064eea3b5bfe1d4bd955a0e520  ??  artifacts/rust-tauri/R05/RR3/F54-CLOSEOUT-01/verify-R04/R03_REGRESSION/r02_auth_matrix/stdout.log
e3b0c44298fc1c149afbf4c8996fb92427ae41e4649b934ca495991b7852b855  ??  artifacts/rust-tauri/R05/RR3/F54-CLOSEOUT-01/verify-R04/R03_REGRESSION/r02_backup_restore/stderr.log
d088db145dfc55b97ebee6a0e471012333f3a6dbbf74c1cc8cb63afde3052836  ??  artifacts/rust-tauri/R05/RR3/F54-CLOSEOUT-01/verify-R04/R03_REGRESSION/r02_backup_restore/stdout.log
e3b0c44298fc1c149afbf4c8996fb92427ae41e4649b934ca495991b7852b855  ??  artifacts/rust-tauri/R05/RR3/F54-CLOSEOUT-01/verify-R04/R03_REGRESSION/r02_full_chain/stderr.log
41c450e4f73bc15f0686e10e333f4e0645b59803148e7cbbd786a67b35ee31b0  ??  artifacts/rust-tauri/R05/RR3/F54-CLOSEOUT-01/verify-R04/R03_REGRESSION/r02_full_chain/stdout.log
e3b0c44298fc1c149afbf4c8996fb92427ae41e4649b934ca495991b7852b855  ??  artifacts/rust-tauri/R05/RR3/F54-CLOSEOUT-01/verify-R04/R03_REGRESSION/r02_recovery_drill/stderr.log
6086375841bb4d9c50bc3caaabe8b01beddb9f3b6b5f61633e856e1e5b398e3e  ??  artifacts/rust-tauri/R05/RR3/F54-CLOSEOUT-01/verify-R04/R03_REGRESSION/r02_recovery_drill/stdout.log
d859453f0cdd8646cc19ab31581ed386c1ed68796aa517ec2f3dc8037ee7a977  ??  artifacts/rust-tauri/R05/RR3/F54-CLOSEOUT-01/verify-R04/R03_REGRESSION/r02_storage_tx/stderr.log
23d1abb3299376baf799de84e8bdb32c61d15f08b735adef1f3d15edf2e4ab75  ??  artifacts/rust-tauri/R05/RR3/F54-CLOSEOUT-01/verify-R04/R03_REGRESSION/r02_storage_tx/stdout.log
2461b00c8697c4189b2de92ca6fb05b5d72273c78a0a47b1ce4e83ccca077b70  ??  artifacts/rust-tauri/R05/RR3/F54-CLOSEOUT-01/verify-R04/R03_REGRESSION/rust_clippy/stderr.log
e3b0c44298fc1c149afbf4c8996fb92427ae41e4649b934ca495991b7852b855  ??  artifacts/rust-tauri/R05/RR3/F54-CLOSEOUT-01/verify-R04/R03_REGRESSION/rust_clippy/stdout.log
e3b0c44298fc1c149afbf4c8996fb92427ae41e4649b934ca495991b7852b855  ??  artifacts/rust-tauri/R05/RR3/F54-CLOSEOUT-01/verify-R04/R03_REGRESSION/rust_fmt/stderr.log
e3b0c44298fc1c149afbf4c8996fb92427ae41e4649b934ca495991b7852b855  ??  artifacts/rust-tauri/R05/RR3/F54-CLOSEOUT-01/verify-R04/R03_REGRESSION/rust_fmt/stdout.log
9398470f38391d7ddbb498edcd28ecdd433314433fe31e817fa15e062576d424  ??  artifacts/rust-tauri/R05/RR3/F54-CLOSEOUT-01/verify-R04/R03_REGRESSION/rust_test_workspace/stderr.log
ac71fbb39540858bc54db1a3a317405c13915b0c9117de607d39139d248e6960  ??  artifacts/rust-tauri/R05/RR3/F54-CLOSEOUT-01/verify-R04/R03_REGRESSION/rust_test_workspace/stdout.log
38ef5a6642c62ea4b32087ae8f539ddbd9f9364ed6a898d5ed1ba46d265a6fe3  ??  artifacts/rust-tauri/R05/RR3/F54-CLOSEOUT-01/verify-R04/R04_MATRIX/build.log
10a16641e3405663989bf586c36c94e6522cc9932c30df552a4cb308377a9676  ??  artifacts/rust-tauri/R05/RR3/F54-CLOSEOUT-01/verify-R04/R04_MATRIX/cases/a15-directory-claim-refused.json
09f385efaedc793ea498845967037cfcbfc0fe2c163104737d7ff99e880e98bc  ??  artifacts/rust-tauri/R05/RR3/F54-CLOSEOUT-01/verify-R04/R04_MATRIX/cases/a15-gateway-audit-directory-ref-failed.json
d0df7dade822790f5735f4ebef501e03b8aa905318cb8a60905b81715d427965  ??  artifacts/rust-tauri/R05/RR3/F54-CLOSEOUT-01/verify-R04/R04_MATRIX/cases/a15-gateway-audit-fake-ref-failed.json
a0800cd68927a3e79f38730d4c55036813c6947a5675713428917d03a1b44145  ??  artifacts/rust-tauri/R05/RR3/F54-CLOSEOUT-01/verify-R04/R04_MATRIX/cases/a15-gateway-audit-real-ref-passes.json
8f9b212963fdfce437456018df1536c00c82aa2118f3c3af37532e979ed04f2b  ??  artifacts/rust-tauri/R05/RR3/F54-CLOSEOUT-01/verify-R04/R04_MATRIX/cases/a15-missing-claim-refused.json
04245f14680505fadaf81819e4b39818cf0d629654f8733039a6ac2e8d68bb98  ??  artifacts/rust-tauri/R05/RR3/F54-CLOSEOUT-01/verify-R04/R04_MATRIX/cases/a15-out-of-grant-claim-refused.json
e4bb14f7a842ae22ee91e7b3bebdfcc5273aec1410f84eb90970f2bc4dc3fc91  ??  artifacts/rust-tauri/R05/RR3/F54-CLOSEOUT-01/verify-R04/R04_MATRIX/cases/a15-real-delivery-registered.json
6895d6a72b4da91d630223ce6ad2b8320db84534f721b5748ac0f487c1a29223  ??  artifacts/rust-tauri/R05/RR3/F54-CLOSEOUT-01/verify-R04/R04_MATRIX/cases/a15-structure-violation-refused.json
94c57b04cb80a3ce8932e58d775b4aaa85affa76e33e34512e4a0bc47ade49a9  ??  artifacts/rust-tauri/R05/RR3/F54-CLOSEOUT-01/verify-R04/R04_MATRIX/cases/a16-alias-route-covered.json
506ae3c069a2a967546a4ca114bf3e15abac6ebcdb0f7e35b359b12c1cde92b5  ??  artifacts/rust-tauri/R05/RR3/F54-CLOSEOUT-01/verify-R04/R04_MATRIX/cases/a16-history-preserved.json
901361017912bc20e016d13a2a4f8d701ddee123481ac52c440c176b6d9510aa  ??  artifacts/rust-tauri/R05/RR3/F54-CLOSEOUT-01/verify-R04/R04_MATRIX/cases/approval-answer-executes-once.json
bd45162c41ae2eec362f6f35bc50015ae2a8266f70ce5f91d5c45e5ad8053270  ??  artifacts/rust-tauri/R05/RR3/F54-CLOSEOUT-01/verify-R04/R04_MATRIX/cases/approval-duplicate-idempotent.json
bababcc7f3e64579d35c9259a419a674630e4e549217be76c41f04eda4f0bcdc  ??  artifacts/rust-tauri/R05/RR3/F54-CLOSEOUT-01/verify-R04/R04_MATRIX/cases/approval-reject-zero-dispatch.json
20fd6bee69494fece169e2b99ea1e3085ddffbb071d88ebc23f7dcaeb412c721  ??  artifacts/rust-tauri/R05/RR3/F54-CLOSEOUT-01/verify-R04/R04_MATRIX/cases/catalog-face-lists-mcp-tools-with-permission.json
a6740bd82388993cca6d0b79d294334e6ad84438d23b819303e84cb2670999df  ??  artifacts/rust-tauri/R05/RR3/F54-CLOSEOUT-01/verify-R04/R04_MATRIX/cases/future-tool-shape-ast_edit-discoverable-not-callable.json
821137c4819111c5cab65e31fe33146b843d4bc963a7ae66bf3c6139aab4dc68  ??  artifacts/rust-tauri/R05/RR3/F54-CLOSEOUT-01/verify-R04/R04_MATRIX/cases/future-tool-shape-ast_grep-discoverable-not-callable.json
9827cfcbf4ea963126bc89e02f8247506844fc54c5a0d9086547106cafdcdefd  ??  artifacts/rust-tauri/R05/RR3/F54-CLOSEOUT-01/verify-R04/R04_MATRIX/cases/future-tool-shape-file-discoverable-not-callable.json
cb8e2db3b924a24b0bf8d611b22015f3a2a10ccc3f6ee16a819bc9388379c7f3  ??  artifacts/rust-tauri/R05/RR3/F54-CLOSEOUT-01/verify-R04/R04_MATRIX/cases/future-tool-shape-find-discoverable-not-callable.json
1c192846cc1d07ba6864e5dd594b97a48f402ab5519fca2040ecc7edc3d3fd02  ??  artifacts/rust-tauri/R05/RR3/F54-CLOSEOUT-01/verify-R04/R04_MATRIX/cases/future-tool-shape-grep-discoverable-not-callable.json
bbe14f10f21cc0a2c306c3554804930c3bf5b13c66b6b90cf1c79b465e394c3b  ??  artifacts/rust-tauri/R05/RR3/F54-CLOSEOUT-01/verify-R04/R04_MATRIX/cases/future-tool-shape-ls-discoverable-not-callable.json
a9b97d5170fb12a3359bdde03aa8fdfc8fe089399cd5f1dc3810dacaf5ac5653  ??  artifacts/rust-tauri/R05/RR3/F54-CLOSEOUT-01/verify-R04/R04_MATRIX/cases/future-tool-shape-lsp-discoverable-not-callable.json
6bc884d530bd7615a63e4dd9241155689273f4f9c70ccc044e2d91afc8eba4f1  ??  artifacts/rust-tauri/R05/RR3/F54-CLOSEOUT-01/verify-R04/R04_MATRIX/cases/future-tool-shape-materialize-discoverable-not-callable.json
5904c81036b270e82834b8084ca4b8b9b4492957d7d3ac5a83328f9bdc84b538  ??  artifacts/rust-tauri/R05/RR3/F54-CLOSEOUT-01/verify-R04/R04_MATRIX/cases/future-tool-shape-run_code-discoverable-not-callable.json
c9d67aa6d2f3fce41a3a011e42ac47399824eae28c54e2b89cf0bdae0dbf8052  ??  artifacts/rust-tauri/R05/RR3/F54-CLOSEOUT-01/verify-R04/R04_MATRIX/cases/future-tool-shape-security_scan-discoverable-not-callable.json
6cf1880613144cb8b359bd1c195f561f79c42836315ec94767b2336f24a9b783  ??  artifacts/rust-tauri/R05/RR3/F54-CLOSEOUT-01/verify-R04/R04_MATRIX/cases/future-tool-shape-stage_files-discoverable-not-callable.json
87164a841282a81c7b614451f88f157e89c03336043524a16637aa848d201f59  ??  artifacts/rust-tauri/R05/RR3/F54-CLOSEOUT-01/verify-R04/R04_MATRIX/cases/gateway-each-call-independent-permission.json
7d3631b38221c7c56e5b77793921c4de3ab067e7097d1c77131e73a3dadb0ce5  ??  artifacts/rust-tauri/R05/RR3/F54-CLOSEOUT-01/verify-R04/R04_MATRIX/cases/matrix-lifecycle-disable-holes.json
52e2294d2db41ba60884ca74bedd63d9e196def8ea43623c327cf7579c72e6e0  ??  artifacts/rust-tauri/R05/RR3/F54-CLOSEOUT-01/verify-R04/R04_MATRIX/cases/matrix-lifecycle-generation-refusals.json
710d96abbd53795e2f40639001eee2454a6ce7e5a285c883f9cd62f1b58ebda9  ??  artifacts/rust-tauri/R05/RR3/F54-CLOSEOUT-01/verify-R04/R04_MATRIX/cases/matrix-lifecycle-uninstall-holes.json
23c16612d569bb60e563215b453c022203ab19f05298ce7c9a3fc080da10b7d2  ??  artifacts/rust-tauri/R05/RR3/F54-CLOSEOUT-01/verify-R04/R04_MATRIX/cases/matrix-permission-consistency.json
d475fb8c9114bfdf95de5cc202da903bf354241d13f071bce870d8ba2502fd60  ??  artifacts/rust-tauri/R05/RR3/F54-CLOSEOUT-01/verify-R04/R04_MATRIX/cases/matrix-route-consistency.json
2b451a4a1fd773fba2e107116235dd5f28a06d104c7f7450f221f662510fc070  ??  artifacts/rust-tauri/R05/RR3/F54-CLOSEOUT-01/verify-R04/R04_MATRIX/cases/matrix-tool-family-count.json
1e442f90436b22848aeb3329ce35c020def0d74ba7d6bbc49eb983573e8e708d  ??  artifacts/rust-tauri/R05/RR3/F54-CLOSEOUT-01/verify-R04/R04_MATRIX/cases/mcp-connector-catalog-sync.json
02be7eb700e551cb0a000177a0e033872c65ad8b5ef7f46d66c014ecf3fb7150  ??  artifacts/rust-tauri/R05/RR3/F54-CLOSEOUT-01/verify-R04/R04_MATRIX/cases/mcp-connector-register-handshake.json
3770d396c99e5903569de3633edea057307097b9a87b9dfa53ef1060080bb6cb  ??  artifacts/rust-tauri/R05/RR3/F54-CLOSEOUT-01/verify-R04/R04_MATRIX/cases/mcp-describe-no-side-effect.json
905e6508c4c99929579667bd3184014916a117d7522917621f1aea839bdd039e  ??  artifacts/rust-tauri/R05/RR3/F54-CLOSEOUT-01/verify-R04/R04_MATRIX/cases/mcp-describe-real-identity.json
4d3dd454949ae333587a1c11005d6c8bb2088c32a636702d67ec0877b1e58cba  ??  artifacts/rust-tauri/R05/RR3/F54-CLOSEOUT-01/verify-R04/R04_MATRIX/cases/mcp-search-honest-availability.json
42c719e1d9f2fdae556b08414f6facea228b729210f804971fb1f41772e1ec5f  ??  artifacts/rust-tauri/R05/RR3/F54-CLOSEOUT-01/verify-R04/R04_MATRIX/cases/mcp-search-namespaced.json
dfbc531d38332ae34bc27eef48d7c96103f6f7b0cf55e51377608e95deffabc9  ??  artifacts/rust-tauri/R05/RR3/F54-CLOSEOUT-01/verify-R04/R04_MATRIX/cases/mcp-tool-call-full-chain.json
916eba77e6c3a4f9a8bf58bdf3a14d110fe9b75b22aa316ce7a47412c013fa04  ??  artifacts/rust-tauri/R05/RR3/F54-CLOSEOUT-01/verify-R04/R04_MATRIX/cases/mcp-tool-permission-face.json
c3f30127a40dfa980a32479cec6547074c067a4d8cd61e858b0aa7dc095455b3  ??  artifacts/rust-tauri/R05/RR3/F54-CLOSEOUT-01/verify-R04/R04_MATRIX/cases/permission-face-modes-verifiable.json
c51a56cfdce860c73de8e015f088d38b31bbf8e373a0dc6e1c8e43f9b5f80a2c  ??  artifacts/rust-tauri/R05/RR3/F54-CLOSEOUT-01/verify-R04/R04_MATRIX/cases/preauthorization-single-session-scoped.json
eefd602104c2c290f3a2704acec9cf3923cbf072e0e9ac1e5dad4b1103794f05  ??  artifacts/rust-tauri/R05/RR3/F54-CLOSEOUT-01/verify-R04/R04_MATRIX/cases/semantics-cancel-leaves-no-fabricated-receipt.json
1c8fced2b48030b05d00ab397c3aa0470c4f068287f841b1c7e53778b43e038d  ??  artifacts/rust-tauri/R05/RR3/F54-CLOSEOUT-01/verify-R04/R04_MATRIX/cases/semantics-failed-never-dispatched-receipt.json
220379bb262285fad8e6314d35a23f12ba26fcb0e501fe2431141c1a4d28a5a2  ??  artifacts/rust-tauri/R05/RR3/F54-CLOSEOUT-01/verify-R04/R04_MATRIX/cases/semantics-success-receipt-dispatched.json
8337cc9f0c6c3a4eeb0b4beb6ff1d93acd40878d92c9f16c4649942469017888  ??  artifacts/rust-tauri/R05/RR3/F54-CLOSEOUT-01/verify-R04/R04_MATRIX/cases/semantics-unknown-receipt-honest.json
cb89e56a59ac812a63576832232489b328ac7abf8041df762e7b1af1e2caa95d  ??  artifacts/rust-tauri/R05/RR3/F54-CLOSEOUT-01/verify-R04/R04_MATRIX/cases/sup01-ask-subagent-write-refused.json
1b21930f6737d6935a82328d4afb7b4fd7b439c107b48d01b29e4cdfa7399015  ??  artifacts/rust-tauri/R05/RR3/F54-CLOSEOUT-01/verify-R04/R04_MATRIX/cases/terminal-close-stops-terminal.json
59095540a473b474ab918f20eb08986f6bbb6cbfd08c49b9810963ae37407de5  ??  artifacts/rust-tauri/R05/RR3/F54-CLOSEOUT-01/verify-R04/R04_MATRIX/cases/terminal-snapshot-current-transcript.json
004a41eae978391bad56ebe5c3e6d2ced1a2c02eda01a37f79abc8867cb5a063  ??  artifacts/rust-tauri/R05/RR3/F54-CLOSEOUT-01/verify-R04/R04_MATRIX/cases/terminal-tail-cursor-continuation.json
16870fec4c31cd9e67e56d3328c74d20f9213a2e96113c28be3d7f7fe0d28979  ??  artifacts/rust-tauri/R05/RR3/F54-CLOSEOUT-01/verify-R04/R04_MATRIX/cases/tool-edit-conflict-preserves-user-version.json
bb810a38ce8bfbcafc0d64e1fc2831a08e952dfdc4a057fd99166ef589df1032  ??  artifacts/rust-tauri/R05/RR3/F54-CLOSEOUT-01/verify-R04/R04_MATRIX/cases/tool-edit-real-chain.json
bec2c6d085918085fb7eb01f8ec54ea53681b68aa489b59bc0a8e9b272c5c02e  ??  artifacts/rust-tauri/R05/RR3/F54-CLOSEOUT-01/verify-R04/R04_MATRIX/cases/tool-exec-cancel-cleanup.json
c0341bc7ba746aaa51754e5650264b1d7d55e93d55ea2a03df67769834825bcc  ??  artifacts/rust-tauri/R05/RR3/F54-CLOSEOUT-01/verify-R04/R04_MATRIX/cases/tool-exec-command-real-chain.json
e990fcd2da49cb923f667ea1714cfea3f69c8f3bd0002416761b93ab35d87ec3  ??  artifacts/rust-tauri/R05/RR3/F54-CLOSEOUT-01/verify-R04/R04_MATRIX/cases/tool-read-real-chain.json
ea288f832ccf584b20e6d0ef80d0116568fd2c989aff55d985adce98266f5f62  ??  artifacts/rust-tauri/R05/RR3/F54-CLOSEOUT-01/verify-R04/R04_MATRIX/cases/tool-write-real-chain.json
52e2d9bbf2b9890f5b4d03bf7c27cfb6c82322790e254fc813b47b7f093d939f  ??  artifacts/rust-tauri/R05/RR3/F54-CLOSEOUT-01/verify-R04/R04_MATRIX/cases/tool-write-stdin-continuation.json
83f514b83ad20e51f11205b345ebcce85d4423a69379cb2a9804c8ceaf07a027  ??  artifacts/rust-tauri/R05/RR3/F54-CLOSEOUT-01/verify-R04/R04_MATRIX/cases/tool-write-stdin-foreign-writes.json
a7808d20ac9ababe1086fa69222becb175276301656220ef17d30b123f8ef692  ??  artifacts/rust-tauri/R05/RR3/F54-CLOSEOUT-01/verify-R04/R04_MATRIX/integration.log
d254ec7dc8cbb6022f0fa1980ee6f7141ba5bd30dc36621f53c8658aee51683e  ??  artifacts/rust-tauri/R05/RR3/F54-CLOSEOUT-01/verify-R04/R04_MATRIX/leaf-cases.json
710b0a0de669eb95a46921bcad007fe5b5a62827a1dd6cb7e0884f59b22d96fd  ??  artifacts/rust-tauri/R05/RR3/F54-CLOSEOUT-01/verify-R04/R04_MATRIX/matrix-counts.json
4d427e411d4094175bda8b798c0114af4830967a0acf48fd27ee7f9e11c1fd46  ??  artifacts/rust-tauri/R05/RR3/F54-CLOSEOUT-01/verify-R04/R04_MATRIX/summary.txt
e3b0c44298fc1c149afbf4c8996fb92427ae41e4649b934ca495991b7852b855  ??  artifacts/rust-tauri/R05/RR3/F54-CLOSEOUT-01/verify-R04/check_boundaries/stderr.log
d99ada8df8ff7853d02908eb6bb04adfa1e06d15fa8e1af10a9ecaa46d7ca330  ??  artifacts/rust-tauri/R05/RR3/F54-CLOSEOUT-01/verify-R04/check_boundaries/stdout.log
e3b0c44298fc1c149afbf4c8996fb92427ae41e4649b934ca495991b7852b855  ??  artifacts/rust-tauri/R05/RR3/F54-CLOSEOUT-01/verify-R04/check_contracts/stderr.log
77d04b64918ac301d220d57419c8429e7c37471a5f4caaeb0765e11e1987fe9a  ??  artifacts/rust-tauri/R05/RR3/F54-CLOSEOUT-01/verify-R04/check_contracts/stdout.log
e3b0c44298fc1c149afbf4c8996fb92427ae41e4649b934ca495991b7852b855  ??  artifacts/rust-tauri/R05/RR3/F54-CLOSEOUT-01/verify-R04/r04_tool_matrix/stderr.log
fd365c016bc3c5f20663dab135e8e6f558b13e872de1103e1912965ae98911f7  ??  artifacts/rust-tauri/R05/RR3/F54-CLOSEOUT-01/verify-R04/r04_tool_matrix/stdout.log
95b02912b142798d989ef22bc3fc933fdb3cad4493c34b8fdd76f618d39f146e  ??  artifacts/rust-tauri/R05/RR3/F54-CLOSEOUT-01/verify-R04/rust_clippy/stderr.log
e3b0c44298fc1c149afbf4c8996fb92427ae41e4649b934ca495991b7852b855  ??  artifacts/rust-tauri/R05/RR3/F54-CLOSEOUT-01/verify-R04/rust_clippy/stdout.log
e3b0c44298fc1c149afbf4c8996fb92427ae41e4649b934ca495991b7852b855  ??  artifacts/rust-tauri/R05/RR3/F54-CLOSEOUT-01/verify-R04/rust_fmt/stderr.log
e3b0c44298fc1c149afbf4c8996fb92427ae41e4649b934ca495991b7852b855  ??  artifacts/rust-tauri/R05/RR3/F54-CLOSEOUT-01/verify-R04/rust_fmt/stdout.log
c9d141cb273f3f1d6cda581f79d7c2e83f429cb4ef0b84d2f3c2618feaad48d3  ??  artifacts/rust-tauri/R05/RR3/F54-CLOSEOUT-01/verify-R04/rust_test_workspace/stderr.log
d5d451ab50fac790632d85be19dc5a786caab1fa5ad316cd91ab2f116dc3b8b7  ??  artifacts/rust-tauri/R05/RR3/F54-CLOSEOUT-01/verify-R04/rust_test_workspace/stdout.log
476da996c4d1d951aaa5149e6b7bec3456f2e2f9bec3d711dbd92410be6d68ad   M  docs/rust-tauri/R00/ACCEPTANCE_MAP.json
cf643e59aa33214cd72baa8b9c3681effe178805880818399405786100f64379   M  docs/rust-tauri/R00/BLOCKERS.md
462d528b17aba8b8bc9ae10912feda7778adfef92de7c3282d311dc5e7c1bac3   M  docs/rust-tauri/R00/FEATURE_STAGE_ACCEPTANCE.json
4fea974469f36cfd93fcadaa8d24afea08a299ae5e4933a44a69bfbdbf6b3fbc   M  rust/crates/lingxi-service/tests/r04_t08_tool_matrix.rs
d926e08aa14a9a589ca026583213540d72407e3294834b8cab7da4da2caf122a   M  rust/crates/xtask/src/stage_map.rs
33950d59cf10291b0e8b1f529499a1cf5028a780c4c327234b50ea67f10fbba1   M  rust/crates/xtask/src/stage_maps/R04.json
60b7def6d6314401b9305a16a20e44181b7c19ae0e6e3e30ed333a3bc6478ed8   M  scripts/rust-tauri/r04_t08_generate_stage_map.py
