# binding-exclusion: artifacts/rust-tauri/R05/RR2/B-R2/R2/s5-full-4/ev/legacy-entry/** — this run's run-time output root (runner output, never candidate source); applied symmetrically to BOTH the main-repo binding and the candidate-copy binding (E0 mirror compare)
# binding-exclusion: artifacts/rust-tauri/R05/RR2/B-R2/R2/s5-full-4/run-root/** — this run's run-time output root (runner output, never candidate source); applied symmetrically to BOTH the main-repo binding and the candidate-copy binding (E0 mirror compare)
33e5d008027ebeb3aa54ec4e612b416109f752d9a242a1b161a02d0a7b5c9ab5  ??  artifacts/rust-tauri/R05/RR2/A-R2/REPORT.md
45f75b19e5718ce74d75d27dc949e2b0cc21908a1e53dca4d31c24e03ebe8e09  ??  artifacts/rust-tauri/R05/RR2/A-R2/fingerprint-extraction/build.log
bc956af2a612d989e0a59fc2c99c073f807dc2aaf08600fca4930dcf4fcd4cba  ??  artifacts/rust-tauri/R05/RR2/A-R2/fingerprint-extraction/fresh-home-path.txt
a581a6c7f5cd4ad9917dd5dcec8abf661e6e15ffbd720437367d790444c44391  ??  artifacts/rust-tauri/R05/RR2/A-R2/fingerprint-extraction/fresh-migrations.json
0b092af07eb53554197e84f5818fb62336de7dce1a3b3b1335eda6510143c858  ??  artifacts/rust-tauri/R05/RR2/A-R2/fingerprint-extraction/fresh-service.err
2f417a75a7e5e7ee61825301b566f27a48804d508e1a2bbb503118f42b3918a5  ??  artifacts/rust-tauri/R05/RR2/A-R2/fingerprint-extraction/fresh-service.out
e3b0c44298fc1c149afbf4c8996fb92427ae41e4649b934ca495991b7852b855  ??  artifacts/rust-tauri/R05/RR2/A-R2/fmt-check.log
4baf80f747bdab4baef58c3bdd2c33084623a1597aee5ed9975b2ca3672ffff8  ??  artifacts/rust-tauri/R05/RR2/A-R2/mutations/baseline-s0consistency.log
e3b0c44298fc1c149afbf4c8996fb92427ae41e4649b934ca495991b7852b855  ??  artifacts/rust-tauri/R05/RR2/A-R2/mutations/baseline-s4equation.log
66b84fa0a56984d870eccfb8f3e6da3a178cf5eea215153f6c7ac7de8b9ea5b6  ??  artifacts/rust-tauri/R05/RR2/A-R2/mutations/mut1-del-v6-s0consistency.log
b49073e6f68cad42d6f4aea01c077a4c6810e0a0762b93c57b68f99bcefc4534  ??  artifacts/rust-tauri/R05/RR2/A-R2/mutations/mut1-del-v6-s4equation.log
ce45c2d07b8deb170bbffeb24b9f905864cf1ef5f2b339bb330be36b8e1a89f6  ??  artifacts/rust-tauri/R05/RR2/A-R2/mutations/mut2-v7-fp-s0consistency.log
fbbd00ebe5ce4c5a27b397653464ee3de4209a64372b8dd73a4ef1d518735308  ??  artifacts/rust-tauri/R05/RR2/A-R2/mutations/mut2-v7-fp-s4equation.log
2776c148c42489d9924be4b0d9e10e51ecf978f21838e37bd3fdaf3fcbaea828  ??  artifacts/rust-tauri/R05/RR2/A-R2/mutations/mut3-v2-fp-s0consistency.log
782acd5969348f070b17a93c62f65ca9a90f99a54c677fe89ca427bef9e324a5  ??  artifacts/rust-tauri/R05/RR2/A-R2/mutations/mut3-v2-fp-s4equation.log
9785871fb67a4d5fdc0b469911dabecd4c7c0fb7dfab1ffae957ee9dee72ce2e  ??  artifacts/rust-tauri/R05/RR2/A-R2/mutations/registry-pristine.json
4baf80f747bdab4baef58c3bdd2c33084623a1597aee5ed9975b2ca3672ffff8  ??  artifacts/rust-tauri/R05/RR2/A-R2/mutations/restored-s0consistency.log
e3b0c44298fc1c149afbf4c8996fb92427ae41e4649b934ca495991b7852b855  ??  artifacts/rust-tauri/R05/RR2/A-R2/mutations/restored-s4equation.log
97dc9dcad83aa7956e787f8823282317c8099db6d738b60ad5fa067a6f1dfb57  ??  artifacts/rust-tauri/R05/RR2/A-R2/mutations/run.log
eece949841b10f51223c60eac5caec9fdbebcf9b86c55b19d4bad68d3a3a7f3a  ??  artifacts/rust-tauri/R05/RR2/A-R2/mutations/run.sh
566e30e868028aef750987c47a9a3ee13a1446b273abf51b405008fa7005eb12  ??  artifacts/rust-tauri/R05/RR2/A-R2/r02-storage-tx-stdout.log
732186322402325172940531d8d6d7cfac85dc902585b2bef6715ad6839dacfd  ??  artifacts/rust-tauri/R05/RR2/A-R2/r02-storage-tx/build.log
ee1de2499e88ba9b54683f3749eec61f23e4044a8074874194e0746ea2442198  ??  artifacts/rust-tauri/R05/RR2/A-R2/r02-storage-tx/last-db-hashes.txt
4baf80f747bdab4baef58c3bdd2c33084623a1597aee5ed9975b2ca3672ffff8  ??  artifacts/rust-tauri/R05/RR2/A-R2/r02-storage-tx/s0-registry-consistency.log
d713b4d2f2123afe9c6c7fc9f2e89746849192a9276c9c9383b94d4ab7fd0c66  ??  artifacts/rust-tauri/R05/RR2/A-R2/r02-storage-tx/s1-counts-after-stop.json
347987f9452c382b32e905cd01a47510e5b5052b9177d6711a0828ded331f07a  ??  artifacts/rust-tauri/R05/RR2/A-R2/r02-storage-tx/s2-counts-after-crash.json
bdf5dfd9efb7761260b8747df592ea3d55cc3f7d8d86b89170bacd78cd053183  ??  artifacts/rust-tauri/R05/RR2/A-R2/r02-storage-tx/s2-runs-dump.jsonl
f0224947b05c717b9bf86f628fbd2f0546a4873418de0e68bc008ca608a13c1a  ??  artifacts/rust-tauri/R05/RR2/A-R2/r02-storage-tx/s3-fault.err
e3b0c44298fc1c149afbf4c8996fb92427ae41e4649b934ca495991b7852b855  ??  artifacts/rust-tauri/R05/RR2/A-R2/r02-storage-tx/s3-fault.out
7b84b7f69cc2e69f69772634f95d1d0e09b68087cd86cbf52e4230f6bbf50376  ??  artifacts/rust-tauri/R05/RR2/A-R2/r02-storage-tx/s4-hashes-after.txt
7b84b7f69cc2e69f69772634f95d1d0e09b68087cd86cbf52e4230f6bbf50376  ??  artifacts/rust-tauri/R05/RR2/A-R2/r02-storage-tx/s4-hashes-before.txt
07e4e20ea13119d473bbab91ea18ef39cbbe75db60d81cd4d3e5261e73f92308  ??  artifacts/rust-tauri/R05/RR2/A-R2/r02-storage-tx/s4-migrations-round1.json
07e4e20ea13119d473bbab91ea18ef39cbbe75db60d81cd4d3e5261e73f92308  ??  artifacts/rust-tauri/R05/RR2/A-R2/r02-storage-tx/s4-migrations-round2.json
07e4e20ea13119d473bbab91ea18ef39cbbe75db60d81cd4d3e5261e73f92308  ??  artifacts/rust-tauri/R05/RR2/A-R2/r02-storage-tx/s4-migrations-round3.json
e62fe0e3d92160d650e68bdbc162897447dd6977f23668ee19ae1d105efa32a3  ??  artifacts/rust-tauri/R05/RR2/A-R2/r02-storage-tx/service-s1.err
3b9b17c5de23be32a2a946984f47df6748c5d2090fb6286bbbab79f6b038e92b  ??  artifacts/rust-tauri/R05/RR2/A-R2/r02-storage-tx/service-s1.out
4ebf3cfa408acd3938dbe3e85ed5dfc7e621e95399852062dd222269275b9fc0  ??  artifacts/rust-tauri/R05/RR2/A-R2/r02-storage-tx/service-s1b.err
760c1f9f5307f0fd6aa2d14fb4ba828b775db647206622d04bf4f33b28093978  ??  artifacts/rust-tauri/R05/RR2/A-R2/r02-storage-tx/service-s1b.out
6158c0243412170f015b2d73e9135b34de4ff1092fc18c6cfdaf07d10d99a4b6  ??  artifacts/rust-tauri/R05/RR2/A-R2/r02-storage-tx/service-s2.err
dc61a2f2928f37de94da0d36cb625d4e156410e9f89edb54e885f45b9b5021d5  ??  artifacts/rust-tauri/R05/RR2/A-R2/r02-storage-tx/service-s2.out
99689ad2e5185bfeec8dd0b37915e4de224a2c6fa667d3e708a36ca22c9d6c2a  ??  artifacts/rust-tauri/R05/RR2/A-R2/r02-storage-tx/service-s2b.err
ac0b2bfb4a584d518c66a27032281dcb3eca8c543581d2dde8ff633dbc72bcc7  ??  artifacts/rust-tauri/R05/RR2/A-R2/r02-storage-tx/service-s2b.out
6a0961b0c5a5373ec8fdca357f4a21245f09e0d63b55d2b9c1d04d246cf981d7  ??  artifacts/rust-tauri/R05/RR2/A-R2/r02-storage-tx/service-s4-1.err
dd6674cdf4a16bb78f29a3d8e8f2dfdb39c6a2b0d2a308f279da9e4b479bb93c  ??  artifacts/rust-tauri/R05/RR2/A-R2/r02-storage-tx/service-s4-1.out
383c07d75f4e9fc1e035f59c2738374a30e27ff62462e1a4f75dcac9fddce867  ??  artifacts/rust-tauri/R05/RR2/A-R2/r02-storage-tx/service-s4-2.err
df938888780604eb17cf55c274bf0e5a7412a6b6f47d29813dc5d91b6cab9f26  ??  artifacts/rust-tauri/R05/RR2/A-R2/r02-storage-tx/service-s4-2.out
048a65da078a9e998546729f6d1bcda08e4099dc897dddb38692aa45647ed950  ??  artifacts/rust-tauri/R05/RR2/A-R2/r02-storage-tx/service-s4-3.err
ecf059f87366ced627d3f6fb44aa7e4cd937db404b13187ff1025c3d6558829e  ??  artifacts/rust-tauri/R05/RR2/A-R2/r02-storage-tx/service-s4-3.out
0fd13ae8708bdd36178eda3efd9b936f01b2fc593554c99d6c01b7453cdb3f8b  ??  artifacts/rust-tauri/R05/RR2/A-R2/r02-storage-tx/service.addr
7571084f2cb7cff97ed33dfafaaee6971e9c883c5698189652289e2879dcda6d  ??  artifacts/rust-tauri/R05/RR2/A-R2/r02-storage-tx/service.pid
23d1abb3299376baf799de84e8bdb32c61d15f08b735adef1f3d15edf2e4ab75  ??  artifacts/rust-tauri/R05/RR2/A-R2/r02-storage-tx/summary.txt
1976eadc18d121a7266bc5d20e5f7f01277653be02af5841361e37f4c84a3b48  ??  artifacts/rust-tauri/R05/RR2/A-R2/upgrade-v5-to-v7/migrations-after-upgrade.json
b3cd655b7c85b8d3ef8c7402213a9d63501b064980c6a2b4c6e53d2f9c0bc61a  ??  artifacts/rust-tauri/R05/RR2/A-R2/upgrade-v5-to-v7/run.log
2136eec7f6b6fed00502133144c317804d3a1efd4db00e4c198be17d095eef0e  ??  artifacts/rust-tauri/R05/RR2/A-R2/upgrade-v5-to-v7/run.sh
46aac89d3eb5402d1195636d23925709b74cc0fad2d64f481986a32f6905dc18  ??  artifacts/rust-tauri/R05/RR2/A-R2/upgrade-v5-to-v7/schema-v5.sql
04b698bdbcf4d5aeb143391abf301b44582d8e985c4ad25f4bc29a52f103b441  ??  artifacts/rust-tauri/R05/RR2/A-R2/upgrade-v5-to-v7/unknown-semantics.json
3140494747b3b4e70600db0f6c9e74a63389057d93d034a17e7b913ccdae7984  ??  artifacts/rust-tauri/R05/RR2/A-R2/upgrade-v5-to-v7/upgrade-service.err
37abc47471049348f7e5bfbe0e538407cba7d24a56b3c8df0a740cacfd24b2db  ??  artifacts/rust-tauri/R05/RR2/A-R2/upgrade-v5-to-v7/upgrade-service.out
03cbdeccca06eadf75d800719ab0c5d1cd0bd1b16723394d210ca2353dc8d860  ??  artifacts/rust-tauri/R05/RR2/A-R2/upgrade-v5-to-v7/usage-after-upgrade.json
25b43020e3a20f5f1a92632aa017a1b092efb4d44afc402dbf6babfeeefe80fa  ??  artifacts/rust-tauri/R05/RR2/A-R2/upgrade-v5-to-v7/usage-before-upgrade.json
d22eabe6d375ec525f160e4326bf4b94d1d91ec765a4e3353237e6dda52c48d2  ??  artifacts/rust-tauri/R05/RR2/B-R2/R2/README.md
7ffe6b5e416c6f226fcd72ec8d5d4a4b143047a96ab011dfc83928c53b33aa00  ??  artifacts/rust-tauri/R05/RR2/B-R2/R2/bin/illegal.sh
7ae6ddf83d5586d3b7c10880be1679f564ac58b6a59a1983cce9c1cf57f23f8f  ??  artifacts/rust-tauri/R05/RR2/B-R2/R2/bin/illegal_all.sh
3d9fc18943abfe1135b778673c696d13ac2c863f2341b8d98a50df98f4eb8d80  ??  artifacts/rust-tauri/R05/RR2/B-R2/R2/bin/lib.sh
d60f588f344fc2688b1d3a98bc12f19a098411ef2de140535afffe61debff3f6  ??  artifacts/rust-tauri/R05/RR2/B-R2/R2/bin/n4b_old_static_untracked.sh
aa8ecddc44dd302b0e3be25e776e83e960754585bb44067e1c0348f83b932cec  ??  artifacts/rust-tauri/R05/RR2/B-R2/R2/bin/n6_dedication.sh
b0f304a44e46956adf7ffb011a2ac701c62bb6b9c8adca160710244a8136d7b1  ??  artifacts/rust-tauri/R05/RR2/B-R2/R2/bin/neg.sh
e6977263a61145be6006e159eabcb44f0d61501c4f30c871080ccf2b8838625f  ??  artifacts/rust-tauri/R05/RR2/B-R2/R2/bin/s1a_inrepo.sh
728197e3026255e688c279a1c01bd7aee5802aab3cb199742d5144810b116b29  ??  artifacts/rust-tauri/R05/RR2/B-R2/R2/bin/s1b_outrepo.sh
6487868d51c197abd3ce9762e3247001ebe5c9a09e5cf9e8d962566c97c75172  ??  artifacts/rust-tauri/R05/RR2/B-R2/R2/bin/s2_nested.sh
c7eedf78a13cdb486ebc8416338e764cc3c93dc6e977f635cd0aebec004afc1e  ??  artifacts/rust-tauri/R05/RR2/B-R2/R2/bin/s3_clean.sh
24b9fa6e60d064802e0cdd1d2c5f6db8284c792e0a16331b55bd3f53b8b0f1e4  ??  artifacts/rust-tauri/R05/RR2/B-R2/R2/bin/s5_full.sh
475f79dae0aeaab4ddd1c695260caf78a35fd892374d916b9057bf5c9af189e5  ??  artifacts/rust-tauri/R05/RR2/B-R2/R2/debug-probe/run-root/stderr.log
cb436816a95444e320e4754ff382bb4a76cb38a3f23e0ad70c1b4534a74f95ca  ??  artifacts/rust-tauri/R05/RR2/B-R2/R2/debug-probe/run-root/stdout.log
e3b0c44298fc1c149afbf4c8996fb92427ae41e4649b934ca495991b7852b855  ??  artifacts/rust-tauri/R05/RR2/B-R2/R2/debug-probe/x/err1.log
e3b0c44298fc1c149afbf4c8996fb92427ae41e4649b934ca495991b7852b855  ??  artifacts/rust-tauri/R05/RR2/B-R2/R2/debug-probe/x/err2.log
e3b0c44298fc1c149afbf4c8996fb92427ae41e4649b934ca495991b7852b855  ??  artifacts/rust-tauri/R05/RR2/B-R2/R2/debug-probe/x/err3.log
e3b0c44298fc1c149afbf4c8996fb92427ae41e4649b934ca495991b7852b855  ??  artifacts/rust-tauri/R05/RR2/B-R2/R2/debug-probe/x/out1.log
e3b0c44298fc1c149afbf4c8996fb92427ae41e4649b934ca495991b7852b855  ??  artifacts/rust-tauri/R05/RR2/B-R2/R2/debug-probe/x/out2.log
e3b0c44298fc1c149afbf4c8996fb92427ae41e4649b934ca495991b7852b855  ??  artifacts/rust-tauri/R05/RR2/B-R2/R2/debug-probe/x/out3.log
4bce16b2e31044ac6519dbdd8a3598d96233325ad2f6e0d44c57ea4f676a0ed0  ??  artifacts/rust-tauri/R05/RR2/B-R2/R2/debug-probe2/extracted-discovery-python.py
475f79dae0aeaab4ddd1c695260caf78a35fd892374d916b9057bf5c9af189e5  ??  artifacts/rust-tauri/R05/RR2/B-R2/R2/debug-probe2/run-root/stderr.log
e42d23fd02bcae75a4fd490d1041b14715d95ab5196ddfbd2594a112e7f5732b  ??  artifacts/rust-tauri/R05/RR2/B-R2/R2/debug-probe2/run-root/stdout.log
28155615ce02a32c6efd2d1e15da0a48a329de9f5e9406a00b701c0cbeadcd33  ??  artifacts/rust-tauri/R05/RR2/B-R2/R2/illegal/work/ev-0/legacy-entry/e0-binding-exclusion-candidates.tsv
e3b0c44298fc1c149afbf4c8996fb92427ae41e4649b934ca495991b7852b855  ??  artifacts/rust-tauri/R05/RR2/B-R2/R2/illegal/work/ev-0/legacy-entry/e0-binding-exclusions.txt
e3b0c44298fc1c149afbf4c8996fb92427ae41e4649b934ca495991b7852b855  ??  artifacts/rust-tauri/R05/RR2/B-R2/R2/illegal/work/ev-0/legacy-entry/e0-run-output-sinks.txt
a871e7e1202a3868ca8fd3efd68570fb3fa0a61835702653c13a9d2133836630  ??  artifacts/rust-tauri/R05/RR2/B-R2/R2/illegal/work/ev-0/legacy-entry/summary.txt
0ddfdac972e810e3ff42e58eabfb69a888ce73a1e057d395570b8bbca3fe2d40  ??  artifacts/rust-tauri/R05/RR2/B-R2/R2/illegal/work/ev-1/legacy-entry/e0-binding-exclusion-candidates.tsv
e3b0c44298fc1c149afbf4c8996fb92427ae41e4649b934ca495991b7852b855  ??  artifacts/rust-tauri/R05/RR2/B-R2/R2/illegal/work/ev-1/legacy-entry/e0-binding-exclusions.txt
e3b0c44298fc1c149afbf4c8996fb92427ae41e4649b934ca495991b7852b855  ??  artifacts/rust-tauri/R05/RR2/B-R2/R2/illegal/work/ev-1/legacy-entry/e0-run-output-sinks.txt
e6674786b3ed830ed8748a0a43e7f48a32c3b661d9feeb72d04a42ceda087516  ??  artifacts/rust-tauri/R05/RR2/B-R2/R2/illegal/work/ev-1/legacy-entry/summary.txt
1cf13f2a6e6bfde19058d88693a0bf1017400576e814cad76bf959c1c3d3bc08  ??  artifacts/rust-tauri/R05/RR2/B-R2/R2/illegal/work/ev-2/legacy-entry/e0-binding-exclusion-candidates.tsv
e3b0c44298fc1c149afbf4c8996fb92427ae41e4649b934ca495991b7852b855  ??  artifacts/rust-tauri/R05/RR2/B-R2/R2/illegal/work/ev-2/legacy-entry/e0-binding-exclusions.txt
e3b0c44298fc1c149afbf4c8996fb92427ae41e4649b934ca495991b7852b855  ??  artifacts/rust-tauri/R05/RR2/B-R2/R2/illegal/work/ev-2/legacy-entry/e0-run-output-sinks.txt
f59d226d472e94250f6520f94e0da32013ff9eb1617293229eac4daf7c0920ca  ??  artifacts/rust-tauri/R05/RR2/B-R2/R2/illegal/work/ev-2/legacy-entry/summary.txt
475f79dae0aeaab4ddd1c695260caf78a35fd892374d916b9057bf5c9af189e5  ??  artifacts/rust-tauri/R05/RR2/B-R2/R2/illegal/work/gate-stderr-0.log
9a4a68fac173c7e8d3f39f1eede6e7caa9cd3006e5406d381f8c80aaaaa268d0  ??  artifacts/rust-tauri/R05/RR2/B-R2/R2/illegal/work/gate-stderr-1.log
e5f28f84c67d97aa72f6368dcd1486ba40f87bec127f7c6341f1f9eea273f2a5  ??  artifacts/rust-tauri/R05/RR2/B-R2/R2/illegal/work/gate-stderr-2.log
a871e7e1202a3868ca8fd3efd68570fb3fa0a61835702653c13a9d2133836630  ??  artifacts/rust-tauri/R05/RR2/B-R2/R2/illegal/work/gate-stdout-0.log
e6674786b3ed830ed8748a0a43e7f48a32c3b661d9feeb72d04a42ceda087516  ??  artifacts/rust-tauri/R05/RR2/B-R2/R2/illegal/work/gate-stdout-1.log
f59d226d472e94250f6520f94e0da32013ff9eb1617293229eac4daf7c0920ca  ??  artifacts/rust-tauri/R05/RR2/B-R2/R2/illegal/work/gate-stdout-2.log
38e13918157d35e27f56170340902af01d38318934f69f045f207fa8c9301795  ??  artifacts/rust-tauri/R05/RR2/B-R2/R2/n1/driver-console.log
e3b0c44298fc1c149afbf4c8996fb92427ae41e4649b934ca495991b7852b855  ??  artifacts/rust-tauri/R05/RR2/B-R2/R2/n1/work/ev/legacy-entry/e0-binding-exclusion-candidates.tsv
e3b0c44298fc1c149afbf4c8996fb92427ae41e4649b934ca495991b7852b855  ??  artifacts/rust-tauri/R05/RR2/B-R2/R2/n1/work/ev/legacy-entry/e0-binding-exclusions.txt
4e1c254e482dba64ff30861485e77ae75c466198f3e0b8f0cac5e56662872c9c  ??  artifacts/rust-tauri/R05/RR2/B-R2/R2/n1/work/ev/legacy-entry/e0-candidate-binding.tsv
402d501de4716230aab6602877ab1d688f1e1ca8270c2fd1c8cc92f1f5001fef  ??  artifacts/rust-tauri/R05/RR2/B-R2/R2/n1/work/ev/legacy-entry/e0-candidate-dirty.diff
1049b7d7278a9d58e5cb81a34647c10858e9f203e039a73df20800569a44e566  ??  artifacts/rust-tauri/R05/RR2/B-R2/R2/n1/work/ev/legacy-entry/e0-candidate-dirty.txt
e3b0c44298fc1c149afbf4c8996fb92427ae41e4649b934ca495991b7852b855  ??  artifacts/rust-tauri/R05/RR2/B-R2/R2/n1/work/ev/legacy-entry/e0-run-output-sinks.txt
6d452e533acba5f93351c7d46a3932e758ce91bf5db3151097eabde968d6190f  ??  artifacts/rust-tauri/R05/RR2/B-R2/R2/n1/work/ev/legacy-entry/summary.txt
07ae094e22da68a3a1d75a63bc74fefb2b7ade734e0e227919a9f21b3b2c1327  ??  artifacts/rust-tauri/R05/RR2/B-R2/R2/n1/work/gate-stderr.log
6d452e533acba5f93351c7d46a3932e758ce91bf5db3151097eabde968d6190f  ??  artifacts/rust-tauri/R05/RR2/B-R2/R2/n1/work/gate-stdout.log
e75a4dde400a2f7b30835d00d0441279cec6561a9ca804e54f720f4bddaac525  ??  artifacts/rust-tauri/R05/RR2/B-R2/R2/n1/work/mutation.log
cf4801f908778666309315f506e4fc6487757482c76198439094dd19336c5e51  ??  artifacts/rust-tauri/R05/RR2/B-R2/R2/n2/driver-console.log
e3b0c44298fc1c149afbf4c8996fb92427ae41e4649b934ca495991b7852b855  ??  artifacts/rust-tauri/R05/RR2/B-R2/R2/n2/work/ev/legacy-entry/e0-binding-exclusion-candidates.tsv
e3b0c44298fc1c149afbf4c8996fb92427ae41e4649b934ca495991b7852b855  ??  artifacts/rust-tauri/R05/RR2/B-R2/R2/n2/work/ev/legacy-entry/e0-binding-exclusions.txt
4e1c254e482dba64ff30861485e77ae75c466198f3e0b8f0cac5e56662872c9c  ??  artifacts/rust-tauri/R05/RR2/B-R2/R2/n2/work/ev/legacy-entry/e0-candidate-binding.tsv
402d501de4716230aab6602877ab1d688f1e1ca8270c2fd1c8cc92f1f5001fef  ??  artifacts/rust-tauri/R05/RR2/B-R2/R2/n2/work/ev/legacy-entry/e0-candidate-dirty.diff
1049b7d7278a9d58e5cb81a34647c10858e9f203e039a73df20800569a44e566  ??  artifacts/rust-tauri/R05/RR2/B-R2/R2/n2/work/ev/legacy-entry/e0-candidate-dirty.txt
e3b0c44298fc1c149afbf4c8996fb92427ae41e4649b934ca495991b7852b855  ??  artifacts/rust-tauri/R05/RR2/B-R2/R2/n2/work/ev/legacy-entry/e0-run-output-sinks.txt
429409a237d4c89c8d405a69c3fa173303e501853bcd99f8436e3c9fd07df36f  ??  artifacts/rust-tauri/R05/RR2/B-R2/R2/n2/work/ev/legacy-entry/summary.txt
07ae094e22da68a3a1d75a63bc74fefb2b7ade734e0e227919a9f21b3b2c1327  ??  artifacts/rust-tauri/R05/RR2/B-R2/R2/n2/work/gate-stderr.log
429409a237d4c89c8d405a69c3fa173303e501853bcd99f8436e3c9fd07df36f  ??  artifacts/rust-tauri/R05/RR2/B-R2/R2/n2/work/gate-stdout.log
b62f5e3c0901e0600e9b0924b14c967c5e44e4b69a95c40ced7174cb7c70dc17  ??  artifacts/rust-tauri/R05/RR2/B-R2/R2/n2/work/mutation.log
892ee67bcdafffd7b82488e280b1385b22d4598ecc77b8f6e9bb58e41be0474f  ??  artifacts/rust-tauri/R05/RR2/B-R2/R2/n3/driver-console.log
e3b0c44298fc1c149afbf4c8996fb92427ae41e4649b934ca495991b7852b855  ??  artifacts/rust-tauri/R05/RR2/B-R2/R2/n3/work/ev/legacy-entry/e0-binding-exclusion-candidates.tsv
e3b0c44298fc1c149afbf4c8996fb92427ae41e4649b934ca495991b7852b855  ??  artifacts/rust-tauri/R05/RR2/B-R2/R2/n3/work/ev/legacy-entry/e0-binding-exclusions.txt
4e1c254e482dba64ff30861485e77ae75c466198f3e0b8f0cac5e56662872c9c  ??  artifacts/rust-tauri/R05/RR2/B-R2/R2/n3/work/ev/legacy-entry/e0-candidate-binding.tsv
402d501de4716230aab6602877ab1d688f1e1ca8270c2fd1c8cc92f1f5001fef  ??  artifacts/rust-tauri/R05/RR2/B-R2/R2/n3/work/ev/legacy-entry/e0-candidate-dirty.diff
1049b7d7278a9d58e5cb81a34647c10858e9f203e039a73df20800569a44e566  ??  artifacts/rust-tauri/R05/RR2/B-R2/R2/n3/work/ev/legacy-entry/e0-candidate-dirty.txt
e3b0c44298fc1c149afbf4c8996fb92427ae41e4649b934ca495991b7852b855  ??  artifacts/rust-tauri/R05/RR2/B-R2/R2/n3/work/ev/legacy-entry/e0-run-output-sinks.txt
af680a9c76baaf0a7b34cd6c0ebef5dca8ab23834a02ba87ad59c6b31eeebc8d  ??  artifacts/rust-tauri/R05/RR2/B-R2/R2/n3/work/ev/legacy-entry/summary.txt
07ae094e22da68a3a1d75a63bc74fefb2b7ade734e0e227919a9f21b3b2c1327  ??  artifacts/rust-tauri/R05/RR2/B-R2/R2/n3/work/gate-stderr.log
af680a9c76baaf0a7b34cd6c0ebef5dca8ab23834a02ba87ad59c6b31eeebc8d  ??  artifacts/rust-tauri/R05/RR2/B-R2/R2/n3/work/gate-stdout.log
2f62337db6c063b57827875d0e59b4c544156f457a1d1c8894dfce42ca1007ef  ??  artifacts/rust-tauri/R05/RR2/B-R2/R2/n3/work/mutation.log
966119db256e178e7da3b1cb7cacecb63f14d7f869790d8659f3c6668fcddfb2  ??  artifacts/rust-tauri/R05/RR2/B-R2/R2/n4a/driver-console.log
e3b0c44298fc1c149afbf4c8996fb92427ae41e4649b934ca495991b7852b855  ??  artifacts/rust-tauri/R05/RR2/B-R2/R2/n4a/work/ev/legacy-entry/e0-binding-exclusion-candidates.tsv
e3b0c44298fc1c149afbf4c8996fb92427ae41e4649b934ca495991b7852b855  ??  artifacts/rust-tauri/R05/RR2/B-R2/R2/n4a/work/ev/legacy-entry/e0-binding-exclusions.txt
4e1c254e482dba64ff30861485e77ae75c466198f3e0b8f0cac5e56662872c9c  ??  artifacts/rust-tauri/R05/RR2/B-R2/R2/n4a/work/ev/legacy-entry/e0-candidate-binding.tsv
402d501de4716230aab6602877ab1d688f1e1ca8270c2fd1c8cc92f1f5001fef  ??  artifacts/rust-tauri/R05/RR2/B-R2/R2/n4a/work/ev/legacy-entry/e0-candidate-dirty.diff
1049b7d7278a9d58e5cb81a34647c10858e9f203e039a73df20800569a44e566  ??  artifacts/rust-tauri/R05/RR2/B-R2/R2/n4a/work/ev/legacy-entry/e0-candidate-dirty.txt
e3b0c44298fc1c149afbf4c8996fb92427ae41e4649b934ca495991b7852b855  ??  artifacts/rust-tauri/R05/RR2/B-R2/R2/n4a/work/ev/legacy-entry/e0-run-output-sinks.txt
0abe7de98a3d3d197a2fd331b9d7cc2877c3c26b05bb1b14b54160d1ec2f7bc0  ??  artifacts/rust-tauri/R05/RR2/B-R2/R2/n4a/work/ev/legacy-entry/summary.txt
07ae094e22da68a3a1d75a63bc74fefb2b7ade734e0e227919a9f21b3b2c1327  ??  artifacts/rust-tauri/R05/RR2/B-R2/R2/n4a/work/gate-stderr.log
0abe7de98a3d3d197a2fd331b9d7cc2877c3c26b05bb1b14b54160d1ec2f7bc0  ??  artifacts/rust-tauri/R05/RR2/B-R2/R2/n4a/work/gate-stdout.log
8286499e4154e7506ebd49543001af21a453a5d279f2e0f4a552e0a9ff46b192  ??  artifacts/rust-tauri/R05/RR2/B-R2/R2/n4a/work/mutation.log
e3b0c44298fc1c149afbf4c8996fb92427ae41e4649b934ca495991b7852b855  ??  artifacts/rust-tauri/R05/RR2/B-R2/R2/n4b/work/ev/legacy-entry/e0-binding-exclusion-candidates.tsv
e3b0c44298fc1c149afbf4c8996fb92427ae41e4649b934ca495991b7852b855  ??  artifacts/rust-tauri/R05/RR2/B-R2/R2/n4b/work/ev/legacy-entry/e0-binding-exclusions.txt
9e635477aa37ec6f71bab392dc621a9713e417c79f72fd06ec15407dd9b050d2  ??  artifacts/rust-tauri/R05/RR2/B-R2/R2/n4b/work/ev/legacy-entry/e0-candidate-binding.tsv
402d501de4716230aab6602877ab1d688f1e1ca8270c2fd1c8cc92f1f5001fef  ??  artifacts/rust-tauri/R05/RR2/B-R2/R2/n4b/work/ev/legacy-entry/e0-candidate-dirty.diff
1049b7d7278a9d58e5cb81a34647c10858e9f203e039a73df20800569a44e566  ??  artifacts/rust-tauri/R05/RR2/B-R2/R2/n4b/work/ev/legacy-entry/e0-candidate-dirty.txt
e3b0c44298fc1c149afbf4c8996fb92427ae41e4649b934ca495991b7852b855  ??  artifacts/rust-tauri/R05/RR2/B-R2/R2/n4b/work/ev/legacy-entry/e0-run-output-sinks.txt
6d435c09b2e1ed62758962bf1db766f9885bc046c21027c60389e3ab1426b7ae  ??  artifacts/rust-tauri/R05/RR2/B-R2/R2/n4b/work/ev/legacy-entry/summary.txt
07ae094e22da68a3a1d75a63bc74fefb2b7ade734e0e227919a9f21b3b2c1327  ??  artifacts/rust-tauri/R05/RR2/B-R2/R2/n4b/work/gate-stderr.log
6d435c09b2e1ed62758962bf1db766f9885bc046c21027c60389e3ab1426b7ae  ??  artifacts/rust-tauri/R05/RR2/B-R2/R2/n4b/work/gate-stdout.log
b7a024f2e555bd9992f45b8773705d2b089082bb61b34759363953284ae1b837  ??  artifacts/rust-tauri/R05/RR2/B-R2/R2/n6a/work/ev/legacy-entry/e0-base-checkout.log
523ab963a6589a5728516dedfd166d3bb33ca94dad0fc96ba72028e6cc17b218  ??  artifacts/rust-tauri/R05/RR2/B-R2/R2/n6a/work/ev/legacy-entry/e0-base-purity.txt
aa795d1ea38f3e54a5ddd2767aa2c20b75608f9d50096f0099570bc501146b39  ??  artifacts/rust-tauri/R05/RR2/B-R2/R2/n6a/work/ev/legacy-entry/e0-binding-exclusion-candidates.tsv
69711949edb90f396704975bae9167e0d285de4a826019d2528e619464109042  ??  artifacts/rust-tauri/R05/RR2/B-R2/R2/n6a/work/ev/legacy-entry/e0-binding-exclusions.txt
fe855d479dd0f39db25fc019e935bce382704d586c36cf3963b27bc49d167ed8  ??  artifacts/rust-tauri/R05/RR2/B-R2/R2/n6a/work/ev/legacy-entry/e0-candidate-binding.tsv
402d501de4716230aab6602877ab1d688f1e1ca8270c2fd1c8cc92f1f5001fef  ??  artifacts/rust-tauri/R05/RR2/B-R2/R2/n6a/work/ev/legacy-entry/e0-candidate-dirty.diff
1049b7d7278a9d58e5cb81a34647c10858e9f203e039a73df20800569a44e566  ??  artifacts/rust-tauri/R05/RR2/B-R2/R2/n6a/work/ev/legacy-entry/e0-candidate-dirty.txt
154ca2b5903a069a7db14942cf1d2fe976b15c2c708e179404d54042decdff41  ??  artifacts/rust-tauri/R05/RR2/B-R2/R2/n6a/work/ev/legacy-entry/e0-run-output-sinks.txt
76fc19aab644b62ae8d739f50e49f187174fa52d49c8560517802b270ebe7e61  ??  artifacts/rust-tauri/R05/RR2/B-R2/R2/n6a/work/ev/legacy-entry/e0s-self-checks.log
dafecdaa505ce47155b8f0b1a6b9d326f65e6e84a229add0428c0fb851a0e505  ??  artifacts/rust-tauri/R05/RR2/B-R2/R2/n6a/work/ev/legacy-entry/e1-binding-surface-intersect.txt
e478b5019f8dc054385b670fc46863aacb8ae7bb2c6af54b195ae23a7474e9a3  ??  artifacts/rust-tauri/R05/RR2/B-R2/R2/n6a/work/ev/legacy-entry/e1-default-entry-assertions.txt
ef2350de6ebbff4c6a51fabb6fb01f20fc0a67edbd04555ea9e9a1603d3e4f19  ??  artifacts/rust-tauri/R05/RR2/B-R2/R2/n6a/work/ev/legacy-entry/e1-surface-diff-files.txt
b32daeef2af45d85547f664e7ad68b9dd0c290942ad702592eff35b5cb4a65d8  ??  artifacts/rust-tauri/R05/RR2/B-R2/R2/n6a/work/ev/legacy-entry/e2-typecheck.log
9a3a2b6ce40e47627287266176c6142f859d948935aa73c756c0a6e541a2ced7  ??  artifacts/rust-tauri/R05/RR2/B-R2/R2/n6a/work/ev/legacy-entry/e3-core-contracts.log
29283919272ac88be8e2418350592c2167114d8a402ef2e16a2ea990b0f3f314  ??  artifacts/rust-tauri/R05/RR2/B-R2/R2/n6a/work/ev/legacy-entry/e4-5-build-renderer.log
c11e6e8682611ee33a4fbebfb0c523ff0ac68101d9ffaba047b473467f04fcda  ??  artifacts/rust-tauri/R05/RR2/B-R2/R2/n6a/work/ev/legacy-entry/e4-dependency-boundaries.log
534d14a715be12a3b18831a54b9a1dbbff8bed8e4667b56d795f8036e42f72d3  ??  artifacts/rust-tauri/R05/RR2/B-R2/R2/n6a/work/ev/legacy-entry/e4-tool-invocation-boundaries.log
65a8e4d55d1d7b3d0f11e06928569acf896fdaa4c01cf07c3eb17427b16c603a  ??  artifacts/rust-tauri/R05/RR2/B-R2/R2/n6a/work/ev/legacy-entry/e5-cause-classes.txt
a6336e88a861d5d65bf8332c6e104672fbecde11272907b15e2847bc36cfc7b2  ??  artifacts/rust-tauri/R05/RR2/B-R2/R2/n6a/work/ev/legacy-entry/e5-seal-family.txt
6b4f77dfe4b969898b4f66c287891b06b2b6fe111d6c32c5390bdd3b8e7bd937  ??  artifacts/rust-tauri/R05/RR2/B-R2/R2/n6a/work/ev/legacy-entry/summary.txt
e3b0c44298fc1c149afbf4c8996fb92427ae41e4649b934ca495991b7852b855  ??  artifacts/rust-tauri/R05/RR2/B-R2/R2/n6a/work/gate-stderr-was-stderr.log
aa795d1ea38f3e54a5ddd2767aa2c20b75608f9d50096f0099570bc501146b39  ??  artifacts/rust-tauri/R05/RR2/B-R2/R2/n6b/work/ev/legacy-entry/e0-binding-exclusion-candidates.tsv
69711949edb90f396704975bae9167e0d285de4a826019d2528e619464109042  ??  artifacts/rust-tauri/R05/RR2/B-R2/R2/n6b/work/ev/legacy-entry/e0-binding-exclusions.txt
fe855d479dd0f39db25fc019e935bce382704d586c36cf3963b27bc49d167ed8  ??  artifacts/rust-tauri/R05/RR2/B-R2/R2/n6b/work/ev/legacy-entry/e0-candidate-binding.tsv
402d501de4716230aab6602877ab1d688f1e1ca8270c2fd1c8cc92f1f5001fef  ??  artifacts/rust-tauri/R05/RR2/B-R2/R2/n6b/work/ev/legacy-entry/e0-candidate-dirty.diff
1049b7d7278a9d58e5cb81a34647c10858e9f203e039a73df20800569a44e566  ??  artifacts/rust-tauri/R05/RR2/B-R2/R2/n6b/work/ev/legacy-entry/e0-candidate-dirty.txt
154ca2b5903a069a7db14942cf1d2fe976b15c2c708e179404d54042decdff41  ??  artifacts/rust-tauri/R05/RR2/B-R2/R2/n6b/work/ev/legacy-entry/e0-run-output-sinks.txt
c5ea4d427f206c5c6db9b4cec1d7f2fd2f5ff8df7a38fc8caa6f823ce55f5dff  ??  artifacts/rust-tauri/R05/RR2/B-R2/R2/n6b/work/ev/legacy-entry/summary.txt
07ae094e22da68a3a1d75a63bc74fefb2b7ade734e0e227919a9f21b3b2c1327  ??  artifacts/rust-tauri/R05/RR2/B-R2/R2/n6b/work/gate-stderr-was-stderr.log
9f6fdc766a65c8aee4c0d5a2803db91b6712a8e325b4d60266f6ae3d8a5c2ef9  ??  artifacts/rust-tauri/R05/RR2/B-R2/R2/recovery/incident-and-restore.txt
b7a024f2e555bd9992f45b8773705d2b089082bb61b34759363953284ae1b837  ??  artifacts/rust-tauri/R05/RR2/B-R2/R2/s1a/work/captured/ev/legacy-entry/e0-base-checkout.log
523ab963a6589a5728516dedfd166d3bb33ca94dad0fc96ba72028e6cc17b218  ??  artifacts/rust-tauri/R05/RR2/B-R2/R2/s1a/work/captured/ev/legacy-entry/e0-base-purity.txt
3151e5d5ae4af43423e28d7f842a5d4736480f5d1c3ee572f378c46a980909bb  ??  artifacts/rust-tauri/R05/RR2/B-R2/R2/s1a/work/captured/ev/legacy-entry/e0-binding-exclusion-candidates.tsv
01de5aeab47ed16256f0f33d0f3401ddfd94797e8c02f04f045552619bb5d9c8  ??  artifacts/rust-tauri/R05/RR2/B-R2/R2/s1a/work/captured/ev/legacy-entry/e0-binding-exclusions.txt
380f4009835121a31a4f6cd1cda2ef3fdf243fc985749c30f1911da993e0e7b8  ??  artifacts/rust-tauri/R05/RR2/B-R2/R2/s1a/work/captured/ev/legacy-entry/e0-candidate-binding.tsv
402d501de4716230aab6602877ab1d688f1e1ca8270c2fd1c8cc92f1f5001fef  ??  artifacts/rust-tauri/R05/RR2/B-R2/R2/s1a/work/captured/ev/legacy-entry/e0-candidate-dirty.diff
1049b7d7278a9d58e5cb81a34647c10858e9f203e039a73df20800569a44e566  ??  artifacts/rust-tauri/R05/RR2/B-R2/R2/s1a/work/captured/ev/legacy-entry/e0-candidate-dirty.txt
57f566f51dc4ca4370ed4045197cc6a31c43c21bed4549cbbc3b36e56ee9b52f  ??  artifacts/rust-tauri/R05/RR2/B-R2/R2/s1a/work/captured/ev/legacy-entry/e0-run-output-sinks.txt
76fc19aab644b62ae8d739f50e49f187174fa52d49c8560517802b270ebe7e61  ??  artifacts/rust-tauri/R05/RR2/B-R2/R2/s1a/work/captured/ev/legacy-entry/e0s-self-checks.log
dafecdaa505ce47155b8f0b1a6b9d326f65e6e84a229add0428c0fb851a0e505  ??  artifacts/rust-tauri/R05/RR2/B-R2/R2/s1a/work/captured/ev/legacy-entry/e1-binding-surface-intersect.txt
e478b5019f8dc054385b670fc46863aacb8ae7bb2c6af54b195ae23a7474e9a3  ??  artifacts/rust-tauri/R05/RR2/B-R2/R2/s1a/work/captured/ev/legacy-entry/e1-default-entry-assertions.txt
ef2350de6ebbff4c6a51fabb6fb01f20fc0a67edbd04555ea9e9a1603d3e4f19  ??  artifacts/rust-tauri/R05/RR2/B-R2/R2/s1a/work/captured/ev/legacy-entry/e1-surface-diff-files.txt
b32daeef2af45d85547f664e7ad68b9dd0c290942ad702592eff35b5cb4a65d8  ??  artifacts/rust-tauri/R05/RR2/B-R2/R2/s1a/work/captured/ev/legacy-entry/e2-typecheck.log
9a3a2b6ce40e47627287266176c6142f859d948935aa73c756c0a6e541a2ced7  ??  artifacts/rust-tauri/R05/RR2/B-R2/R2/s1a/work/captured/ev/legacy-entry/e3-core-contracts.log
5c76b6434688c6a787d4526e360429d87ed3196f1503ca16fc7c12138cbad0bb  ??  artifacts/rust-tauri/R05/RR2/B-R2/R2/s1a/work/captured/ev/legacy-entry/e4-5-build-renderer.log
c11e6e8682611ee33a4fbebfb0c523ff0ac68101d9ffaba047b473467f04fcda  ??  artifacts/rust-tauri/R05/RR2/B-R2/R2/s1a/work/captured/ev/legacy-entry/e4-dependency-boundaries.log
534d14a715be12a3b18831a54b9a1dbbff8bed8e4667b56d795f8036e42f72d3  ??  artifacts/rust-tauri/R05/RR2/B-R2/R2/s1a/work/captured/ev/legacy-entry/e4-tool-invocation-boundaries.log
65a8e4d55d1d7b3d0f11e06928569acf896fdaa4c01cf07c3eb17427b16c603a  ??  artifacts/rust-tauri/R05/RR2/B-R2/R2/s1a/work/captured/ev/legacy-entry/e5-cause-classes.txt
a6336e88a861d5d65bf8332c6e104672fbecde11272907b15e2847bc36cfc7b2  ??  artifacts/rust-tauri/R05/RR2/B-R2/R2/s1a/work/captured/ev/legacy-entry/e5-seal-family.txt
76c475734004d5dac2d6eec4bb416af13e5a1a36b918981c6365d60468c6665c  ??  artifacts/rust-tauri/R05/RR2/B-R2/R2/s1a/work/captured/ev/legacy-entry/summary.txt
2fcf7c441ace2bf48252fc6722e9ccd7bf148fe2dbf85145fc8b9207d94ff0d2  ??  artifacts/rust-tauri/R05/RR2/B-R2/R2/s1a/work/captured/gate-stdout.log
eefdca627a8634fcb88db78db51427c2eb636e3c3b7616c4fbdc80d7614eec10  ??  artifacts/rust-tauri/R05/RR2/B-R2/R2/s1b/driver-console-tsc-killed.log
0ea59c3f116b78325acb278d14e5b220c4f298991196f01a4d6eff4b3d4ab932  ??  artifacts/rust-tauri/R05/RR2/B-R2/R2/s1b/driver-console.log
b7a024f2e555bd9992f45b8773705d2b089082bb61b34759363953284ae1b837  ??  artifacts/rust-tauri/R05/RR2/B-R2/R2/s1b/work/ev/legacy-entry/e0-base-checkout.log
523ab963a6589a5728516dedfd166d3bb33ca94dad0fc96ba72028e6cc17b218  ??  artifacts/rust-tauri/R05/RR2/B-R2/R2/s1b/work/ev/legacy-entry/e0-base-purity.txt
e3b0c44298fc1c149afbf4c8996fb92427ae41e4649b934ca495991b7852b855  ??  artifacts/rust-tauri/R05/RR2/B-R2/R2/s1b/work/ev/legacy-entry/e0-binding-exclusion-candidates.tsv
e3b0c44298fc1c149afbf4c8996fb92427ae41e4649b934ca495991b7852b855  ??  artifacts/rust-tauri/R05/RR2/B-R2/R2/s1b/work/ev/legacy-entry/e0-binding-exclusions.txt
6e5b6b42c149776682ef8b9dbcde629677907c1cea14e1d870f62471d775c4c1  ??  artifacts/rust-tauri/R05/RR2/B-R2/R2/s1b/work/ev/legacy-entry/e0-candidate-binding.tsv
402d501de4716230aab6602877ab1d688f1e1ca8270c2fd1c8cc92f1f5001fef  ??  artifacts/rust-tauri/R05/RR2/B-R2/R2/s1b/work/ev/legacy-entry/e0-candidate-dirty.diff
1049b7d7278a9d58e5cb81a34647c10858e9f203e039a73df20800569a44e566  ??  artifacts/rust-tauri/R05/RR2/B-R2/R2/s1b/work/ev/legacy-entry/e0-candidate-dirty.txt
e3b0c44298fc1c149afbf4c8996fb92427ae41e4649b934ca495991b7852b855  ??  artifacts/rust-tauri/R05/RR2/B-R2/R2/s1b/work/ev/legacy-entry/e0-run-output-sinks.txt
76fc19aab644b62ae8d739f50e49f187174fa52d49c8560517802b270ebe7e61  ??  artifacts/rust-tauri/R05/RR2/B-R2/R2/s1b/work/ev/legacy-entry/e0s-self-checks.log
dafecdaa505ce47155b8f0b1a6b9d326f65e6e84a229add0428c0fb851a0e505  ??  artifacts/rust-tauri/R05/RR2/B-R2/R2/s1b/work/ev/legacy-entry/e1-binding-surface-intersect.txt
e478b5019f8dc054385b670fc46863aacb8ae7bb2c6af54b195ae23a7474e9a3  ??  artifacts/rust-tauri/R05/RR2/B-R2/R2/s1b/work/ev/legacy-entry/e1-default-entry-assertions.txt
ef2350de6ebbff4c6a51fabb6fb01f20fc0a67edbd04555ea9e9a1603d3e4f19  ??  artifacts/rust-tauri/R05/RR2/B-R2/R2/s1b/work/ev/legacy-entry/e1-surface-diff-files.txt
aeb7312c47ad6605940a4a9eae5db655e596ba061b3a02a3fa18ee0570a2b314  ??  artifacts/rust-tauri/R05/RR2/B-R2/R2/s1b/work/ev/legacy-entry/e2-typecheck.log
65a8e4d55d1d7b3d0f11e06928569acf896fdaa4c01cf07c3eb17427b16c603a  ??  artifacts/rust-tauri/R05/RR2/B-R2/R2/s1b/work/ev/legacy-entry/e5-cause-classes.txt
a6336e88a861d5d65bf8332c6e104672fbecde11272907b15e2847bc36cfc7b2  ??  artifacts/rust-tauri/R05/RR2/B-R2/R2/s1b/work/ev/legacy-entry/e5-seal-family.txt
2f560dffd36263899fc19ee6cec0872bad4560b481300e57272cd09ca87bc58c  ??  artifacts/rust-tauri/R05/RR2/B-R2/R2/s1b/work/ev/legacy-entry/summary.txt
7684a3f8a8842698add3e04bf1ac043f3f06ae1c3a233c8092a9b47b71432f4a  ??  artifacts/rust-tauri/R05/RR2/B-R2/R2/s1b/work/gate-stderr.log
5959a959fd941ad742314223a3a3454ad463f73993e6b08f7d2d73b7442f937c  ??  artifacts/rust-tauri/R05/RR2/B-R2/R2/s1b/work/gate-stdout.log
3e6d24964089a69dfa7588e8151725de11666147774713d245a246d1ae843823  ??  artifacts/rust-tauri/R05/RR2/B-R2/R2/s2/driver-console-killed-run.log
856893b19c40fe34df7e5e836cbb6fa7b806c5953e342b7d02948ac17614c58c  ??  artifacts/rust-tauri/R05/RR2/B-R2/R2/s2/driver-console.log
2f9be365208df5fce79596b428e43549245494ea641976eba9fc4b9b6aecd938  ??  artifacts/rust-tauri/R05/RR2/B-R2/R2/s2/work/captured/e0-binding-exclusions.txt
9c51eae030d482f78d98206dfdf608731e3cf2522b7f8ba414778be8ec38c953  ??  artifacts/rust-tauri/R05/RR2/B-R2/R2/s2/work/captured/e0-run-output-sinks.txt
813b483dc2446d4b42b25bda7d2f139421fa4844096498e7c39568a930f3172d  ??  artifacts/rust-tauri/R05/RR2/B-R2/R2/s2/work/captured/leaf-gate-stdout.log
50995afa0b6fc8cb9029601afe1298c439e2b57ab1e61839aa7ffa728d76d68b  ??  artifacts/rust-tauri/R05/RR2/B-R2/R2/s2/work/captured/sink-growth-line-counts.txt
a1a9c68fbd4176ccd1a83a8fecdf82af5777f5d02dbe187ecaf7703af78a3440  ??  artifacts/rust-tauri/R05/RR2/B-R2/R2/s2/work/captured/summary.txt
1dc568538775d4f0bc64559435f9d979897b8322a1db476121d8ba591a0c7694  ??  artifacts/rust-tauri/R05/RR2/B-R2/R2/s3a/driver-console.log
b7a024f2e555bd9992f45b8773705d2b089082bb61b34759363953284ae1b837  ??  artifacts/rust-tauri/R05/RR2/B-R2/R2/s3a/work/ev/legacy-entry/e0-base-checkout.log
523ab963a6589a5728516dedfd166d3bb33ca94dad0fc96ba72028e6cc17b218  ??  artifacts/rust-tauri/R05/RR2/B-R2/R2/s3a/work/ev/legacy-entry/e0-base-purity.txt
e3b0c44298fc1c149afbf4c8996fb92427ae41e4649b934ca495991b7852b855  ??  artifacts/rust-tauri/R05/RR2/B-R2/R2/s3a/work/ev/legacy-entry/e0-candidate-binding.tsv
17180e1d12c859c0f07d82213d62c2e987a0d41b8d21ef0e8a6d7a4174509d0b  ??  artifacts/rust-tauri/R05/RR2/B-R2/R2/s3a/work/ev/legacy-entry/e0s-self-checks.log
dafecdaa505ce47155b8f0b1a6b9d326f65e6e84a229add0428c0fb851a0e505  ??  artifacts/rust-tauri/R05/RR2/B-R2/R2/s3a/work/ev/legacy-entry/e1-binding-surface-intersect.txt
e478b5019f8dc054385b670fc46863aacb8ae7bb2c6af54b195ae23a7474e9a3  ??  artifacts/rust-tauri/R05/RR2/B-R2/R2/s3a/work/ev/legacy-entry/e1-default-entry-assertions.txt
ef2350de6ebbff4c6a51fabb6fb01f20fc0a67edbd04555ea9e9a1603d3e4f19  ??  artifacts/rust-tauri/R05/RR2/B-R2/R2/s3a/work/ev/legacy-entry/e1-surface-diff-files.txt
b32daeef2af45d85547f664e7ad68b9dd0c290942ad702592eff35b5cb4a65d8  ??  artifacts/rust-tauri/R05/RR2/B-R2/R2/s3a/work/ev/legacy-entry/e2-typecheck.log
9a3a2b6ce40e47627287266176c6142f859d948935aa73c756c0a6e541a2ced7  ??  artifacts/rust-tauri/R05/RR2/B-R2/R2/s3a/work/ev/legacy-entry/e3-core-contracts.log
4a6ce7ab94a8e5f5aaa0714691195e8d9790ad523cda78a8fe987a12ccb08b3f  ??  artifacts/rust-tauri/R05/RR2/B-R2/R2/s3a/work/ev/legacy-entry/e4-5-build-renderer.log
c11e6e8682611ee33a4fbebfb0c523ff0ac68101d9ffaba047b473467f04fcda  ??  artifacts/rust-tauri/R05/RR2/B-R2/R2/s3a/work/ev/legacy-entry/e4-dependency-boundaries.log
534d14a715be12a3b18831a54b9a1dbbff8bed8e4667b56d795f8036e42f72d3  ??  artifacts/rust-tauri/R05/RR2/B-R2/R2/s3a/work/ev/legacy-entry/e4-tool-invocation-boundaries.log
65a8e4d55d1d7b3d0f11e06928569acf896fdaa4c01cf07c3eb17427b16c603a  ??  artifacts/rust-tauri/R05/RR2/B-R2/R2/s3a/work/ev/legacy-entry/e5-cause-classes.txt
a6336e88a861d5d65bf8332c6e104672fbecde11272907b15e2847bc36cfc7b2  ??  artifacts/rust-tauri/R05/RR2/B-R2/R2/s3a/work/ev/legacy-entry/e5-seal-family.txt
9548208a58b5a057581bfa3c86e6213af00f8892d30cc1be7061bdb73eb52f62  ??  artifacts/rust-tauri/R05/RR2/B-R2/R2/s3a/work/ev/legacy-entry/summary.txt
e3b0c44298fc1c149afbf4c8996fb92427ae41e4649b934ca495991b7852b855  ??  artifacts/rust-tauri/R05/RR2/B-R2/R2/s3a/work/gate-stderr.log
b9b8804e8b85657181068cdf271d8bc73a9915aba6b9bec3b7f7281d49c07bfe  ??  artifacts/rust-tauri/R05/RR2/B-R2/R2/s3a/work/gate-stdout.log
cc05eb511aceaed40bafcc06cd758592631bd21ba7e912404b9485548a635da4  ??  artifacts/rust-tauri/R05/RR2/B-R2/R2/s5-full-2/driver-console.log
6d4b1219fde0750bbea6c9df5cc2bdbdfb9040f29310ed6915ca20fe1c68cbfc  ??  artifacts/rust-tauri/R05/RR2/B-R2/R2/s5-full-2/ev/legacy-entry/e0-binding-exclusion-candidates.tsv
fd1c399aac9b57d8918e35062172eabb780e28df718d86419120676e49f3d898  ??  artifacts/rust-tauri/R05/RR2/B-R2/R2/s5-full-2/ev/legacy-entry/e0-binding-exclusions.txt
26e9708bafa46d052ab5d97bd133a3622b861f7889310f0bd61e11e6627ab0cf  ??  artifacts/rust-tauri/R05/RR2/B-R2/R2/s5-full-2/ev/legacy-entry/e0-candidate-binding.tsv
402d501de4716230aab6602877ab1d688f1e1ca8270c2fd1c8cc92f1f5001fef  ??  artifacts/rust-tauri/R05/RR2/B-R2/R2/s5-full-2/ev/legacy-entry/e0-candidate-dirty.diff
1049b7d7278a9d58e5cb81a34647c10858e9f203e039a73df20800569a44e566  ??  artifacts/rust-tauri/R05/RR2/B-R2/R2/s5-full-2/ev/legacy-entry/e0-candidate-dirty.txt
a5af40513b5cf6515aa13f3fe226e55a3aa0e4e8ec91d37990a579a505f916d8  ??  artifacts/rust-tauri/R05/RR2/B-R2/R2/s5-full-2/ev/legacy-entry/e0-run-output-sinks.txt
b601f08c791de0e6e18264acbaa17aa2b8f42097200aaa147f0340957c3a621e  ??  artifacts/rust-tauri/R05/RR2/B-R2/R2/s5-full-2/ev/legacy-entry/summary.txt
07ae094e22da68a3a1d75a63bc74fefb2b7ade734e0e227919a9f21b3b2c1327  ??  artifacts/rust-tauri/R05/RR2/B-R2/R2/s5-full-2/run-root/stderr.log
b601f08c791de0e6e18264acbaa17aa2b8f42097200aaa147f0340957c3a621e  ??  artifacts/rust-tauri/R05/RR2/B-R2/R2/s5-full-2/run-root/stdout.log
b7a024f2e555bd9992f45b8773705d2b089082bb61b34759363953284ae1b837  ??  artifacts/rust-tauri/R05/RR2/B-R2/R2/s5-full-3/ev/legacy-entry/e0-base-checkout.log
523ab963a6589a5728516dedfd166d3bb33ca94dad0fc96ba72028e6cc17b218  ??  artifacts/rust-tauri/R05/RR2/B-R2/R2/s5-full-3/ev/legacy-entry/e0-base-purity.txt
cc974eff87e7057a6cdcb1c0338042eab2e0731d483ba9c702dcfad792ceb78f  ??  artifacts/rust-tauri/R05/RR2/B-R2/R2/s5-full-3/ev/legacy-entry/e0-binding-exclusion-candidates.tsv
bc82d85877a5ad9d9a58c024782ad1ccfe55aa065bb8864a25efe1e533818082  ??  artifacts/rust-tauri/R05/RR2/B-R2/R2/s5-full-3/ev/legacy-entry/e0-binding-exclusions.txt
0823c8804145dcbb5f694220aa375468ed1379dd4f937644e730f197e916d962  ??  artifacts/rust-tauri/R05/RR2/B-R2/R2/s5-full-3/ev/legacy-entry/e0-candidate-binding.tsv
402d501de4716230aab6602877ab1d688f1e1ca8270c2fd1c8cc92f1f5001fef  ??  artifacts/rust-tauri/R05/RR2/B-R2/R2/s5-full-3/ev/legacy-entry/e0-candidate-dirty.diff
1049b7d7278a9d58e5cb81a34647c10858e9f203e039a73df20800569a44e566  ??  artifacts/rust-tauri/R05/RR2/B-R2/R2/s5-full-3/ev/legacy-entry/e0-candidate-dirty.txt
5bbdc6d6cb97678c897936d92a9a7ce8c29d687944a02676b64fc395d50d6634  ??  artifacts/rust-tauri/R05/RR2/B-R2/R2/s5-full-3/ev/legacy-entry/e0-run-output-sinks.txt
76fc19aab644b62ae8d739f50e49f187174fa52d49c8560517802b270ebe7e61  ??  artifacts/rust-tauri/R05/RR2/B-R2/R2/s5-full-3/ev/legacy-entry/e0s-self-checks.log
dafecdaa505ce47155b8f0b1a6b9d326f65e6e84a229add0428c0fb851a0e505  ??  artifacts/rust-tauri/R05/RR2/B-R2/R2/s5-full-3/ev/legacy-entry/e1-binding-surface-intersect.txt
e478b5019f8dc054385b670fc46863aacb8ae7bb2c6af54b195ae23a7474e9a3  ??  artifacts/rust-tauri/R05/RR2/B-R2/R2/s5-full-3/ev/legacy-entry/e1-default-entry-assertions.txt
ef2350de6ebbff4c6a51fabb6fb01f20fc0a67edbd04555ea9e9a1603d3e4f19  ??  artifacts/rust-tauri/R05/RR2/B-R2/R2/s5-full-3/ev/legacy-entry/e1-surface-diff-files.txt
b32daeef2af45d85547f664e7ad68b9dd0c290942ad702592eff35b5cb4a65d8  ??  artifacts/rust-tauri/R05/RR2/B-R2/R2/s5-full-3/ev/legacy-entry/e2-typecheck.log
9a3a2b6ce40e47627287266176c6142f859d948935aa73c756c0a6e541a2ced7  ??  artifacts/rust-tauri/R05/RR2/B-R2/R2/s5-full-3/ev/legacy-entry/e3-core-contracts.log
a1a7fa4c0946d29e3e2368068b4fca3405264e3c1e4b8e47a0c0ff3d2a5d14c1  ??  artifacts/rust-tauri/R05/RR2/B-R2/R2/s5-full-3/ev/legacy-entry/e4-5-build-renderer.log
c11e6e8682611ee33a4fbebfb0c523ff0ac68101d9ffaba047b473467f04fcda  ??  artifacts/rust-tauri/R05/RR2/B-R2/R2/s5-full-3/ev/legacy-entry/e4-dependency-boundaries.log
534d14a715be12a3b18831a54b9a1dbbff8bed8e4667b56d795f8036e42f72d3  ??  artifacts/rust-tauri/R05/RR2/B-R2/R2/s5-full-3/ev/legacy-entry/e4-tool-invocation-boundaries.log
f796c03e81bc813f7f344d10aafea7e20385adce9d3167a380979c163d72cd63  ??  artifacts/rust-tauri/R05/RR2/B-R2/R2/s5-full-3/ev/legacy-entry/e5-candidate-npm-test.log
dc037e2a7e0a9111f262aea8475f4fd0cc2a87c5420170ee1650860fa93f9781  ??  artifacts/rust-tauri/R05/RR2/B-R2/R2/s5-full-3/ev/legacy-entry/e5-candidate-summary-counts.txt
5f701518ba973eacb3a10bf7c9897917938d5838a66fd145fe3045cee1ba9ec3  ??  artifacts/rust-tauri/R05/RR2/B-R2/R2/s5-full-3/ev/legacy-entry/e5-candidate-vitest-summary.txt
65a8e4d55d1d7b3d0f11e06928569acf896fdaa4c01cf07c3eb17427b16c603a  ??  artifacts/rust-tauri/R05/RR2/B-R2/R2/s5-full-3/ev/legacy-entry/e5-cause-classes.txt
a6336e88a861d5d65bf8332c6e104672fbecde11272907b15e2847bc36cfc7b2  ??  artifacts/rust-tauri/R05/RR2/B-R2/R2/s5-full-3/ev/legacy-entry/e5-seal-family.txt
3c94781ef8a6ed699085b2aec128412352a865e51ae92d3db02bd185d6245f95  ??  artifacts/rust-tauri/R05/RR2/B-R2/R2/s5-full-3/ev/legacy-entry/summary.txt
f4c4b9b80f4a9248d3916c3b45eb96954ade57144b8b8cbd7f07aa32491dd545  ??  artifacts/rust-tauri/R05/RR2/B-R2/R2/s5-full-3/run-root/stderr.log
8ea1bdf144b5a2f1da443e4c1da01a883259e0b30d7409ee12adad7af4a6eae7  ??  artifacts/rust-tauri/R05/RR2/B-R2/R2/s5-full-3/run-root/stdout.log
e3b0c44298fc1c149afbf4c8996fb92427ae41e4649b934ca495991b7852b855  ??  artifacts/rust-tauri/R05/RR2/B-R2/R2/s5-full/driver-console-run1.log
657970484b7f198275d78fc3530a78db876312030e4f54f83059c1264225484d  ??  artifacts/rust-tauri/R05/RR2/B-R2/R2/s5-full/ev/legacy-entry/e0-binding-exclusion-candidates.tsv
2cf895b18f15555612708db164e69a1ce991d8039a35f8a2c0d8e7dceade9cb0  ??  artifacts/rust-tauri/R05/RR2/B-R2/R2/s5-full/ev/legacy-entry/e0-binding-exclusions.txt
3f54c39de52afae0fed060c7ef21dce5a1abfd275f100240a8fad46fd327924e  ??  artifacts/rust-tauri/R05/RR2/B-R2/R2/s5-full/ev/legacy-entry/e0-candidate-binding.tsv
e51e3fb8b2a6a371f7ad0f20136ea02da56b2913a9e849a98eeb096652a779ba  ??  artifacts/rust-tauri/R05/RR2/B-R2/R2/s5-full/ev/legacy-entry/e0-candidate-dirty.diff
528b478cf577165204487972a5e50c3ffa61d7f5ac91d254b69e7c6eaa0f2b0a  ??  artifacts/rust-tauri/R05/RR2/B-R2/R2/s5-full/ev/legacy-entry/e0-candidate-dirty.txt
fcdc285430a441f857fd48cd320a9b44c215a67ace3a6763ef08722bbe4b9000  ??  artifacts/rust-tauri/R05/RR2/B-R2/R2/s5-full/ev/legacy-entry/e0-run-output-sinks.txt
3c5022c386296c52c5ed4022f53980313abd2b71f8b269ecf3ee52432453fc16  ??  artifacts/rust-tauri/R05/RR2/B-R2/R2/s5-full/ev/legacy-entry/summary.txt
e3b0c44298fc1c149afbf4c8996fb92427ae41e4649b934ca495991b7852b855  ??  artifacts/rust-tauri/R05/RR2/B-R2/R2/s5-full/run-root/stderr.log
3c5022c386296c52c5ed4022f53980313abd2b71f8b269ecf3ee52432453fc16  ??  artifacts/rust-tauri/R05/RR2/B-R2/R2/s5-full/run-root/stdout.log
c585f54bec25ba5f0dc54806ba34cbfe495cf3e36ce61ddabf34cb98d075fdea  ??  artifacts/rust-tauri/R05/RR2/B-R2/bin/mut_n1_source_change.sh
13de53554e694129c665e4fdbd650736fec97491be267bc20dce2b9dd855e3bd  ??  artifacts/rust-tauri/R05/RR2/B-R2/bin/mut_n2_new_file.sh
5b5d090ac344266d9ca1065c338828015c06080a9136b726d185879607f68712  ??  artifacts/rust-tauri/R05/RR2/B-R2/bin/mut_n3_delete_file.sh
4f0a7930f24a45e349f73a9c031f244799c9ba03d3a5ae3e76375cfb1756a7e9  ??  artifacts/rust-tauri/R05/RR2/B-R2/bin/mut_n4_old_static_evidence.sh
c65c95a13f3f4700631592b964f472f8b2258a20f873dd71ff9cde8e4747fdcd  ??  artifacts/rust-tauri/R05/RR2/B-R2/bin/negative_driver.sh
ddc884bfdfd22a48a3f53f203cea14a87d596d9c40b138c53835d790436e36d8  ??  artifacts/rust-tauri/R05/RR2/B-R2/bin/nested_sim_mid.sh
6f7a20f717fc66fc0ce468273c8d74e71d341aae545972638f51ddb25bbac448  ??  artifacts/rust-tauri/R05/RR2/B-R2/bin/nested_sim_outer.sh
b7a024f2e555bd9992f45b8773705d2b089082bb61b34759363953284ae1b837  ??  artifacts/rust-tauri/R05/RR2/B-R2/nested-sim-1/R04_REGRESSION/R03_REGRESSION/R02/A16/legacy-entry/e0-base-checkout.log
523ab963a6589a5728516dedfd166d3bb33ca94dad0fc96ba72028e6cc17b218  ??  artifacts/rust-tauri/R05/RR2/B-R2/nested-sim-1/R04_REGRESSION/R03_REGRESSION/R02/A16/legacy-entry/e0-base-purity.txt
0f137a17ef58f3ef31f2f2396eee058378ed1b1724208544eb5f0ffcdee13a53  ??  artifacts/rust-tauri/R05/RR2/B-R2/nested-sim-1/R04_REGRESSION/R03_REGRESSION/R02/A16/legacy-entry/e0-binding-exclusion-candidates.tsv
44b4f0b85d17e5b1568d6fb40de84b6fd8fb12c642cfcc08fdca614da9fa0bbe  ??  artifacts/rust-tauri/R05/RR2/B-R2/nested-sim-1/R04_REGRESSION/R03_REGRESSION/R02/A16/legacy-entry/e0-binding-exclusions.txt
f5a119290067fa157b49c5242a5557d39b6d5268cdd1d0730207fd22bf5c6ae7  ??  artifacts/rust-tauri/R05/RR2/B-R2/nested-sim-1/R04_REGRESSION/R03_REGRESSION/R02/A16/legacy-entry/e0-candidate-binding.tsv
9ac5fef697fdb351f0aa2bf9762625fa526681cc7bf0b3ee14454e4360e5c224  ??  artifacts/rust-tauri/R05/RR2/B-R2/nested-sim-1/R04_REGRESSION/R03_REGRESSION/R02/A16/legacy-entry/e0-candidate-dirty.diff
2ab25aef5de49568265df0e604ed72905fda351be0cecc26c1cb8742bc3d7f86  ??  artifacts/rust-tauri/R05/RR2/B-R2/nested-sim-1/R04_REGRESSION/R03_REGRESSION/R02/A16/legacy-entry/e0-candidate-dirty.txt
5fa2e0c14faf6d8b9d84acb7186e005f621e3e506f8fc98442d29b082fcde191  ??  artifacts/rust-tauri/R05/RR2/B-R2/nested-sim-1/R04_REGRESSION/R03_REGRESSION/R02/A16/legacy-entry/e0-run-output-sinks.txt
ca2cee61e9419221291ea5aab76c235c97f020ea1394f64c51988f7b52be63a4  ??  artifacts/rust-tauri/R05/RR2/B-R2/nested-sim-1/R04_REGRESSION/R03_REGRESSION/R02/A16/legacy-entry/e0s-self-checks.log
dafecdaa505ce47155b8f0b1a6b9d326f65e6e84a229add0428c0fb851a0e505  ??  artifacts/rust-tauri/R05/RR2/B-R2/nested-sim-1/R04_REGRESSION/R03_REGRESSION/R02/A16/legacy-entry/e1-binding-surface-intersect.txt
e478b5019f8dc054385b670fc46863aacb8ae7bb2c6af54b195ae23a7474e9a3  ??  artifacts/rust-tauri/R05/RR2/B-R2/nested-sim-1/R04_REGRESSION/R03_REGRESSION/R02/A16/legacy-entry/e1-default-entry-assertions.txt
ef2350de6ebbff4c6a51fabb6fb01f20fc0a67edbd04555ea9e9a1603d3e4f19  ??  artifacts/rust-tauri/R05/RR2/B-R2/nested-sim-1/R04_REGRESSION/R03_REGRESSION/R02/A16/legacy-entry/e1-surface-diff-files.txt
b32daeef2af45d85547f664e7ad68b9dd0c290942ad702592eff35b5cb4a65d8  ??  artifacts/rust-tauri/R05/RR2/B-R2/nested-sim-1/R04_REGRESSION/R03_REGRESSION/R02/A16/legacy-entry/e2-typecheck.log
9a3a2b6ce40e47627287266176c6142f859d948935aa73c756c0a6e541a2ced7  ??  artifacts/rust-tauri/R05/RR2/B-R2/nested-sim-1/R04_REGRESSION/R03_REGRESSION/R02/A16/legacy-entry/e3-core-contracts.log
ab429fa5caea17807177701b48ffca64c6924fdf21cf8c42bd43d8b5ee4d40e7  ??  artifacts/rust-tauri/R05/RR2/B-R2/nested-sim-1/R04_REGRESSION/R03_REGRESSION/R02/A16/legacy-entry/e4-5-build-renderer.log
c11e6e8682611ee33a4fbebfb0c523ff0ac68101d9ffaba047b473467f04fcda  ??  artifacts/rust-tauri/R05/RR2/B-R2/nested-sim-1/R04_REGRESSION/R03_REGRESSION/R02/A16/legacy-entry/e4-dependency-boundaries.log
534d14a715be12a3b18831a54b9a1dbbff8bed8e4667b56d795f8036e42f72d3  ??  artifacts/rust-tauri/R05/RR2/B-R2/nested-sim-1/R04_REGRESSION/R03_REGRESSION/R02/A16/legacy-entry/e4-tool-invocation-boundaries.log
65a8e4d55d1d7b3d0f11e06928569acf896fdaa4c01cf07c3eb17427b16c603a  ??  artifacts/rust-tauri/R05/RR2/B-R2/nested-sim-1/R04_REGRESSION/R03_REGRESSION/R02/A16/legacy-entry/e5-cause-classes.txt
a6336e88a861d5d65bf8332c6e104672fbecde11272907b15e2847bc36cfc7b2  ??  artifacts/rust-tauri/R05/RR2/B-R2/nested-sim-1/R04_REGRESSION/R03_REGRESSION/R02/A16/legacy-entry/e5-seal-family.txt
64154c4db120cedd38f3ed3bbf6d3dc8820b0716d7f3c29cbc6a7636b5eef373  ??  artifacts/rust-tauri/R05/RR2/B-R2/nested-sim-1/R04_REGRESSION/R03_REGRESSION/R02/A16/legacy-entry/summary.txt
e3b0c44298fc1c149afbf4c8996fb92427ae41e4649b934ca495991b7852b855  ??  artifacts/rust-tauri/R05/RR2/B-R2/nested-sim-1/R04_REGRESSION/R03_REGRESSION/r02_legacy_regression/stderr.log
40ac821eef91f8f6b219a96eb65649fd62c191ac511a26187794b6c1bf091750  ??  artifacts/rust-tauri/R05/RR2/B-R2/nested-sim-1/R04_REGRESSION/R03_REGRESSION/r02_legacy_regression/stdout.log
e3b0c44298fc1c149afbf4c8996fb92427ae41e4649b934ca495991b7852b855  ??  artifacts/rust-tauri/R05/RR2/B-R2/nested-sim-1/R04_REGRESSION/r03_regression_gate/stderr.log
3a6a20c4ca5f48110cd1fa3b159508d92b949ecedb3c3e1b7974716e113f7813  ??  artifacts/rust-tauri/R05/RR2/B-R2/nested-sim-1/R04_REGRESSION/r03_regression_gate/stdout.log
b7a024f2e555bd9992f45b8773705d2b089082bb61b34759363953284ae1b837  ??  artifacts/rust-tauri/R05/RR2/B-R2/nested-sim-2/R04_REGRESSION/R03_REGRESSION/R02/A16/legacy-entry/e0-base-checkout.log
523ab963a6589a5728516dedfd166d3bb33ca94dad0fc96ba72028e6cc17b218  ??  artifacts/rust-tauri/R05/RR2/B-R2/nested-sim-2/R04_REGRESSION/R03_REGRESSION/R02/A16/legacy-entry/e0-base-purity.txt
003afa8157559805f1d73c88bbe1bf32152c4d6b276726c1cabc646929406515  ??  artifacts/rust-tauri/R05/RR2/B-R2/nested-sim-2/R04_REGRESSION/R03_REGRESSION/R02/A16/legacy-entry/e0-binding-exclusion-candidates.tsv
2060285c3096974e60a6aad432dfba80d4ea5f22b1d92e54a411860721bd1959  ??  artifacts/rust-tauri/R05/RR2/B-R2/nested-sim-2/R04_REGRESSION/R03_REGRESSION/R02/A16/legacy-entry/e0-binding-exclusions.txt
37bf49d06652acb5281832fc0c83d38baee7000d164df175249579f9250be078  ??  artifacts/rust-tauri/R05/RR2/B-R2/nested-sim-2/R04_REGRESSION/R03_REGRESSION/R02/A16/legacy-entry/e0-candidate-binding.tsv
9ac5fef697fdb351f0aa2bf9762625fa526681cc7bf0b3ee14454e4360e5c224  ??  artifacts/rust-tauri/R05/RR2/B-R2/nested-sim-2/R04_REGRESSION/R03_REGRESSION/R02/A16/legacy-entry/e0-candidate-dirty.diff
2ab25aef5de49568265df0e604ed72905fda351be0cecc26c1cb8742bc3d7f86  ??  artifacts/rust-tauri/R05/RR2/B-R2/nested-sim-2/R04_REGRESSION/R03_REGRESSION/R02/A16/legacy-entry/e0-candidate-dirty.txt
5c5e7a375d6c2104d059341f2154bf6a4c4bcafdedcbdfd5210f88c39bb7d085  ??  artifacts/rust-tauri/R05/RR2/B-R2/nested-sim-2/R04_REGRESSION/R03_REGRESSION/R02/A16/legacy-entry/e0-run-output-sinks.txt
ca2cee61e9419221291ea5aab76c235c97f020ea1394f64c51988f7b52be63a4  ??  artifacts/rust-tauri/R05/RR2/B-R2/nested-sim-2/R04_REGRESSION/R03_REGRESSION/R02/A16/legacy-entry/e0s-self-checks.log
dafecdaa505ce47155b8f0b1a6b9d326f65e6e84a229add0428c0fb851a0e505  ??  artifacts/rust-tauri/R05/RR2/B-R2/nested-sim-2/R04_REGRESSION/R03_REGRESSION/R02/A16/legacy-entry/e1-binding-surface-intersect.txt
e478b5019f8dc054385b670fc46863aacb8ae7bb2c6af54b195ae23a7474e9a3  ??  artifacts/rust-tauri/R05/RR2/B-R2/nested-sim-2/R04_REGRESSION/R03_REGRESSION/R02/A16/legacy-entry/e1-default-entry-assertions.txt
ef2350de6ebbff4c6a51fabb6fb01f20fc0a67edbd04555ea9e9a1603d3e4f19  ??  artifacts/rust-tauri/R05/RR2/B-R2/nested-sim-2/R04_REGRESSION/R03_REGRESSION/R02/A16/legacy-entry/e1-surface-diff-files.txt
b32daeef2af45d85547f664e7ad68b9dd0c290942ad702592eff35b5cb4a65d8  ??  artifacts/rust-tauri/R05/RR2/B-R2/nested-sim-2/R04_REGRESSION/R03_REGRESSION/R02/A16/legacy-entry/e2-typecheck.log
9a3a2b6ce40e47627287266176c6142f859d948935aa73c756c0a6e541a2ced7  ??  artifacts/rust-tauri/R05/RR2/B-R2/nested-sim-2/R04_REGRESSION/R03_REGRESSION/R02/A16/legacy-entry/e3-core-contracts.log
765500e1fff8c89a14914bfaaee6479ab6a6beedcd4b9c28730553eac9cd36c6  ??  artifacts/rust-tauri/R05/RR2/B-R2/nested-sim-2/R04_REGRESSION/R03_REGRESSION/R02/A16/legacy-entry/e4-5-build-renderer.log
c11e6e8682611ee33a4fbebfb0c523ff0ac68101d9ffaba047b473467f04fcda  ??  artifacts/rust-tauri/R05/RR2/B-R2/nested-sim-2/R04_REGRESSION/R03_REGRESSION/R02/A16/legacy-entry/e4-dependency-boundaries.log
534d14a715be12a3b18831a54b9a1dbbff8bed8e4667b56d795f8036e42f72d3  ??  artifacts/rust-tauri/R05/RR2/B-R2/nested-sim-2/R04_REGRESSION/R03_REGRESSION/R02/A16/legacy-entry/e4-tool-invocation-boundaries.log
65a8e4d55d1d7b3d0f11e06928569acf896fdaa4c01cf07c3eb17427b16c603a  ??  artifacts/rust-tauri/R05/RR2/B-R2/nested-sim-2/R04_REGRESSION/R03_REGRESSION/R02/A16/legacy-entry/e5-cause-classes.txt
a6336e88a861d5d65bf8332c6e104672fbecde11272907b15e2847bc36cfc7b2  ??  artifacts/rust-tauri/R05/RR2/B-R2/nested-sim-2/R04_REGRESSION/R03_REGRESSION/R02/A16/legacy-entry/e5-seal-family.txt
fb740f399e4b8731fd53ce09f65c23551693a87192338bd74c362ad495186353  ??  artifacts/rust-tauri/R05/RR2/B-R2/nested-sim-2/R04_REGRESSION/R03_REGRESSION/R02/A16/legacy-entry/summary.txt
e3b0c44298fc1c149afbf4c8996fb92427ae41e4649b934ca495991b7852b855  ??  artifacts/rust-tauri/R05/RR2/B-R2/nested-sim-2/R04_REGRESSION/R03_REGRESSION/r02_legacy_regression/stderr.log
a62204d13a282307a6c0d915b86cfb3ba513cc70cabf80ec56f9d126ceae06c1  ??  artifacts/rust-tauri/R05/RR2/B-R2/nested-sim-2/R04_REGRESSION/R03_REGRESSION/r02_legacy_regression/stdout.log
e3b0c44298fc1c149afbf4c8996fb92427ae41e4649b934ca495991b7852b855  ??  artifacts/rust-tauri/R05/RR2/B-R2/nested-sim-2/R04_REGRESSION/r03_regression_gate/stderr.log
04551f80c2f39b00f1b77350414611600af06ae4f648e9fa18f4d4b144cc6580  ??  artifacts/rust-tauri/R05/RR2/B-R2/nested-sim-2/R04_REGRESSION/r03_regression_gate/stdout.log
e3b0c44298fc1c149afbf4c8996fb92427ae41e4649b934ca495991b7852b855  ??  artifacts/rust-tauri/R05/RR2/B-R2/nested-sim-2/r04_regression_gate/stderr.log
030bd741b93c496b25df43a62498c80ce0706ed5cb17e69e783932cb98797315  ??  artifacts/rust-tauri/R05/RR2/B-R2/nested-sim-2/r04_regression_gate/stdout.log
bd5ab7fc799b1d025d64fa7bf55e0de67a7fd4c88c42c50250f16c2400dcadac  ??  artifacts/rust-tauri/R05/RR2/B-R2/smoke-sinkdir/stdout.log
b7a024f2e555bd9992f45b8773705d2b089082bb61b34759363953284ae1b837  ??  artifacts/rust-tauri/R05/RR2/B-R2/standalone-full-1/R02/A16/legacy-entry/e0-base-checkout.log
523ab963a6589a5728516dedfd166d3bb33ca94dad0fc96ba72028e6cc17b218  ??  artifacts/rust-tauri/R05/RR2/B-R2/standalone-full-1/R02/A16/legacy-entry/e0-base-purity.txt
15fb524f199aa71a4f7178ad04d549c7d74d59694325e036caa4334d739ca6da  ??  artifacts/rust-tauri/R05/RR2/B-R2/standalone-full-1/R02/A16/legacy-entry/e0-binding-exclusion-candidates.tsv
9d7cd27303ac7dce1782f4ac792fbbe3db4cc8ac251ef82fd17c779b2d9d2154  ??  artifacts/rust-tauri/R05/RR2/B-R2/standalone-full-1/R02/A16/legacy-entry/e0-binding-exclusions.txt
5588cd2d295ff725c178ad2645b22af8ff5ff74b746dbee4fca6999fef9a4af3  ??  artifacts/rust-tauri/R05/RR2/B-R2/standalone-full-1/R02/A16/legacy-entry/e0-candidate-binding.tsv
9ac5fef697fdb351f0aa2bf9762625fa526681cc7bf0b3ee14454e4360e5c224  ??  artifacts/rust-tauri/R05/RR2/B-R2/standalone-full-1/R02/A16/legacy-entry/e0-candidate-dirty.diff
2ab25aef5de49568265df0e604ed72905fda351be0cecc26c1cb8742bc3d7f86  ??  artifacts/rust-tauri/R05/RR2/B-R2/standalone-full-1/R02/A16/legacy-entry/e0-candidate-dirty.txt
55274787793f052702b39aeaea3da2eb45ef49e2a2cc662c848d858a60aa9e7c  ??  artifacts/rust-tauri/R05/RR2/B-R2/standalone-full-1/R02/A16/legacy-entry/e0-run-output-sinks.txt
ca2cee61e9419221291ea5aab76c235c97f020ea1394f64c51988f7b52be63a4  ??  artifacts/rust-tauri/R05/RR2/B-R2/standalone-full-1/R02/A16/legacy-entry/e0s-self-checks.log
dafecdaa505ce47155b8f0b1a6b9d326f65e6e84a229add0428c0fb851a0e505  ??  artifacts/rust-tauri/R05/RR2/B-R2/standalone-full-1/R02/A16/legacy-entry/e1-binding-surface-intersect.txt
e478b5019f8dc054385b670fc46863aacb8ae7bb2c6af54b195ae23a7474e9a3  ??  artifacts/rust-tauri/R05/RR2/B-R2/standalone-full-1/R02/A16/legacy-entry/e1-default-entry-assertions.txt
ef2350de6ebbff4c6a51fabb6fb01f20fc0a67edbd04555ea9e9a1603d3e4f19  ??  artifacts/rust-tauri/R05/RR2/B-R2/standalone-full-1/R02/A16/legacy-entry/e1-surface-diff-files.txt
b32daeef2af45d85547f664e7ad68b9dd0c290942ad702592eff35b5cb4a65d8  ??  artifacts/rust-tauri/R05/RR2/B-R2/standalone-full-1/R02/A16/legacy-entry/e2-typecheck.log
9a3a2b6ce40e47627287266176c6142f859d948935aa73c756c0a6e541a2ced7  ??  artifacts/rust-tauri/R05/RR2/B-R2/standalone-full-1/R02/A16/legacy-entry/e3-core-contracts.log
6efbde3505cd31a6c317079b2137984624d90cf9b78b145c1cd38d2fb8ccb106  ??  artifacts/rust-tauri/R05/RR2/B-R2/standalone-full-1/R02/A16/legacy-entry/e4-5-build-renderer.log
c11e6e8682611ee33a4fbebfb0c523ff0ac68101d9ffaba047b473467f04fcda  ??  artifacts/rust-tauri/R05/RR2/B-R2/standalone-full-1/R02/A16/legacy-entry/e4-dependency-boundaries.log
534d14a715be12a3b18831a54b9a1dbbff8bed8e4667b56d795f8036e42f72d3  ??  artifacts/rust-tauri/R05/RR2/B-R2/standalone-full-1/R02/A16/legacy-entry/e4-tool-invocation-boundaries.log
a6336e88a861d5d65bf8332c6e104672fbecde11272907b15e2847bc36cfc7b2  ??  artifacts/rust-tauri/R05/RR2/B-R2/standalone-full-1/R02/A16/legacy-entry/e5-allowed-reds.txt
e3b0c44298fc1c149afbf4c8996fb92427ae41e4649b934ca495991b7852b855  ??  artifacts/rust-tauri/R05/RR2/B-R2/standalone-full-1/R02/A16/legacy-entry/e5-base-blocks.txt
e3b0c44298fc1c149afbf4c8996fb92427ae41e4649b934ca495991b7852b855  ??  artifacts/rust-tauri/R05/RR2/B-R2/standalone-full-1/R02/A16/legacy-entry/e5-base-cause-classes.txt
e3b0c44298fc1c149afbf4c8996fb92427ae41e4649b934ca495991b7852b855  ??  artifacts/rust-tauri/R05/RR2/B-R2/standalone-full-1/R02/A16/legacy-entry/e5-base-causes.txt
e3b0c44298fc1c149afbf4c8996fb92427ae41e4649b934ca495991b7852b855  ??  artifacts/rust-tauri/R05/RR2/B-R2/standalone-full-1/R02/A16/legacy-entry/e5-base-failed-files.txt
10c75dbe93c6640c949c9cfe93038e2c8a140d23a45b593712ba3679f102594c  ??  artifacts/rust-tauri/R05/RR2/B-R2/standalone-full-1/R02/A16/legacy-entry/e5-base-seal-family.log
67749fc3fa359c2ae0f4b7ee1918ea2c03b0dff7946ecaae0b3dce5d04bde997  ??  artifacts/rust-tauri/R05/RR2/B-R2/standalone-full-1/R02/A16/legacy-entry/e5-base-summary-counts.txt
fec8065ca00909c9c3d1902ca6704e879df0708f62a8365b7c51b7002d533766  ??  artifacts/rust-tauri/R05/RR2/B-R2/standalone-full-1/R02/A16/legacy-entry/e5-candidate-blocks.txt
74aaf894ede85425e6050eb88aeee8f2e8eb129374c3d567b97036282e3bc401  ??  artifacts/rust-tauri/R05/RR2/B-R2/standalone-full-1/R02/A16/legacy-entry/e5-candidate-cause-classes.txt
c500aecc32570e9218b10c45de3167a46512d445e8173da6b6ef7e54630be8b4  ??  artifacts/rust-tauri/R05/RR2/B-R2/standalone-full-1/R02/A16/legacy-entry/e5-candidate-causes.txt
a6336e88a861d5d65bf8332c6e104672fbecde11272907b15e2847bc36cfc7b2  ??  artifacts/rust-tauri/R05/RR2/B-R2/standalone-full-1/R02/A16/legacy-entry/e5-candidate-failed-files.txt
b30b877aaeffe85994b89a33f3cadcb1f0aecc694c01ac6115bbebfb766c5195  ??  artifacts/rust-tauri/R05/RR2/B-R2/standalone-full-1/R02/A16/legacy-entry/e5-candidate-npm-test.log
1e19d70bf42c53c2cb113717c45dd8f4ab52c9590f414525461a01f922e62b67  ??  artifacts/rust-tauri/R05/RR2/B-R2/standalone-full-1/R02/A16/legacy-entry/e5-candidate-summary-counts.txt
f0289aaf3c4e4c687e25134df576fd06a36a89fa914dd7929a7acd358973dc3d  ??  artifacts/rust-tauri/R05/RR2/B-R2/standalone-full-1/R02/A16/legacy-entry/e5-candidate-vitest-summary.txt
65a8e4d55d1d7b3d0f11e06928569acf896fdaa4c01cf07c3eb17427b16c603a  ??  artifacts/rust-tauri/R05/RR2/B-R2/standalone-full-1/R02/A16/legacy-entry/e5-cause-classes.txt
a6336e88a861d5d65bf8332c6e104672fbecde11272907b15e2847bc36cfc7b2  ??  artifacts/rust-tauri/R05/RR2/B-R2/standalone-full-1/R02/A16/legacy-entry/e5-new-since-base.txt
a6336e88a861d5d65bf8332c6e104672fbecde11272907b15e2847bc36cfc7b2  ??  artifacts/rust-tauri/R05/RR2/B-R2/standalone-full-1/R02/A16/legacy-entry/e5-registered-preexisting-family.txt
a6336e88a861d5d65bf8332c6e104672fbecde11272907b15e2847bc36cfc7b2  ??  artifacts/rust-tauri/R05/RR2/B-R2/standalone-full-1/R02/A16/legacy-entry/e5-seal-family.txt
3ed9b6f6edc62330ddc00ed85aada54bf3a299f3bf319807ed9eed3543e79f55  ??  artifacts/rust-tauri/R05/RR2/B-R2/standalone-full-1/R02/A16/legacy-entry/summary.txt
c1cbb239bd0bce8ddb3fb10ffc69099b59306c5813d5795f508de86a2b498f4b  ??  artifacts/rust-tauri/R05/RR2/C-R2/EXECUTOR_NOTE.md
8428ea7754ad9566538483e06ded0ee13d244ecceadd4ce7177bc5e86036d5e9  ??  artifacts/rust-tauri/R05/RR2/C-R2/green-battery-f34.log
4552976ff412189d752f7f73eece6add5f5b25019f16b543013fc0f75f1f7ac8  ??  artifacts/rust-tauri/R05/RR2/C-R2/green-clippy-f34.log
d0048f4b8e62d40b403980081cb7cf61e14077a796e9134ed76ae64f185611e4  ??  artifacts/rust-tauri/R05/RR2/C-R2/green-clippy-xtask-f34.log
e3b0c44298fc1c149afbf4c8996fb92427ae41e4649b934ca495991b7852b855  ??  artifacts/rust-tauri/R05/RR2/C-R2/green-fmt-check-f34.log
2ac99628d34c9a543c49f1b8755fd5fb68aa64dfa094a94d9b1605521c237e42  ??  artifacts/rust-tauri/R05/RR2/C-R2/green-xtask-mirror-cid.log
f884052099bb2e22600f1e1b94358d6a3a86f148f1427ec5cb848c98e007fcb8  ??  artifacts/rust-tauri/R05/RR2/C-R2/green-xtask-mirror-pin.log
78c3b12287d03a54aeba0e8b8e517aee5877d02367cb3e8ad7f96695adadc62b  ??  artifacts/rust-tauri/R05/RR2/C-R2/mut-baseline.log
b0dab14d24ef415d36cfff22b6c67b5f2c7da21e65c4e60078c04d33188961a1  ??  artifacts/rust-tauri/R05/RR2/C-R2/mut-red-unclosed-neutralized.log
82019dde0d4072540e29c9d6c347033f5cdae1f603668eed5e8e09776ee52bfe  ??  artifacts/rust-tauri/R05/RR2/C-R2/mut-restored-green.log
9895bfde536d002d3b46b5b4a419a593c14bc87782765e667f819af1677023df  ??  artifacts/rust-tauri/R05/RR2/D-R2/REPORT.md
4287facef102b0571523a6258c8fc72da7ff1a4b5186b878569b8357d8bd2240  ??  artifacts/rust-tauri/R05/RR2/D-R2/a-rootcause-conclusion.md
2c5f1358957a152517cafe7f1b69390a786ecf48a478ca3e4503d38936ef98a7  ??  artifacts/rust-tauri/R05/RR2/D-R2/clippy-selfcheck.log
1d8493e0a4f16980f6a5e7173953860cc44d97688d5cbe0c1a9835f9befd8cfe  ??  artifacts/rust-tauri/R05/RR2/D-R2/isolated-b-c-tests.log
3f49be8739bcded700183366a720d1cfed26f5671fbd98b5fec361accf9f2d46  ??  artifacts/rust-tauri/R05/RR2/D-R2/isolated-c-green-2.log
0437661d1718e610e4ff20b5359c569d46fefcff561db0d1ec8dedb888ae870e  ??  artifacts/rust-tauri/R05/RR2/D-R2/isolated-c-green-3.log
065f0b20c823b79f1f84d625a86c7d5b4dd0095b8e140a99222eff3899769e27  ??  artifacts/rust-tauri/R05/RR2/D-R2/isolated-c-green.log
84c064dcb4bb5d57de0bbe0be68c7c391eec3b90a7b270f60e4b5e885cbbe61c  ??  artifacts/rust-tauri/R05/RR2/D-R2/neg-b-incomplete-pids.log
d355a48381d9c3bbf822ad8fd057f9213d94cc215e8bb08e86177861c734a274  ??  artifacts/rust-tauri/R05/RR2/D-R2/neg-c-nonce-purpose.log
01f4b6b25c9f68d6b9e35c7d60bd152755876e869bc109784b8673c096bb052c  ??  artifacts/rust-tauri/R05/RR2/D-R2/prebuild-workspace.log
c688090b8b104c5407ffa4f7857d73798d16edfceeb243c1abb5d87a78359c13  ??  artifacts/rust-tauri/R05/RR2/D-R2/probe/probe-suite.log
b92b587ac9666c9d4c040e15f3eb8f89a292366f9a908e0654e06a86e2961378  ??  artifacts/rust-tauri/R05/RR2/D-R2/probe/zz_lanprobe
016664ce87b705450f19379d73c401d17ac7fcae75565fe5a52eda973ddb8a0d  ??  artifacts/rust-tauri/R05/RR2/D-R2/probe/zz_lanprobe.c
9dfdded8763afe98bbcf7afe083ad8818edf677591f433cd80eddcedba1cc6a7  ??  artifacts/rust-tauri/R05/RR2/D-R2/probe/zz_lanprobe.py
7f3f28d456fe4140fd2c6c417a87b02e118d1d4582c42380717bd67380eca96f  ??  artifacts/rust-tauri/R05/RR2/D-R2/r00-standalone-3.log
aa5c3f2f1200ec21f9c5c1695a3b061eaac8d89731e43829b3382d2e7fea458e  ??  artifacts/rust-tauri/R05/RR2/D-R2/rerun-current-binary.log
3418821da35c6ef88baae5dffd2a7303998fd695d48a50af5395567139c38e09  ??  artifacts/rust-tauri/R05/RR2/D-R2/suites-green-restored.log
95b51299e4fa9ccda3f9ae07e85509ebdcb9a74fd698f73408a43d3ff942772c  ??  artifacts/rust-tauri/R05/RR2/D-R2/workspace-test-full-r2.log
5973db1d3f6b1093928bf372274f585f246f9c07e164f35c33720304eab16208  ??  artifacts/rust-tauri/R05/RR2/D-R2/workspace-test-full.log
ec3921a32f973a5acfed3be92131b5dd154be07ce367104e6163be9ba7d87e55  ??  artifacts/rust-tauri/R05/RR2/D-R2/workspace-test-nofailfast.log
50676807c19ba68f311671b8cc6102aa735ff970611d8da52e0da00d53c582b8  ??  artifacts/rust-tauri/R05/RR2/E-R2/REPORT.md
b5888519ee321134ab215011af1f4df155a072f13b5763a3b91dc1edbb846747  ??  artifacts/rust-tauri/R05/RR2/E-R2/after-r00-management-leaves-post-e-changes.log
8902530f1e5fffcce9c6e2b5781745a3d58b7e59d6a956d394d146585f05d865  ??  artifacts/rust-tauri/R05/RR2/E-R2/baseline-r00-management-leaves-before-e-changes.log
6b8305eec4b43d40cfea018e7f912795fc6267f4f5b2fe46c540c011633c1131  ??  artifacts/rust-tauri/R05/RR2/E-R2/clippy-lingxi-service-tests.log
3ca8109a3ba4c9d73ae756a856dc8d27a52a1ad853ba722bdd7d660faa8ea8e1  ??  artifacts/rust-tauri/R05/RR2/E-R2/final-exact-pinned-test.log
fca66a323961b60d2fe43b44d29dced783646a38e7a073376408f864dee3f340  ??  artifacts/rust-tauri/R05/RR2/E-R2/green-r05t02-credentials-full.log
5ff07e8851f637914e88064bb03dae4930e2e5eba2996827bc34123e1d1b9454  ??  artifacts/rust-tauri/R05/RR2/E-R2/green-restored.log
26fe9ee6f5b2c26a24965e80c90afa07826f9b1b710c54a7ce21ee6dc07e3850  ??  artifacts/rust-tauri/R05/RR2/E-R2/green-xtask-tests-post-stagemap-sync.log
63c28b120c12b3c9552d12a7dfd082b9441543f1a4329bae355e3d1d2c5ace28  ??  artifacts/rust-tauri/R05/RR2/E-R2/red.log
9785871fb67a4d5fdc0b469911dabecd4c7c0fb7dfab1ffae957ee9dee72ce2e   M  docs/rust-tauri/R02/R02-T04_STORAGE_REGISTRY.json
ffffbe56313a1d5e50e7b216499cd851b1efc988da811a57d4fe0b07cc0be556   M  docs/rust-tauri/R05/r05_stage_cids.tsv
fdacb2c2401ccd0a276abc7ab945cad57ec307f08e24516bac9227e76031e6e5   M  docs/rust-tauri/R05/r05_stage_pins.tsv
3e95ce7cdc958023ceffea7ba0bfbb6742c2dafd7e40e42fd89227b6546b8f05   M  docs/rust-tauri/R05/repair-current/RR1_LEAF_DEVIATIONS.md
1ee083e21a23a69109cb96810377dba2a9615f7df00a89232dc276631808ff98  ??  docs/rust-tauri/R05/repair-current/RR2_BRIEF.md
51a2ce2c5437217b87830f7a433a574cf3ff482e2fdbb7d9da19f0db63babf60  ??  docs/rust-tauri/R05/repair-current/RR2_HANDOFF.md
8f0cc832b3e4ea08835eabd3c70950562406118d70ed1c01b3c2185f885f7833  ??  docs/rust-tauri/R05/repair-current/RR2_ISSUE_MATRIX.json
35802f225728954cccedd12ef0453090948afd18db9cb0f8f31cc9d896e92545  ??  docs/rust-tauri/R05/repair-current/RR2_MASTER_PROMPT_2026-10-06.md
d916e26bee43bd98158a96ef4c344b51290171e70680dbc647fb55e55b05eaa3  ??  docs/rust-tauri/R05/repair-current/RR2_PROGRESS.md
a8bbed5cb25b90c4f43952c78d6a51e153e01cecd5b9684cab01469b8f786619   M  rust/crates/lingxi-adapters/tests/r05_t04_rr1_batch_terminal.rs
c569a06220d6672432e2dc1871f2f6c9f2d2b4d5eeae2c5773fec98e0a2d4e2f   M  rust/crates/lingxi-service/src/bin/r04_t07_fixture.rs
c9402d83a16f3b0c4f6f193968b099fe29c6121968b337d6109dfeeb14c8c27d   M  rust/crates/lingxi-service/src/management.rs
ad2b9d816bc34acc937a11d8e7ea259ab91c0a7c6ad51c5b54eb363266b76d7a   M  rust/crates/lingxi-service/tests/r04_t05_process_tools.rs
8a7f7f23e30aa22b23a51138d4ac2817e9dca78fa63889d4fa82dd82a0e35541   M  rust/crates/lingxi-service/tests/r05_t02_credentials.rs
584ad879f4aa5ae8cad7cbdde70cda79f95ab2f5f1602059839a39a0c5093d68   M  rust/crates/lingxi-service/tests/r05_t08_production_tools.rs
025b7160613ab9ada766492caa42c236b40f9707efcdcb641faebdcd587551ce   M  rust/crates/xtask/src/stage_map.rs
a1e4942356f7c6f897cd51f85e26ad474692836db2e3817951e72cd2be797798   M  rust/crates/xtask/src/stage_maps/R05.json
43642ef04976f416df93f76921337bb812f278ea6dc3d330167ff21806acf31b  ??  scripts/rust-tauri/r02_registry_consistency.py
bfb807dc74e75a0b61d93a517f9a308bbedf4538db51c8b5fc012b43ea7a3527   M  scripts/rust-tauri/r02_t04_storage_tx.sh
e35b25ca96825c85e0b7cf4fbcd0a51a1ed1ab8f53db0879db7f9376a9e0d7ad   M  scripts/rust-tauri/r02_t08_legacy_entry_regression.sh
