tests/round2-delivery-evidence.test.ts	4	⟦FAIL-BLOCK⟧
tests/round2-delivery-evidence.test.ts	4	Error: Command failed: python3 /private/var/folders/5r/wq54gtms21gfjgr5v94ynfyh0000gn/T/r02-a16.Y9ZJ71/repo-candidate/artifacts/f1-f12-repair/round2/create-delivery-patch.py
tests/round2-delivery-evidence.test.ts	4	warning: in the working copy of 'artifacts/rust-tauri/R02/T07/redaction-scan/p1-execute-ok.headers', CRLF will be replaced by LF the next time Git touches it
tests/round2-delivery-evidence.test.ts	4	warning: in the working copy of 'artifacts/rust-tauri/R02/T07/redaction-scan/p1-issue-credential.headers', CRLF will be replaced by LF the next time Git touches it
tests/round2-delivery-evidence.test.ts	4	warning: in the working copy of 'artifacts/rust-tauri/R02/T07/redaction-scan/p1-me-ok.headers', CRLF will be replaced by LF the next time Git touches it
tests/round2-delivery-evidence.test.ts	4	warning: in the working copy of 'artifacts/rust-tauri/R02/T07/redaction-scan/p1-ticket.headers', CRLF will be replaced by LF the next time Git touches it
tests/round2-delivery-evidence.test.ts	4	warning: in the working copy of 'artifacts/rust-tauri/R02/T07/redaction-scan/p2-me-bad-bearer.headers', CRLF will be replaced by LF the next time Git touches it
tests/round2-delivery-evidence.test.ts	4	warning: in the working copy of 'artifacts/rust-tauri/R02/T07/redaction-scan/p2-me-no-auth.headers', CRLF will be replaced by LF the next time Git touches it
tests/round2-delivery-evidence.test.ts	4	warning: in the working copy of 'artifacts/rust-tauri/R02/T07/redaction-scan/p2-session-cross.headers', CRLF will be replaced by LF the next time Git touches it
tests/round2-delivery-evidence.test.ts	4	warning: in the working copy of 'artifacts/rust-tauri/R02/T07/redaction-scan/p2-session-missing.headers', CRLF will be replaced by LF the next time Git touches it
tests/round2-delivery-evidence.test.ts	4	warning: in the working copy of 'artifacts/rust-tauri/R02/T07/redaction-scan/p2-ws-bad-query.headers', CRLF will be replaced by LF the next time Git touches it
tests/round2-delivery-evidence.test.ts	4	warning: in the working copy of 'artifacts/rust-tauri/R02/T08/verify-stage/A13/redaction-scan/p1-execute-ok.headers', CRLF will be replaced by LF the next time Git touches it
tests/round2-delivery-evidence.test.ts	4	warning: in the working copy of 'artifacts/rust-tauri/R02/T08/verify-stage/A13/redaction-scan/p1-issue-credential.headers', CRLF will be replaced by LF the next time Git touches it
tests/round2-delivery-evidence.test.ts	4	warning: in the working copy of 'artifacts/rust-tauri/R02/T08/verify-stage/A13/redaction-scan/p1-me-ok.headers', CRLF will be replaced by LF the next time Git touches it
tests/round2-delivery-evidence.test.ts	4	warning: in the working copy of 'artifacts/rust-tauri/R02/T08/verify-stage/A13/redaction-scan/p1-ticket.headers', CRLF will be replaced by LF the next time Git touches it
tests/round2-delivery-evidence.test.ts	4	warning: in the working copy of 'artifacts/rust-tauri/R02/T08/verify-stage/A13/redaction-scan/p2-me-bad-bearer.headers', CRLF will be replaced by LF the next time Git touches it
tests/round2-delivery-evidence.test.ts	4	warning: in the working copy of 'artifacts/rust-tauri/R02/T08/verify-stage/A13/redaction-scan/p2-me-no-auth.headers', CRLF will be replaced by LF the next time Git touches it
tests/round2-delivery-evidence.test.ts	4	warning: in the working copy of 'artifacts/rust-tauri/R02/T08/verify-stage/A13/redaction-scan/p2-session-cross.headers', CRLF will be replaced by LF the next time Git touches it
tests/round2-delivery-evidence.test.ts	4	warning: in the working copy of 'artifacts/rust-tauri/R02/T08/verify-stage/A13/redaction-scan/p2-session-missing.headers', CRLF will be replaced by LF the next time Git touches it
tests/round2-delivery-evidence.test.ts	4	warning: in the working copy of 'artifacts/rust-tauri/R02/T08/verify-stage/A13/redaction-scan/p2-ws-bad-query.headers', CRLF will be replaced by LF the next time Git touches it
tests/round2-delivery-evidence.test.ts	4	warning: in the working copy of 'artifacts/rust-tauri/R02/final-candidate-a0af83666f89cc4b/A13/redaction-scan/p1-execute-ok.headers', CRLF will be replaced by LF the next time Git touches it
tests/round2-delivery-evidence.test.ts	4	warning: in the working copy of 'artifacts/rust-tauri/R02/final-candidate-a0af83666f89cc4b/A13/redaction-scan/p1-issue-credential.headers', CRLF will be replaced by LF the next time Git touches it
tests/round2-delivery-evidence.test.ts	4	warning: in the working copy of 'artifacts/rust-tauri/R02/final-candidate-a0af83666f89cc4b/A13/redaction-scan/p1-me-ok.headers', CRLF will be replaced by LF the next time Git touches it
tests/round2-delivery-evidence.test.ts	4	warning: in the working copy of 'artifacts/rust-tauri/R02/final-candidate-a0af83666f89cc4b/A13/redaction-scan/p1-ticket.headers', CRLF will be replaced by LF the next time Git touches it
tests/round2-delivery-evidence.test.ts	4	warning: in the working copy of 'artifacts/rust-tauri/R02/final-candidate-a0af83666f89cc4b/A13/redaction-scan/p2-me-bad-bearer.headers', CRLF will be replaced by LF the next time Git touches it
tests/round2-delivery-evidence.test.ts	4	warning: in the working copy of 'artifacts/rust-tauri/R02/final-candidate-a0af83666f89cc4b/A13/redaction-scan/p2-me-no-auth.headers', CRLF will be replaced by LF the next time Git touches it
tests/round2-delivery-evidence.test.ts	4	warning: in the working copy of 'artifacts/rust-tauri/R02/final-candidate-a0af83666f89cc4b/A13/redaction-scan/p2-session-cross.headers', CRLF will be replaced by LF the next time Git touches it
tests/round2-delivery-evidence.test.ts	4	warning: in the working copy of 'artifacts/rust-tauri/R02/final-candidate-a0af83666f89cc4b/A13/redaction-scan/p2-session-missing.headers', CRLF will be replaced by LF the next time Git touches it
tests/round2-delivery-evidence.test.ts	4	warning: in the working copy of 'artifacts/rust-tauri/R02/final-candidate-a0af83666f89cc4b/A13/redaction-scan/p2-ws-bad-query.headers', CRLF will be replaced by LF the next time Git touches it
tests/round2-delivery-evidence.test.ts	4	warning: in the working copy of 'artifacts/rust-tauri/R02/final-candidate-a29e5adbb404ad70/A13/redaction-scan/p1-execute-ok.headers', CRLF will be replaced by LF the next time Git touches it
tests/round2-delivery-evidence.test.ts	4	warning: in the working copy of 'artifacts/rust-tauri/R02/final-candidate-a29e5adbb404ad70/A13/redaction-scan/p1-issue-credential.headers', CRLF will be replaced by LF the next time Git touches it
tests/round2-delivery-evidence.test.ts	4	warning: in the working copy of 'artifacts/rust-tauri/R02/final-candidate-a29e5adbb404ad70/A13/redaction-scan/p1-me-ok.headers', CRLF will be replaced by LF the next time Git touches it
tests/round2-delivery-evidence.test.ts	4	warning: in the working copy of 'artifacts/rust-tauri/R02/final-candidate-a29e5adbb404ad70/A13/redaction-scan/p1-ticket.headers', CRLF will be replaced by LF the next time Git touches it
tests/round2-delivery-evidence.test.ts	4	warning: in the working copy of 'artifacts/rust-tauri/R02/final-candidate-a29e5adbb404ad70/A13/redaction-scan/p2-me-bad-bearer.headers', CRLF will be replaced by LF the next time Git touches it
tests/round2-delivery-evidence.test.ts	4	warning: in the working copy of 'artifacts/rust-tauri/R02/final-candidate-a29e5adbb404ad70/A13/redaction-scan/p2-me-no-auth.headers', CRLF will be replaced by LF the next time Git touches it
tests/round2-delivery-evidence.test.ts	4	warning: in the working copy of 'artifacts/rust-tauri/R02/final-candidate-a29e5adbb404ad70/A13/redaction-scan/p2-session-cross.headers', CRLF will be replaced by LF the next time Git touches it
tests/round2-delivery-evidence.test.ts	4	warning: in the working copy of 'artifacts/rust-tauri/R02/final-candidate-a29e5adbb404ad70/A13/redaction-scan/p2-session-missing.headers', CRLF will be replaced by LF the next time Git touches it
tests/round2-delivery-evidence.test.ts	4	warning: in the working copy of 'artifacts/rust-tauri/R02/final-candidate-a29e5adbb404ad70/A13/redaction-scan/p2-ws-bad-query.headers', CRLF will be replaced by LF the next time Git touches it
tests/round2-delivery-evidence.test.ts	4	warning: in the working copy of 'artifacts/rust-tauri/R02/final-candidate-e876171c5cd0a6f8/A13/redaction-scan/p1-execute-ok.headers', CRLF will be replaced by LF the next time Git touches it
tests/round2-delivery-evidence.test.ts	4	warning: in the working copy of 'artifacts/rust-tauri/R02/final-candidate-e876171c5cd0a6f8/A13/redaction-scan/p1-issue-credential.headers', CRLF will be replaced by LF the next time Git touches it
tests/round2-delivery-evidence.test.ts	4	warning: in the working copy of 'artifacts/rust-tauri/R02/final-candidate-e876171c5cd0a6f8/A13/redaction-scan/p1-me-ok.headers', CRLF will be replaced by LF the next time Git touches it
tests/round2-delivery-evidence.test.ts	4	warning: in the working copy of 'artifacts/rust-tauri/R02/final-candidate-e876171c5cd0a6f8/A13/redaction-scan/p1-ticket.headers', CRLF will be replaced by LF the next time Git touches it
tests/round2-delivery-evidence.test.ts	4	warning: in the working copy of 'artifacts/rust-tauri/R02/final-candidate-e876171c5cd0a6f8/A13/redaction-scan/p2-me-bad-bearer.headers', CRLF will be replaced by LF the next time Git touches it
tests/round2-delivery-evidence.test.ts	4	warning: in the working copy of 'artifacts/rust-tauri/R02/final-candidate-e876171c5cd0a6f8/A13/redaction-scan/p2-me-no-auth.headers', CRLF will be replaced by LF the next time Git touches it
tests/round2-delivery-evidence.test.ts	4	warning: in the working copy of 'artifacts/rust-tauri/R02/final-candidate-e876171c5cd0a6f8/A13/redaction-scan/p2-session-cross.headers', CRLF will be replaced by LF the next time Git touches it
tests/round2-delivery-evidence.test.ts	4	warning: in the working copy of 'artifacts/rust-tauri/R02/final-candidate-e876171c5cd0a6f8/A13/redaction-scan/p2-session-missing.headers', CRLF will be replaced by LF the next time Git touches it
tests/round2-delivery-evidence.test.ts	4	warning: in the working copy of 'artifacts/rust-tauri/R02/final-candidate-e876171c5cd0a6f8/A13/redaction-scan/p2-ws-bad-query.headers', CRLF will be replaced by LF the next time Git touches it
tests/round2-delivery-evidence.test.ts	4	warning: in the working copy of 'artifacts/rust-tauri/R02/final-candidate-fc9971898df7a9e8/A13/redaction-scan/p1-execute-ok.headers', CRLF will be replaced by LF the next time Git touches it
tests/round2-delivery-evidence.test.ts	4	warning: in the working copy of 'artifacts/rust-tauri/R02/final-candidate-fc9971898df7a9e8/A13/redaction-scan/p1-issue-credential.headers', CRLF will be replaced by LF the next time Git touches it
tests/round2-delivery-evidence.test.ts	4	warning: in the working copy of 'artifacts/rust-tauri/R02/final-candidate-fc9971898df7a9e8/A13/redaction-scan/p1-me-ok.headers', CRLF will be replaced by LF the next time Git touches it
tests/round2-delivery-evidence.test.ts	4	warning: in the working copy of 'artifacts/rust-tauri/R02/final-candidate-fc9971898df7a9e8/A13/redaction-scan/p1-ticket.headers', CRLF will be replaced by LF the next time Git touches it
tests/round2-delivery-evidence.test.ts	4	warning: in the working copy of 'artifacts/rust-tauri/R02/final-candidate-fc9971898df7a9e8/A13/redaction-scan/p2-me-bad-bearer.headers', CRLF will be replaced by LF the next time Git touches it
tests/round2-delivery-evidence.test.ts	4	warning: in the working copy of 'artifacts/rust-tauri/R02/final-candidate-fc9971898df7a9e8/A13/redaction-scan/p2-me-no-auth.headers', CRLF will be replaced by LF the next time Git touches it
tests/round2-delivery-evidence.test.ts	4	warning: in the working copy of 'artifacts/rust-tauri/R02/final-candidate-fc9971898df7a9e8/A13/redaction-scan/p2-session-cross.headers', CRLF will be replaced by LF the next time Git touches it
tests/round2-delivery-evidence.test.ts	4	warning: in the working copy of 'artifacts/rust-tauri/R02/final-candidate-fc9971898df7a9e8/A13/redaction-scan/p2-session-missing.headers', CRLF will be replaced by LF the next time Git touches it
tests/round2-delivery-evidence.test.ts	4	warning: in the working copy of 'artifacts/rust-tauri/R02/final-candidate-fc9971898df7a9e8/A13/redaction-scan/p2-ws-bad-query.headers', CRLF will be replaced by LF the next time Git touches it
tests/round2-delivery-evidence.test.ts	4	warning: in the working copy of 'artifacts/rust-tauri/R02/T07/redaction-scan/p1-execute-ok.headers', CRLF will be replaced by LF the next time Git touches it
tests/round2-delivery-evidence.test.ts	4	warning: in the working copy of 'artifacts/rust-tauri/R02/T07/redaction-scan/p1-issue-credential.headers', CRLF will be replaced by LF the next time Git touches it
tests/round2-delivery-evidence.test.ts	4	warning: in the working copy of 'artifacts/rust-tauri/R02/T07/redaction-scan/p1-me-ok.headers', CRLF will be replaced by LF the next time Git touches it
tests/round2-delivery-evidence.test.ts	4	warning: in the working copy of 'artifacts/rust-tauri/R02/T07/redaction-scan/p1-ticket.headers', CRLF will be replaced by LF the next time Git touches it
tests/round2-delivery-evidence.test.ts	4	warning: in the working copy of 'artifacts/rust-tauri/R02/T07/redaction-scan/p2-me-bad-bearer.headers', CRLF will be replaced by LF the next time Git touches it
tests/round2-delivery-evidence.test.ts	4	warning: in the working copy of 'artifacts/rust-tauri/R02/T07/redaction-scan/p2-me-no-auth.headers', CRLF will be replaced by LF the next time Git touches it
tests/round2-delivery-evidence.test.ts	4	warning: in the working copy of 'artifacts/rust-tauri/R02/T07/redaction-scan/p2-session-cross.headers', CRLF will be replaced by LF the next time Git touches it
tests/round2-delivery-evidence.test.ts	4	warning: in the working copy of 'artifacts/rust-tauri/R02/T07/redaction-scan/p2-session-missing.headers', CRLF will be replaced by LF the next time Git touches it
tests/round2-delivery-evidence.test.ts	4	warning: in the working copy of 'artifacts/rust-tauri/R02/T07/redaction-scan/p2-ws-bad-query.headers', CRLF will be replaced by LF the next time Git touches it
tests/round2-delivery-evidence.test.ts	4	warning: in the working copy of 'artifacts/rust-tauri/R02/T08/verify-stage/A13/redaction-scan/p1-execute-ok.headers', CRLF will be replaced by LF the next time Git touches it
tests/round2-delivery-evidence.test.ts	4	warning: in the working copy of 'artifacts/rust-tauri/R02/T08/verify-stage/A13/redaction-scan/p1-issue-credential.headers', CRLF will be replaced by LF the next time Git touches it
tests/round2-delivery-evidence.test.ts	4	warning: in the working copy of 'artifacts/rust-tauri/R02/T08/verify-stage/A13/redaction-scan/p1-me-ok.headers', CRLF will be replaced by LF the next time Git touches it
tests/round2-delivery-evidence.test.ts	4	warning: in the working copy of 'artifacts/rust-tauri/R02/T08/verify-stage/A13/redaction-scan/p1-ticket.headers', CRLF will be replaced by LF the next time Git touches it
tests/round2-delivery-evidence.test.ts	4	warning: in the working copy of 'artifacts/rust-tauri/R02/T08/verify-stage/A13/redaction-scan/p2-me-bad-bearer.headers', CRLF will be replaced by LF the next time Git touches it
tests/round2-delivery-evidence.test.ts	4	warning: in the working copy of 'artifacts/rust-tauri/R02/T08/verify-stage/A13/redaction-scan/p2-me-no-auth.headers', CRLF will be replaced by LF the next time Git touches it
tests/round2-delivery-evidence.test.ts	4	warning: in the working copy of 'artifacts/rust-tauri/R02/T08/verify-stage/A13/redaction-scan/p2-session-cross.headers', CRLF will be replaced by LF the next time Git touches it
tests/round2-delivery-evidence.test.ts	4	warning: in the working copy of 'artifacts/rust-tauri/R02/T08/verify-stage/A13/redaction-scan/p2-session-missing.headers', CRLF will be replaced by LF the next time Git touches it
tests/round2-delivery-evidence.test.ts	4	warning: in the working copy of 'artifacts/rust-tauri/R02/T08/verify-stage/A13/redaction-scan/p2-ws-bad-query.headers', CRLF will be replaced by LF the next time Git touches it
tests/round2-delivery-evidence.test.ts	4	warning: in the working copy of 'artifacts/rust-tauri/R02/final-candidate-a0af83666f89cc4b/A13/redaction-scan/p1-execute-ok.headers', CRLF will be replaced by LF the next time Git touches it
tests/round2-delivery-evidence.test.ts	4	warning: in the working copy of 'artifacts/rust-tauri/R02/final-candidate-a0af83666f89cc4b/A13/redaction-scan/p1-issue-credential.headers', CRLF will be replaced by LF the next time Git touches it
tests/round2-delivery-evidence.test.ts	4	warning: in the working copy of 'artifacts/rust-tauri/R02/final-candidate-a0af83666f89cc4b/A13/redaction-scan/p1-me-ok.headers', CRLF will be replaced by LF the next time Git touches it
tests/round2-delivery-evidence.test.ts	4	warning: in the working copy of 'artifacts/rust-tauri/R02/final-candidate-a0af83666f89cc4b/A13/redaction-scan/p1-ticket.headers', CRLF will be replaced by LF the next time Git touches it
tests/round2-delivery-evidence.test.ts	4	warning: in the working copy of 'artifacts/rust-tauri/R02/final-candidate-a0af83666f89cc4b/A13/redaction-scan/p2-me-bad-bearer.headers', CRLF will be replaced by LF the next time Git touches it
tests/round2-delivery-evidence.test.ts	4	warning: in the working copy of 'artifacts/rust-tauri/R02/final-candidate-a0af83666f89cc4b/A13/redaction-scan/p2-me-no-auth.headers', CRLF will be replaced by LF the next time Git touches it
tests/round2-delivery-evidence.test.ts	4	warning: in the working copy of 'artifacts/rust-tauri/R02/final-candidate-a0af83666f89cc4b/A13/redaction-scan/p2-session-cross.headers', CRLF will be replaced by LF the next time Git touches it
tests/round2-delivery-evidence.test.ts	4	warning: in the working copy of 'artifacts/rust-tauri/R02/final-candidate-a0af83666f89cc4b/A13/redaction-scan/p2-session-missing.headers', CRLF will be replaced by LF the next time Git touches it
tests/round2-delivery-evidence.test.ts	4	warning: in the working copy of 'artifacts/rust-tauri/R02/final-candidate-a0af83666f89cc4b/A13/redaction-scan/p2-ws-bad-query.headers', CRLF will be replaced by LF the next time Git touches it
tests/round2-delivery-evidence.test.ts	4	warning: in the working copy of 'artifacts/rust-tauri/R02/final-candidate-a29e5adbb404ad70/A13/redaction-scan/p1-execute-ok.headers', CRLF will be replaced by LF the next time Git touches it
tests/round2-delivery-evidence.test.ts	4	warning: in the working copy of 'artifacts/rust-tauri/R02/final-candidate-a29e5adbb404ad70/A13/redaction-scan/p1-issue-credential.headers', CRLF will be replaced by LF the next time Git touches it
tests/round2-delivery-evidence.test.ts	4	warning: in the working copy of 'artifacts/rust-tauri/R02/final-candidate-a29e5adbb404ad70/A13/redaction-scan/p1-me-ok.headers', CRLF will be replaced by LF the next time Git touches it
tests/round2-delivery-evidence.test.ts	4	warning: in the working copy of 'artifacts/rust-tauri/R02/final-candidate-a29e5adbb404ad70/A13/redaction-scan/p1-ticket.headers', CRLF will be replaced by LF the next time Git touches it
tests/round2-delivery-evidence.test.ts	4	warning: in the working copy of 'artifacts/rust-tauri/R02/final-candidate-a29e5adbb404ad70/A13/redaction-scan/p2-me-bad-bearer.headers', CRLF will be replaced by LF the next time Git touches it
tests/round2-delivery-evidence.test.ts	4	warning: in the working copy of 'artifacts/rust-tauri/R02/final-candidate-a29e5adbb404ad70/A13/redaction-scan/p2-me-no-auth.headers', CRLF will be replaced by LF the next time Git touches it
tests/round2-delivery-evidence.test.ts	4	warning: in the working copy of 'artifacts/rust-tauri/R02/final-candidate-a29e5adbb404ad70/A13/redaction-scan/p2-session-cross.headers', CRLF will be replaced by LF the next time Git touches it
tests/round2-delivery-evidence.test.ts	4	warning: in the working copy of 'artifacts/rust-tauri/R02/final-candidate-a29e5adbb404ad70/A13/redaction-scan/p2-session-missing.headers', CRLF will be replaced by LF the next time Git touches it
tests/round2-delivery-evidence.test.ts	4	warning: in the working copy of 'artifacts/rust-tauri/R02/final-candidate-a29e5adbb404ad70/A13/redaction-scan/p2-ws-bad-query.headers', CRLF will be replaced by LF the next time Git touches it
tests/round2-delivery-evidence.test.ts	4	warning: in the working copy of 'artifacts/rust-tauri/R02/final-candidate-e876171c5cd0a6f8/A13/redaction-scan/p1-execute-ok.headers', CRLF will be replaced by LF the next time Git touches it
tests/round2-delivery-evidence.test.ts	4	warning: in the working copy of 'artifacts/rust-tauri/R02/final-candidate-e876171c5cd0a6f8/A13/redaction-scan/p1-issue-credential.headers', CRLF will be replaced by LF the next time Git touches it
tests/round2-delivery-evidence.test.ts	4	warning: in the working copy of 'artifacts/rust-tauri/R02/final-candidate-e876171c5cd0a6f8/A13/redaction-scan/p1-me-ok.headers', CRLF will be replaced by LF the next time Git touches it
tests/round2-delivery-evidence.test.ts	4	warning: in the working copy of 'artifacts/rust-tauri/R02/final-candidate-e876171c5cd0a6f8/A13/redaction-scan/p1-ticket.headers', CRLF will be replaced by LF the next time Git touches it
tests/round2-delivery-evidence.test.ts	4	warning: in the working copy of 'artifacts/rust-tauri/R02/final-candidate-e876171c5cd0a6f8/A13/redaction-scan/p2-me-bad-bearer.headers', CRLF will be replaced by LF the next time Git touches it
tests/round2-delivery-evidence.test.ts	4	warning: in the working copy of 'artifacts/rust-tauri/R02/final-candidate-e876171c5cd0a6f8/A13/redaction-scan/p2-me-no-auth.headers', CRLF will be replaced by LF the next time Git touches it
tests/round2-delivery-evidence.test.ts	4	warning: in the working copy of 'artifacts/rust-tauri/R02/final-candidate-e876171c5cd0a6f8/A13/redaction-scan/p2-session-cross.headers', CRLF will be replaced by LF the next time Git touches it
tests/round2-delivery-evidence.test.ts	4	warning: in the working copy of 'artifacts/rust-tauri/R02/final-candidate-e876171c5cd0a6f8/A13/redaction-scan/p2-session-missing.headers', CRLF will be replaced by LF the next time Git touches it
tests/round2-delivery-evidence.test.ts	4	warning: in the working copy of 'artifacts/rust-tauri/R02/final-candidate-e876171c5cd0a6f8/A13/redaction-scan/p2-ws-bad-query.headers', CRLF will be replaced by LF the next time Git touches it
tests/round2-delivery-evidence.test.ts	4	warning: in the working copy of 'artifacts/rust-tauri/R02/final-candidate-fc9971898df7a9e8/A13/redaction-scan/p1-execute-ok.headers', CRLF will be replaced by LF the next time Git touches it
tests/round2-delivery-evidence.test.ts	4	warning: in the working copy of 'artifacts/rust-tauri/R02/final-candidate-fc9971898df7a9e8/A13/redaction-scan/p1-issue-credential.headers', CRLF will be replaced by LF the next time Git touches it
tests/round2-delivery-evidence.test.ts	4	warning: in the working copy of 'artifacts/rust-tauri/R02/final-candidate-fc9971898df7a9e8/A13/redaction-scan/p1-me-ok.headers', CRLF will be replaced by LF the next time Git touches it
tests/round2-delivery-evidence.test.ts	4	warning: in the working copy of 'artifacts/rust-tauri/R02/final-candidate-fc9971898df7a9e8/A13/redaction-scan/p1-ticket.headers', CRLF will be replaced by LF the next time Git touches it
tests/round2-delivery-evidence.test.ts	4	warning: in the working copy of 'artifacts/rust-tauri/R02/final-candidate-fc9971898df7a9e8/A13/redaction-scan/p2-me-bad-bearer.headers', CRLF will be replaced by LF the next time Git touches it
tests/round2-delivery-evidence.test.ts	4	warning: in the working copy of 'artifacts/rust-tauri/R02/final-candidate-fc9971898df7a9e8/A13/redaction-scan/p2-me-no-auth.headers', CRLF will be replaced by LF the next time Git touches it
tests/round2-delivery-evidence.test.ts	4	warning: in the working copy of 'artifacts/rust-tauri/R02/final-candidate-fc9971898df7a9e8/A13/redaction-scan/p2-session-cross.headers', CRLF will be replaced by LF the next time Git touches it
tests/round2-delivery-evidence.test.ts	4	warning: in the working copy of 'artifacts/rust-tauri/R02/final-candidate-fc9971898df7a9e8/A13/redaction-scan/p2-session-missing.headers', CRLF will be replaced by LF the next time Git touches it
tests/round2-delivery-evidence.test.ts	4	warning: in the working copy of 'artifacts/rust-tauri/R02/final-candidate-fc9971898df7a9e8/A13/redaction-scan/p2-ws-bad-query.headers', CRLF will be replaced by LF the next time Git touches it
tests/round2-delivery-evidence.test.ts	4	current source manifest does not match HEAD (uncommitted or untracked source changes): firstDiff=["artifacts/rust-tauri/R02/final-candidate-a0af83666f89cc4b/A01/a01-cargo-metadata.err", "artifacts/rust-tauri/R02/final-candidate-a0af83666f89cc4b/A01/a01-cargo-metadata.json", "artifacts/rust-tauri/R02/final-candidate-a0af83666f89cc4b/A01/a01-child-snapshot.tsv"]
tests/round2-delivery-evidence.test.ts	4	post-verification diff guard failed: udit-r17-cli-rust-targeted/typecheck-05/exit-codes.txt
tests/round2-delivery-evidence.test.ts	4	  - artifacts/rust-tauri/R02/audit-r17-cli-rust-targeted/typecheck-05/start-utc.txt
tests/round2-delivery-evidence.test.ts	4	  - artifacts/rust-tauri/R02/audit-r17-cli-rust-targeted/typecheck-06/candidate-sha256.txt
tests/round2-delivery-evidence.test.ts	4	  - artifacts/rust-tauri/R02/audit-r17-cli-rust-targeted/typecheck-06/commands.txt
tests/round2-delivery-evidence.test.ts	4	  - artifacts/rust-tauri/R02/audit-r17-cli-rust-targeted/typecheck-06/end-utc.txt
tests/round2-delivery-evidence.test.ts	4	  - artifacts/rust-tauri/R02/audit-r17-cli-rust-targeted/typecheck-06/exit-codes.txt
tests/round2-delivery-evidence.test.ts	4	  - artifacts/rust-t
tests/round2-delivery-evidence.test.ts	4	
