# binding-exclusion: artifacts/rust-tauri/R03/repair-current/RR2-F05-GATE/verify-stage-r03/R02/A16/legacy-entry/** — this gate's own run-time evidence output subtree (runner output, never candidate source); applied symmetrically to BOTH the main-repo binding and the candidate-copy binding (E0 mirror compare)
f5b0981175fe9bd307c7bb4e8dcb8490cfa58585d62d9c3e2f7eb03e4e875e54  ??  artifacts/rust-tauri/R03/repair-current/RR2-F05-GATE/verify-stage-r03/A15/cases/background-run-completes-decoupled.json
fda5f46e011354371ff149d97818d48d3b78dca205e17e8a7b39dba1cb4013e6  ??  artifacts/rust-tauri/R03/repair-current/RR2-F05-GATE/verify-stage-r03/A15/cases/background-survives-unrelated-cancel.json
92eebd1162583e5ed42a8e61a80b5c84e94753ed6562c35c930ebb65f6e23f01  ??  artifacts/rust-tauri/R03/repair-current/RR2-F05-GATE/verify-stage-r03/A15/cases/cancel-live-run-accepted-terminal-cancelled.json
edc380e78d3b8f95b51f12c2bbfcb702760327da3f20bd6c9f456b5c7e0934de  ??  artifacts/rust-tauri/R03/repair-current/RR2-F05-GATE/verify-stage-r03/A15/cases/cancel-terminal-run-already-terminal.json
e320e539d701e4f285fcff1a42629b28016fa5f103e77fccb5c1ddf921155742  ??  artifacts/rust-tauri/R03/repair-current/RR2-F05-GATE/verify-stage-r03/A15/cases/cancel-unknown-run-not-found.json
a513a19cd5ca9bc857d2e01c9be7ec61e3e5677e7d1948db618b31fb7aba127a  ??  artifacts/rust-tauri/R03/repair-current/RR2-F05-GATE/verify-stage-r03/A15/cases/cancel-waiting-approval-cancels-cleanly.json
602b436fbd1f0de778ca086853030197fe28a3fde1a5f694ebea64e4f8779c8a  ??  artifacts/rust-tauri/R03/repair-current/RR2-F05-GATE/verify-stage-r03/A15/cases/combo-cancel-stream-terminal-cancelled.json
b24ff9cdbb08092492dd68815bdf3c4a6f38c8e2a42cd79c30abbfcacdfef745  ??  artifacts/rust-tauri/R03/repair-current/RR2-F05-GATE/verify-stage-r03/A15/cases/combo-crash-recovery-honest-interrupted.json
d9e8dea9429b0f0c9fc86be7f31dcd96b4b227e1174dcdea6d1f00b177ec2987  ??  artifacts/rust-tauri/R03/repair-current/RR2-F05-GATE/verify-stage-r03/A15/cases/combo-cross-session-both-complete.json
106bebd1aa293f120bb83f22b33de1e19ae817a4963587e2ee17be8731293349  ??  artifacts/rust-tauri/R03/repair-current/RR2-F05-GATE/verify-stage-r03/A15/cases/combo-duplicate-conflict-rejected.json
eafb37ffcb4d76d45d58a64d80d9ef413064c1f979d64ba1cc2e609d147963fc  ??  artifacts/rust-tauri/R03/repair-current/RR2-F05-GATE/verify-stage-r03/A15/cases/combo-duplicate-replay-no-second-run.json
346e6cb6ae16f125e4bbfdbf24d2bbcf63c92fa9642b2676fa06a78bfa1e8fdb  ??  artifacts/rust-tauri/R03/repair-current/RR2-F05-GATE/verify-stage-r03/A15/cases/combo-events-subscriber-saw-terminal.json
97a0c8f8404d1c042f8f7efd240d5d5f5446103b21bcccf9c5c90461b6082043  ??  artifacts/rust-tauri/R03/repair-current/RR2-F05-GATE/verify-stage-r03/A15/cases/combo-multi-tool-three-calls.json
aa936466e694a90f4087b7ae928f7c9b96ae1450073774fcb29d177dfa59c7b6  ??  artifacts/rust-tauri/R03/repair-current/RR2-F05-GATE/verify-stage-r03/A15/cases/combo-multi-turn-one-terminal.json
f7bdd9e301d37d6a062e13225cfc84d7e96c1f88cd75d34e300ab00dd0fad0a0  ??  artifacts/rust-tauri/R03/repair-current/RR2-F05-GATE/verify-stage-r03/A15/cases/combo-normal-run-completed.json
51d8bd26cb2f29bee74097b5ef9a36e3389a56a1c7127e86fa36d75a8106659e  ??  artifacts/rust-tauri/R03/repair-current/RR2-F05-GATE/verify-stage-r03/A15/cases/combo-out-of-order-late-result-fenced.json
e18f1fcb5cc4af47da6184707fb88e0c0ed656f1fafffe8020a3001c9826c931  ??  artifacts/rust-tauri/R03/repair-current/RR2-F05-GATE/verify-stage-r03/A15/cases/combo-timeout-budget-loud-failure.json
ccbc0f5c630f404851ca1c561fd5c73421ba9b217ceeff29973b263f05e30888  ??  artifacts/rust-tauri/R03/repair-current/RR2-F05-GATE/verify-stage-r03/A15/cases/parent-cancel-stops-child-run.json
d72d7e1151ea38a4eeb9ad435aa66dc376039e41ff714f9f550e1f2c8934585a  ??  artifacts/rust-tauri/R03/repair-current/RR2-F05-GATE/verify-stage-r03/A15/cases/reconnect-resume-no-model-restart.json
5d89ed42d309bfcfd13956b901f209eb432200e88c2ae1eea74d6eaffe625b2a  ??  artifacts/rust-tauri/R03/repair-current/RR2-F05-GATE/verify-stage-r03/A15/cases/steer-busy-accepted.json
360ccd0c00f5114974f5f2967860d1c339a2e2baa808a2f5dca49f334fe0d386  ??  artifacts/rust-tauri/R03/repair-current/RR2-F05-GATE/verify-stage-r03/A15/cases/steer-idle-miss.json
d00e58227225a313e612b18019d7f95a07382b0426ab7fbeb39bc4b05b740cc5  ??  artifacts/rust-tauri/R03/repair-current/RR2-F05-GATE/verify-stage-r03/A15/cases/steer-text-drained-into-model-input.json
1d91fbec57470aebfedf338d49c5109fdd0216e02d720737ed53335eb06ae4c8  ??  artifacts/rust-tauri/R03/repair-current/RR2-F05-GATE/verify-stage-r03/A15/cases/subagent-child-cancel-stops-child-only.json
25c6b5b26b72b0a4408db94f4f0e40b77faa84d32ccfeaffaf04e29fb20c07c9  ??  artifacts/rust-tauri/R03/repair-current/RR2-F05-GATE/verify-stage-r03/A15/cases/subagent-close-thread-closed-status.json
c8d7de61de38e7dfa38ea3376602da5c50882e6d6238c3a1ff61b6ac7df04418  ??  artifacts/rust-tauri/R03/repair-current/RR2-F05-GATE/verify-stage-r03/A15/cases/subagent-dispatch-child-lineage-recorded.json
dce5bbb9b54961ee64c8634f90f4f2600975918f6a2590b57b7b28dd425016bd  ??  artifacts/rust-tauri/R03/repair-current/RR2-F05-GATE/verify-stage-r03/A15/cases/subagent-escalation-write-denied-zero-children.json
dcd19d358a8a5e560042eee304f1f5460d1c79ba1a64d611fb1007b830562010  ??  artifacts/rust-tauri/R03/repair-current/RR2-F05-GATE/verify-stage-r03/A15/cases/subagent-policy-proactive-delegation-default-off.json
ffef3903ae224f661b415622ed9c76da5e265c01a9c15b867f429c1f6d10ef15  ??  artifacts/rust-tauri/R03/repair-current/RR2-F05-GATE/verify-stage-r03/A15/cases/subagent-reply-continues-thread.json
d097c60f1416e1febc17bd0959b1c9252ca9be86b6a1e982d42d9240a38b107e  ??  artifacts/rust-tauri/R03/repair-current/RR2-F05-GATE/verify-stage-r03/A15/combo-counts.json
4c56fd82542a56017ef5e59d3b0c9752ede52032f31f31c24c2de458153ad296  ??  artifacts/rust-tauri/R03/repair-current/RR2-F05-GATE/verify-stage-r03/A15/combos/cancel-approval-wait.json
f861ce9b1dbe64f781134bae916b9c8f2503f4ad8572e98bfc18d180a4e35e33  ??  artifacts/rust-tauri/R03/repair-current/RR2-F05-GATE/verify-stage-r03/A15/combos/cancel-stream-read.json
76b74d822e65d068718af971eb29865cc4891a50d128a35b0bc955cc3b6b65a2  ??  artifacts/rust-tauri/R03/repair-current/RR2-F05-GATE/verify-stage-r03/A15/combos/crash-recovery.json
ef5545b54a472c39f9b09d995f9ba2e3671618a56d4de3eb7fe4fad24d81f22b  ??  artifacts/rust-tauri/R03/repair-current/RR2-F05-GATE/verify-stage-r03/A15/combos/cross-session-parallel.json
7f7fd9a6f050ba6811d5b1d7313d11473f92089a4ec0fd2335779e99b59cdaa1  ??  artifacts/rust-tauri/R03/repair-current/RR2-F05-GATE/verify-stage-r03/A15/combos/duplicate-submission.json
fc9b468ae0f2bd2cfff1a3ead3ba02756e59e73dc0c0a0ebb5142456d1ae38a8  ??  artifacts/rust-tauri/R03/repair-current/RR2-F05-GATE/verify-stage-r03/A15/combos/leaf-parent-cancel.json
a59635405b3569b1c0c950cb282ecf3749923b36c6b1b5e4d3d21fc3f4458102  ??  artifacts/rust-tauri/R03/repair-current/RR2-F05-GATE/verify-stage-r03/A15/combos/leaf-steer.json
fd60e4ca043c4073ddf838b3f0fe918436ede45ff7765efc8f1cad42821186f4  ??  artifacts/rust-tauri/R03/repair-current/RR2-F05-GATE/verify-stage-r03/A15/combos/multi-tool.json
075cad25ce0207f3b49138b8d415d0db78da1005207b2f64d282b478bffa44ae  ??  artifacts/rust-tauri/R03/repair-current/RR2-F05-GATE/verify-stage-r03/A15/combos/multi-turn-model.json
f94832aef81d68346dd1b25b1ad7312d6bc141a69a616a218b640aa170fbebcb  ??  artifacts/rust-tauri/R03/repair-current/RR2-F05-GATE/verify-stage-r03/A15/combos/normal.json
44f5b48c4f288ee214f7053e16857997f1fb66a6be241466141301a16c6872e7  ??  artifacts/rust-tauri/R03/repair-current/RR2-F05-GATE/verify-stage-r03/A15/combos/timeout-budget.json
505ecfbac3942739846be3a188cabea9d26c9641628253767c5457bdff2ab44f  ??  artifacts/rust-tauri/R03/repair-current/RR2-F05-GATE/verify-stage-r03/A15/leaf-cases.json
6236dc1f7ce8b36f8399054d17a8b92358cd1bc10ed8d7b85f5ce535806239d0  ??  artifacts/rust-tauri/R03/repair-current/RR2-F05-GATE/verify-stage-r03/A15/summary.txt
bc4194a1fa207d4efc718c67fc188623120fe79079a9e78808667cda82190db7  ??  artifacts/rust-tauri/R03/repair-current/RR2-F05-GATE/verify-stage-r03/R02/A05_A06/.last-body
1319bbe558a1a9043433da92529bc8c24d2b6fbcabc962836a938e946e273399  ??  artifacts/rust-tauri/R03/repair-current/RR2-F05-GATE/verify-stage-r03/R02/A05_A06/body-limit.txt
c0c19dff508a998f0c6e1fbf2643c2d78647cd6495bc53c57d2566877a3abc0b  ??  artifacts/rust-tauri/R03/repair-current/RR2-F05-GATE/verify-stage-r03/R02/A05_A06/cli-sessions-limit-case.json
18070a0f10492eb0cb68a399126fd92e06b7c2a66efb8eaf798590c1e4f97bb5  ??  artifacts/rust-tauri/R03/repair-current/RR2-F05-GATE/verify-stage-r03/R02/A05_A06/creds-after-authz.json
c35003d800ba57d53734b0e9234a20aa5bf72b7482ffb3d730a32bc4d7e28c07  ??  artifacts/rust-tauri/R03/repair-current/RR2-F05-GATE/verify-stage-r03/R02/A05_A06/creds-before-authz.json
d565e392ab90f489e9cf9ad1a2e30c330929a23cc2ebe9a0a2130088736511bd  ??  artifacts/rust-tauri/R03/repair-current/RR2-F05-GATE/verify-stage-r03/R02/A05_A06/devices-after-authz.json
b577665f78271bb119a02b2868e2e294c2ce839fd058e4794a828cd5d821c947  ??  artifacts/rust-tauri/R03/repair-current/RR2-F05-GATE/verify-stage-r03/R02/A05_A06/devices-before-authz.json
a1ed8395ae364371048943b5c828b5ddcba9af0f58ff424b93a90c7eb8094d99  ??  artifacts/rust-tauri/R03/repair-current/RR2-F05-GATE/verify-stage-r03/R02/A05_A06/leaf-cases.json
11916d3700ed2bd7974c1ea624228d6f48d85c70e268a3db324f9303417e1056  ??  artifacts/rust-tauri/R03/repair-current/RR2-F05-GATE/verify-stage-r03/R02/A05_A06/leaf-cases.ndjson
f570e5cc5d5b176a09b2941afc50dcb8888b5214c4212f82d5e544da90660bb7  ??  artifacts/rust-tauri/R03/repair-current/RR2-F05-GATE/verify-stage-r03/R02/A05_A06/me-denied-after.sha256
f570e5cc5d5b176a09b2941afc50dcb8888b5214c4212f82d5e544da90660bb7  ??  artifacts/rust-tauri/R03/repair-current/RR2-F05-GATE/verify-stage-r03/R02/A05_A06/me-denied-before.sha256
9901fa4939e8c0683cc392787126273c429530490fdebe18e68d1ad0c6fc2459  ??  artifacts/rust-tauri/R03/repair-current/RR2-F05-GATE/verify-stage-r03/R02/A05_A06/sessions-list-matrix.json
f67619b806a723e13d2c4dafb9a75c9706c095e2c8a022076260922735fb0bc7  ??  artifacts/rust-tauri/R03/repair-current/RR2-F05-GATE/verify-stage-r03/R02/A05_A06/state-after-authn.txt
6ad4adf9210c6d3fa13470f851eff365593d90ab24f4f8d3ce5e0140743f84ca  ??  artifacts/rust-tauri/R03/repair-current/RR2-F05-GATE/verify-stage-r03/R02/A05_A06/state-after.txt
f67619b806a723e13d2c4dafb9a75c9706c095e2c8a022076260922735fb0bc7  ??  artifacts/rust-tauri/R03/repair-current/RR2-F05-GATE/verify-stage-r03/R02/A05_A06/state-before-authz.txt
f67619b806a723e13d2c4dafb9a75c9706c095e2c8a022076260922735fb0bc7  ??  artifacts/rust-tauri/R03/repair-current/RR2-F05-GATE/verify-stage-r03/R02/A05_A06/state-before.txt
76f54524cf07a9c5a0a1e7843026cccf485de9c272daf56edc22d06c327ff303  ??  artifacts/rust-tauri/R03/repair-current/RR2-F05-GATE/verify-stage-r03/R02/A05_A06/summary.txt
9ead16dc916c2d651eb7c838a93f938367e899c019f0eefd3621291328704087  ??  artifacts/rust-tauri/R03/repair-current/RR2-F05-GATE/verify-stage-r03/R02/A05_A06/ws-matrix.json
30356a55ff7a37858bd2e70bf31cbb0c9dca4f32e00ca93edca459104edc4a69  ??  artifacts/rust-tauri/R03/repair-current/RR2-F05-GATE/verify-stage-r03/R02/A07_A08/last-db-hashes.txt
e613a984930f45c73fa5aa79af6955b0ac56faa30868e1da85d84a96a180eee3  ??  artifacts/rust-tauri/R03/repair-current/RR2-F05-GATE/verify-stage-r03/R02/A07_A08/s1-counts-after-stop.json
6e11d3157e36f2f24de72943cc5df97aec8475c1e95a29c6fed9cc451e41da10  ??  artifacts/rust-tauri/R03/repair-current/RR2-F05-GATE/verify-stage-r03/R02/A07_A08/s2-counts-after-crash.json
538288e07ab103c3ee7f33acd5a1825562467883b8fdfdc1c674ba27f846b54b  ??  artifacts/rust-tauri/R03/repair-current/RR2-F05-GATE/verify-stage-r03/R02/A07_A08/s2-runs-dump.jsonl
6198850f69498f503e51830a3a3811d20fcbcfed6f9d0f02a5612724d4872272  ??  artifacts/rust-tauri/R03/repair-current/RR2-F05-GATE/verify-stage-r03/R02/A07_A08/s3-fault.err
e3b0c44298fc1c149afbf4c8996fb92427ae41e4649b934ca495991b7852b855  ??  artifacts/rust-tauri/R03/repair-current/RR2-F05-GATE/verify-stage-r03/R02/A07_A08/s3-fault.out
23a10d1db77fc516d6b8546d15d2e83cd593187ef3276847a623abe8a2906637  ??  artifacts/rust-tauri/R03/repair-current/RR2-F05-GATE/verify-stage-r03/R02/A07_A08/s4-hashes-after.txt
23a10d1db77fc516d6b8546d15d2e83cd593187ef3276847a623abe8a2906637  ??  artifacts/rust-tauri/R03/repair-current/RR2-F05-GATE/verify-stage-r03/R02/A07_A08/s4-hashes-before.txt
d31211b170561da74cec042077307a6c1a0d16f9b386a182976d5ef45e791b9a  ??  artifacts/rust-tauri/R03/repair-current/RR2-F05-GATE/verify-stage-r03/R02/A07_A08/s4-migrations-round1.json
d31211b170561da74cec042077307a6c1a0d16f9b386a182976d5ef45e791b9a  ??  artifacts/rust-tauri/R03/repair-current/RR2-F05-GATE/verify-stage-r03/R02/A07_A08/s4-migrations-round2.json
d31211b170561da74cec042077307a6c1a0d16f9b386a182976d5ef45e791b9a  ??  artifacts/rust-tauri/R03/repair-current/RR2-F05-GATE/verify-stage-r03/R02/A07_A08/s4-migrations-round3.json
c2dc42f8851f9550cb2f8b4fac5b34916e317af570b7fab8f320edbad41e0d2a  ??  artifacts/rust-tauri/R03/repair-current/RR2-F05-GATE/verify-stage-r03/R02/A07_A08/service-s1.err
aaa0f7e4c497600658cd561cd82c37c956fbe840f1dee942bbe0db9fe4c2ae1f  ??  artifacts/rust-tauri/R03/repair-current/RR2-F05-GATE/verify-stage-r03/R02/A07_A08/service-s1.out
8b565cad71e6cec706430676b1c1542f0a79b3131561f6443c1e1134cad4de01  ??  artifacts/rust-tauri/R03/repair-current/RR2-F05-GATE/verify-stage-r03/R02/A07_A08/service-s1b.err
75117bc8eeb535037ca80e6c7837d69fa5fde601337f93d631bfe4ddcfafe916  ??  artifacts/rust-tauri/R03/repair-current/RR2-F05-GATE/verify-stage-r03/R02/A07_A08/service-s1b.out
35a8d1b9f8769626409029c0a511094c8a4b5ad0f54b44ea5e9f1b5a4cfe8998  ??  artifacts/rust-tauri/R03/repair-current/RR2-F05-GATE/verify-stage-r03/R02/A07_A08/service-s2.err
c3db409955b7a5c8741bb42b64b29aa0bb66cac4db3670f3c551a6fbb6cbdc77  ??  artifacts/rust-tauri/R03/repair-current/RR2-F05-GATE/verify-stage-r03/R02/A07_A08/service-s2.out
e5b96d574d862caab97e3b8e864bcf6eda3c0ad5fe72d2cdc3b2792e492b30c3  ??  artifacts/rust-tauri/R03/repair-current/RR2-F05-GATE/verify-stage-r03/R02/A07_A08/service-s2b.err
cd0af85149cb46148cd4f821bf2eda7e17c7b3bfde679390773af7814c684f0f  ??  artifacts/rust-tauri/R03/repair-current/RR2-F05-GATE/verify-stage-r03/R02/A07_A08/service-s2b.out
fe0d9b83e4201d08d51dbaa300135eac355be62e0865df7d893cc0544179a648  ??  artifacts/rust-tauri/R03/repair-current/RR2-F05-GATE/verify-stage-r03/R02/A07_A08/service-s4-1.err
c16677e9b1c1e16f8f21c506827a3ba803a9c873e8c53d4969361ffb52cf0727  ??  artifacts/rust-tauri/R03/repair-current/RR2-F05-GATE/verify-stage-r03/R02/A07_A08/service-s4-1.out
b14d446e23e7ca0865e02798fb73e6dca2957e1a8826e952db40d173aebc3772  ??  artifacts/rust-tauri/R03/repair-current/RR2-F05-GATE/verify-stage-r03/R02/A07_A08/service-s4-2.err
46081649a9c695aa3c25fa8dc9093edd818426bbbecc905ea9805be596e1060a  ??  artifacts/rust-tauri/R03/repair-current/RR2-F05-GATE/verify-stage-r03/R02/A07_A08/service-s4-2.out
7a2d72a3a44d4212e65682d79aeb0cb336ce2d7506031acfc6179873f0157104  ??  artifacts/rust-tauri/R03/repair-current/RR2-F05-GATE/verify-stage-r03/R02/A07_A08/service-s4-3.err
71b6c1059fabcd077217bcb9e6b8b6e53cd1469b94c427585df3678013d4de5a  ??  artifacts/rust-tauri/R03/repair-current/RR2-F05-GATE/verify-stage-r03/R02/A07_A08/service-s4-3.out
b37d4373823e1d4b68d5ece23dc163594b3a5384ecdd8166fcf9cf16e4d70386  ??  artifacts/rust-tauri/R03/repair-current/RR2-F05-GATE/verify-stage-r03/R02/A07_A08/service.addr
6571f44f27014f78946beb5d5caa4dc6a0d35ccfe7b657381d6dfd9f9ae96845  ??  artifacts/rust-tauri/R03/repair-current/RR2-F05-GATE/verify-stage-r03/R02/A07_A08/service.pid
53948422adcce27ad50f545162f1a926aba0e1e5332028ccfaf421a6b8da5397  ??  artifacts/rust-tauri/R03/repair-current/RR2-F05-GATE/verify-stage-r03/R02/A07_A08/summary.txt
dd63f79ce1a39fdef735dbb9eb292c3f8a45db77c2513d3cc7379e5dbe13749e  ??  artifacts/rust-tauri/R03/repair-current/RR2-F05-GATE/verify-stage-r03/R02/A11/backup-restore/s1-backup-dir-listing.txt
792068487f4c81d3b12c9763791db52026d84a7d8fd9a7faf03bee0e8e6daae9  ??  artifacts/rust-tauri/R03/repair-current/RR2-F05-GATE/verify-stage-r03/R02/A11/backup-restore/s1-backup-outcome.json
e3b0c44298fc1c149afbf4c8996fb92427ae41e4649b934ca495991b7852b855  ??  artifacts/rust-tauri/R03/repair-current/RR2-F05-GATE/verify-stage-r03/R02/A11/backup-restore/s1-backup.err
e21a5cf0566fb2a486a5145bf61ebec6a2f9a03fcf652550368cfb42e8569a1f  ??  artifacts/rust-tauri/R03/repair-current/RR2-F05-GATE/verify-stage-r03/R02/A11/backup-restore/s1-restore-outcome.json
e3b0c44298fc1c149afbf4c8996fb92427ae41e4649b934ca495991b7852b855  ??  artifacts/rust-tauri/R03/repair-current/RR2-F05-GATE/verify-stage-r03/R02/A11/backup-restore/s1-restore.err
c70e7f885dea7b80bacaae9010c91534c00a4059b1f2e7c687d3b773cf124b24  ??  artifacts/rust-tauri/R03/repair-current/RR2-F05-GATE/verify-stage-r03/R02/A11/backup-restore/s1-restored-dump.jsonl
09dc54895f23f45da7c06bac88eb77b235a53501ff1219b1ccea903475250dda  ??  artifacts/rust-tauri/R03/repair-current/RR2-F05-GATE/verify-stage-r03/R02/A11/backup-restore/s1-restored-hash.txt
c70e7f885dea7b80bacaae9010c91534c00a4059b1f2e7c687d3b773cf124b24  ??  artifacts/rust-tauri/R03/repair-current/RR2-F05-GATE/verify-stage-r03/R02/A11/backup-restore/s1-source-dump.jsonl
b34a82b055aefafc6862cd6be37b5dec01d151a1554215a4117bf2915beafceb  ??  artifacts/rust-tauri/R03/repair-current/RR2-F05-GATE/verify-stage-r03/R02/A11/backup-restore/s1-source-hash.txt
951e1f2cedf4a978898a4f9e620777561b8381ece9faf4223f8594a201f47f74  ??  artifacts/rust-tauri/R03/repair-current/RR2-F05-GATE/verify-stage-r03/R02/A11/backup-restore/s1-wal-size.txt
e3b0c44298fc1c149afbf4c8996fb92427ae41e4649b934ca495991b7852b855  ??  artifacts/rust-tauri/R03/repair-current/RR2-F05-GATE/verify-stage-r03/R02/A11/backup-restore/s3-backup-out.json
9e8cab08382d60319ee39acf379f94030d837741b57f7b3afea8e53c086cd31a  ??  artifacts/rust-tauri/R03/repair-current/RR2-F05-GATE/verify-stage-r03/R02/A11/backup-restore/s3-backup.err
9b33c4d50a9f7a0434980244454a85ce4288c7323241cf9ff22c50e6b8f8dd85  ??  artifacts/rust-tauri/R03/repair-current/RR2-F05-GATE/verify-stage-r03/R02/A11/backup-restore/s4-ws-probe.json
a4c3ed04a95a3da14a9d235c83d868bed7c0f45cf7f3faa751ee8f50598d2211  ??  artifacts/rust-tauri/R03/repair-current/RR2-F05-GATE/verify-stage-r03/R02/A11/backup-restore/s4-ws-probe.json.probe-done
675d1abfc2b3672dc43aec99ba7a9baf8d1dde5539b995c11a5d8f17030567f8  ??  artifacts/rust-tauri/R03/repair-current/RR2-F05-GATE/verify-stage-r03/R02/A11/backup-restore/service-s1.addr
6290982f1d8b893a8bf4abc5049a4c9e497a6f1c5e5c3ca572d16d387873ba58  ??  artifacts/rust-tauri/R03/repair-current/RR2-F05-GATE/verify-stage-r03/R02/A11/backup-restore/service-s1.err
cc7647e7e9207b23f017d5b912206b03619922996e89c7052458b9548225f6d9  ??  artifacts/rust-tauri/R03/repair-current/RR2-F05-GATE/verify-stage-r03/R02/A11/backup-restore/service-s1.out
ee0b32c6c4c736f130cf8d773e3e234cfa5492226099c9131159df26061835a8  ??  artifacts/rust-tauri/R03/repair-current/RR2-F05-GATE/verify-stage-r03/R02/A11/backup-restore/service-s2.addr
6a364b4b5f8893a4a0c86667794ca7f85b8380bf32c917656a5ae159d6f9ccbc  ??  artifacts/rust-tauri/R03/repair-current/RR2-F05-GATE/verify-stage-r03/R02/A11/backup-restore/service-s2.err
94234c7e14c4fc483a080c0647ccb8aca40fd282375f632c43f4cc65af79867f  ??  artifacts/rust-tauri/R03/repair-current/RR2-F05-GATE/verify-stage-r03/R02/A11/backup-restore/service-s2.out
34b0bbc5ad1f6e8c24f7dfb0aff51c60fcb4d73118363789709e270051d28ca3  ??  artifacts/rust-tauri/R03/repair-current/RR2-F05-GATE/verify-stage-r03/R02/A11/backup-restore/service-s4.addr
14a2cd7a9e0d3ae65e50a5ead26cf742b4173fb3daf9a1f8ebf137b5cf936594  ??  artifacts/rust-tauri/R03/repair-current/RR2-F05-GATE/verify-stage-r03/R02/A11/backup-restore/service-s4.err
a22683558b88e31e9b6e9ce6ce8a2f7b5a5d439f129ae995a7b1374ea88a41bc  ??  artifacts/rust-tauri/R03/repair-current/RR2-F05-GATE/verify-stage-r03/R02/A11/backup-restore/service-s4.out
36641e4f746dcb35c05b05022613c80771beb8315070d90fc897e7f7424a6387  ??  artifacts/rust-tauri/R03/repair-current/RR2-F05-GATE/verify-stage-r03/R02/A11/backup-restore/service.pid
64d0f79c0662bea92de25ee9ecc54b2f3de3c739d5410a8e6b41d70f739d5303  ??  artifacts/rust-tauri/R03/repair-current/RR2-F05-GATE/verify-stage-r03/R02/A11/backup-restore/summary.txt
4d9c6afcf22a5023787055b11a7c6b7b40868227f8ee8d7fd3bc0373156aa91f  ??  artifacts/rust-tauri/R03/repair-current/RR2-F05-GATE/verify-stage-r03/R02/A12/recovery-drill/coexist-after.txt
4d9c6afcf22a5023787055b11a7c6b7b40868227f8ee8d7fd3bc0373156aa91f  ??  artifacts/rust-tauri/R03/repair-current/RR2-F05-GATE/verify-stage-r03/R02/A12/recovery-drill/coexist-before.txt
7b05bcc0e8bea600ce8f7c1c0c90e14c0924e6796a43c2cfd4e08ab13dd0e103  ??  artifacts/rust-tauri/R03/repair-current/RR2-F05-GATE/verify-stage-r03/R02/A12/recovery-drill/own-created-homes.txt
a12dffe277599ccbbdb1fe332c2fae66f46c3ff07027120ca455f581c5c92713  ??  artifacts/rust-tauri/R03/repair-current/RR2-F05-GATE/verify-stage-r03/R02/A12/recovery-drill/summary.txt
7b2f675d535131e9ee3b95eb996b520af42000b1efea572dc62eff72fd758a84  ??  artifacts/rust-tauri/R03/repair-current/RR2-F05-GATE/verify-stage-r03/R02/A12/recovery-drill/v1-hashes-after.txt
7b2f675d535131e9ee3b95eb996b520af42000b1efea572dc62eff72fd758a84  ??  artifacts/rust-tauri/R03/repair-current/RR2-F05-GATE/verify-stage-r03/R02/A12/recovery-drill/v1-hashes-before.txt
fac92517da32d34b08bf45127e57111f1f93dc35ec20bfef8dd23b698e234059  ??  artifacts/rust-tauri/R03/repair-current/RR2-F05-GATE/verify-stage-r03/R02/A12/recovery-drill/v1.err
e3b0c44298fc1c149afbf4c8996fb92427ae41e4649b934ca495991b7852b855  ??  artifacts/rust-tauri/R03/repair-current/RR2-F05-GATE/verify-stage-r03/R02/A12/recovery-drill/v1.out
fcb269f1fc43e20619871bab0f6e464d30773313e55b17f725fc62249ab521be  ??  artifacts/rust-tauri/R03/repair-current/RR2-F05-GATE/verify-stage-r03/R02/A12/recovery-drill/v2-hashes-after.txt
fcb269f1fc43e20619871bab0f6e464d30773313e55b17f725fc62249ab521be  ??  artifacts/rust-tauri/R03/repair-current/RR2-F05-GATE/verify-stage-r03/R02/A12/recovery-drill/v2-hashes-before.txt
8efc5776aef489b2423bddd699ed1fa62903c11590ea860fcecf8703f014c831  ??  artifacts/rust-tauri/R03/repair-current/RR2-F05-GATE/verify-stage-r03/R02/A12/recovery-drill/v2.err
e3b0c44298fc1c149afbf4c8996fb92427ae41e4649b934ca495991b7852b855  ??  artifacts/rust-tauri/R03/repair-current/RR2-F05-GATE/verify-stage-r03/R02/A12/recovery-drill/v2.out
a33ffd69acb495d9a221778bb2317e4cef00e4d752d794b9c1267890666ec43d  ??  artifacts/rust-tauri/R03/repair-current/RR2-F05-GATE/verify-stage-r03/R02/A12/recovery-drill/v3-hashes-after.txt
a33ffd69acb495d9a221778bb2317e4cef00e4d752d794b9c1267890666ec43d  ??  artifacts/rust-tauri/R03/repair-current/RR2-F05-GATE/verify-stage-r03/R02/A12/recovery-drill/v3-hashes-before.txt
9f29a726d5eea2fa164a18358520a9c04a053c011d7848988437dbfa9ec6e357  ??  artifacts/rust-tauri/R03/repair-current/RR2-F05-GATE/verify-stage-r03/R02/A12/recovery-drill/v3.err
e3b0c44298fc1c149afbf4c8996fb92427ae41e4649b934ca495991b7852b855  ??  artifacts/rust-tauri/R03/repair-current/RR2-F05-GATE/verify-stage-r03/R02/A12/recovery-drill/v3.out
60b93506c83ff3388a498fdaa7003f891a694f654e0aa79406652857d161b103  ??  artifacts/rust-tauri/R03/repair-current/RR2-F05-GATE/verify-stage-r03/R02/A12/recovery-drill/v4.err
4d7d10b879d4bf7321f92a058477865cbe5c587f6fdaa8e945177e6384cd9042  ??  artifacts/rust-tauri/R03/repair-current/RR2-F05-GATE/verify-stage-r03/R02/A12/recovery-drill/v4.out
199874c503c998784cbfbe49737c1cf2a8bbfc91f043379df101e767a76b14a3  ??  artifacts/rust-tauri/R03/repair-current/RR2-F05-GATE/verify-stage-r03/R02/A12/recovery-drill/v5-hashes-after.txt
199874c503c998784cbfbe49737c1cf2a8bbfc91f043379df101e767a76b14a3  ??  artifacts/rust-tauri/R03/repair-current/RR2-F05-GATE/verify-stage-r03/R02/A12/recovery-drill/v5-hashes-before.txt
e8c93ca205d2160b52faf55d118aa1088cc553fab18043862105888aacc0277f  ??  artifacts/rust-tauri/R03/repair-current/RR2-F05-GATE/verify-stage-r03/R02/A12/recovery-drill/v5.err
e3b0c44298fc1c149afbf4c8996fb92427ae41e4649b934ca495991b7852b855  ??  artifacts/rust-tauri/R03/repair-current/RR2-F05-GATE/verify-stage-r03/R02/A12/recovery-drill/v5.out
3333e366b86bbbc1f004405fa09f6b13922b47fa75ebdb9362b01c377a6fd1d1  ??  artifacts/rust-tauri/R03/repair-current/RR2-F05-GATE/verify-stage-r03/R02/A12/recovery-drill/v6-recovered-dump.jsonl
27badc983df1780b60c2b3fa9d3a19a00e46aac798451f0febdca52920faaddf  ??  artifacts/rust-tauri/R03/repair-current/RR2-F05-GATE/verify-stage-r03/R02/A12/recovery-drill/v6-seed-execute.txt
fff551332ffe235ad346c173819a1687915273202d8bd37080dd81deb66b5193  ??  artifacts/rust-tauri/R03/repair-current/RR2-F05-GATE/verify-stage-r03/R02/A12/recovery-drill/v6-seed.err
5a962b3da415af7c0238e1f97867f9931e8cb7c289929e8d5af7c146da3366d7  ??  artifacts/rust-tauri/R03/repair-current/RR2-F05-GATE/verify-stage-r03/R02/A12/recovery-drill/v6-seed.out
00365269d1b28041721ad25ca5e44b260c9ecd84dfa465a1ba063d17abbb6b4b  ??  artifacts/rust-tauri/R03/repair-current/RR2-F05-GATE/verify-stage-r03/R02/A12/recovery-drill/v6.err
0b01a76a344c4ce62a0b20aa6a7f0c0622fe2f95eb1c198702b3a13ee6fc6815  ??  artifacts/rust-tauri/R03/repair-current/RR2-F05-GATE/verify-stage-r03/R02/A12/recovery-drill/v6.out
4a7dd5bd8da6a907a90a6b90467ad2d8dcb060fcbcdcfcaed08a06c0372e4e7f  ??  artifacts/rust-tauri/R03/repair-current/RR2-F05-GATE/verify-stage-r03/R02/A12/recovery-drill/v7-hashes-after.txt
4a7dd5bd8da6a907a90a6b90467ad2d8dcb060fcbcdcfcaed08a06c0372e4e7f  ??  artifacts/rust-tauri/R03/repair-current/RR2-F05-GATE/verify-stage-r03/R02/A12/recovery-drill/v7-hashes-before.txt
5ceec0148d9c40d83a1a58ac69db377f8d89af6e2759d3ca837b98ec40dc5c85  ??  artifacts/rust-tauri/R03/repair-current/RR2-F05-GATE/verify-stage-r03/R02/A12/recovery-drill/v7-seed.err
7ab21f1f723c9b7481b36b2ca73671269cad0a21f7b385146bb8d427c3e44d6d  ??  artifacts/rust-tauri/R03/repair-current/RR2-F05-GATE/verify-stage-r03/R02/A12/recovery-drill/v7-seed.out
31c28ca138838f8a7b20d827f03bb8c76fe9930541bf35e8f4d5586300f1920d  ??  artifacts/rust-tauri/R03/repair-current/RR2-F05-GATE/verify-stage-r03/R02/A12/recovery-drill/v7.err
e3b0c44298fc1c149afbf4c8996fb92427ae41e4649b934ca495991b7852b855  ??  artifacts/rust-tauri/R03/repair-current/RR2-F05-GATE/verify-stage-r03/R02/A12/recovery-drill/v7.out
254358d8fbc37b244a255d8a89f003dfa3b3c554be78d2eed110192cfd5a4576  ??  artifacts/rust-tauri/R03/repair-current/RR2-F05-GATE/verify-stage-r03/R02/A12/recovery-drill/v8-observed.err
d40a43273e901029b38b599610fc63be93ed175b1206741a5cb8ba350f99bbe6  ??  artifacts/rust-tauri/R03/repair-current/RR2-F05-GATE/verify-stage-r03/R02/A12/recovery-drill/v8-seed.err
b1bd57b2b631dd7e551b0632ae5d883e79a7ab3a42f96c531f21506f2d867eb2  ??  artifacts/rust-tauri/R03/repair-current/RR2-F05-GATE/verify-stage-r03/R02/A12/recovery-drill/v8-seed.out
254358d8fbc37b244a255d8a89f003dfa3b3c554be78d2eed110192cfd5a4576  ??  artifacts/rust-tauri/R03/repair-current/RR2-F05-GATE/verify-stage-r03/R02/A12/recovery-drill/v8.err
bb0f958f5248269277386c7c4dfe71d68505796ad97c305ace19c2262d5bb841  ??  artifacts/rust-tauri/R03/repair-current/RR2-F05-GATE/verify-stage-r03/R02/A12/recovery-drill/v8.out
08e7cea2033ca9e43d0d4510575467a93b9e53b131f68fc1efb78eff36c7e74b  ??  artifacts/rust-tauri/R03/repair-current/RR2-F05-GATE/verify-stage-r03/R02/A15/full-chain/pre-restart-head.json
e3b0c44298fc1c149afbf4c8996fb92427ae41e4649b934ca495991b7852b855  ??  artifacts/rust-tauri/R03/repair-current/RR2-F05-GATE/verify-stage-r03/R02/A15/full-chain/probe1.err
ca91f743ac8ab57b41146c2f2a0c568eed174ffae19a69d7574587a068120aa9  ??  artifacts/rust-tauri/R03/repair-current/RR2-F05-GATE/verify-stage-r03/R02/A15/full-chain/probe1.pass-lines
e3b0c44298fc1c149afbf4c8996fb92427ae41e4649b934ca495991b7852b855  ??  artifacts/rust-tauri/R03/repair-current/RR2-F05-GATE/verify-stage-r03/R02/A15/full-chain/probe2.err
28a411dc95be7e6596d2954fdbecf8eb034d9f8dc1248ab1d111c07c1c218b89  ??  artifacts/rust-tauri/R03/repair-current/RR2-F05-GATE/verify-stage-r03/R02/A15/full-chain/probe2.pass-lines
fa9a2777fef87b07db05e272bbcfe4069132bb641c2ab7816f84b32e9871706f  ??  artifacts/rust-tauri/R03/repair-current/RR2-F05-GATE/verify-stage-r03/R02/A15/full-chain/service1.err
f287c329bd3e1cd14c536b3e0cbde5760eb9440e8c4a006e54645678150f5fac  ??  artifacts/rust-tauri/R03/repair-current/RR2-F05-GATE/verify-stage-r03/R02/A15/full-chain/service1.out
44f91869b7fc3574cda8b879a84f48ad5f3a5eab278c4922b8799b406634fdb2  ??  artifacts/rust-tauri/R03/repair-current/RR2-F05-GATE/verify-stage-r03/R02/A15/full-chain/service2.err
138df16fb7cee03d5f765280f8c0a0b1ac50db13e77dd05c5e83a1d657d6ecfe  ??  artifacts/rust-tauri/R03/repair-current/RR2-F05-GATE/verify-stage-r03/R02/A15/full-chain/service2.out
22606964b493841f56dc3f7a8ec78fecdc6491d4af4c08c63012985967c3e234  ??  artifacts/rust-tauri/R03/repair-current/RR2-F05-GATE/verify-stage-r03/R02/A15/full-chain/summary.txt
