# binding-exclusion: artifacts/rust-tauri/R03/STAGE-REVIEW-R01/verify-stage-r03/R02/A16/legacy-entry/** — this gate's own run-time evidence output subtree (runner output, never candidate source); applied symmetrically to BOTH the main-repo binding and the candidate-copy binding (E0 mirror compare)
6b5833541f8ed00a9427d0304afa20920acad3ebaae733d2ca2b1a300b9710c9  ??  artifacts/rust-tauri/R03/STAGE-REVIEW-R01/r02_chain/R02_A07_A08/last-db-hashes.txt
e613a984930f45c73fa5aa79af6955b0ac56faa30868e1da85d84a96a180eee3  ??  artifacts/rust-tauri/R03/STAGE-REVIEW-R01/r02_chain/R02_A07_A08/s1-counts-after-stop.json
6e11d3157e36f2f24de72943cc5df97aec8475c1e95a29c6fed9cc451e41da10  ??  artifacts/rust-tauri/R03/STAGE-REVIEW-R01/r02_chain/R02_A07_A08/s2-counts-after-crash.json
2163830c6d31671ce262ab9e9e2dc05e8a5e5016f529c3a5a7503457525d0e29  ??  artifacts/rust-tauri/R03/STAGE-REVIEW-R01/r02_chain/R02_A07_A08/s2-runs-dump.jsonl
0e142052cc34f6dbab339350a1b1dbf4f93d7402261e3edc790783c50723a561  ??  artifacts/rust-tauri/R03/STAGE-REVIEW-R01/r02_chain/R02_A07_A08/s3-fault.err
e3b0c44298fc1c149afbf4c8996fb92427ae41e4649b934ca495991b7852b855  ??  artifacts/rust-tauri/R03/STAGE-REVIEW-R01/r02_chain/R02_A07_A08/s3-fault.out
fc5c5f4ebefd2fd29e701f2edabb95728118661561ab936e1a2ad711e4973c00  ??  artifacts/rust-tauri/R03/STAGE-REVIEW-R01/r02_chain/R02_A07_A08/s4-hashes-after.txt
fc5c5f4ebefd2fd29e701f2edabb95728118661561ab936e1a2ad711e4973c00  ??  artifacts/rust-tauri/R03/STAGE-REVIEW-R01/r02_chain/R02_A07_A08/s4-hashes-before.txt
08af2c5f7a5e46bb38347e569f4e9b57023b5731cb8293ef2b3d191c04c33133  ??  artifacts/rust-tauri/R03/STAGE-REVIEW-R01/r02_chain/R02_A07_A08/s4-migrations-round1.json
08af2c5f7a5e46bb38347e569f4e9b57023b5731cb8293ef2b3d191c04c33133  ??  artifacts/rust-tauri/R03/STAGE-REVIEW-R01/r02_chain/R02_A07_A08/s4-migrations-round2.json
08af2c5f7a5e46bb38347e569f4e9b57023b5731cb8293ef2b3d191c04c33133  ??  artifacts/rust-tauri/R03/STAGE-REVIEW-R01/r02_chain/R02_A07_A08/s4-migrations-round3.json
f2eb748cc6371f2d36ed75f350d0c72638e49dd9a2a79e2aa6cfbeea38ee538d  ??  artifacts/rust-tauri/R03/STAGE-REVIEW-R01/r02_chain/R02_A07_A08/service-s1.err
3c06ea987a7face8e03806ac2b5e668a71bd7aa777e5eeff635fbbc603cd8bd3  ??  artifacts/rust-tauri/R03/STAGE-REVIEW-R01/r02_chain/R02_A07_A08/service-s1.out
1dd9d2f5f8bd802f6abb296b196089bd00a9ff7d817b053bd1c8f4e36cd09ec4  ??  artifacts/rust-tauri/R03/STAGE-REVIEW-R01/r02_chain/R02_A07_A08/service-s1b.err
89105dc393cc42e5d971bc0fd561876c1a39096a09528758a36ee5325ac5e6cd  ??  artifacts/rust-tauri/R03/STAGE-REVIEW-R01/r02_chain/R02_A07_A08/service-s1b.out
1512f8dada985431d52402f5f834875ef2cd4072b117aa2a605fa09cb7dd6d92  ??  artifacts/rust-tauri/R03/STAGE-REVIEW-R01/r02_chain/R02_A07_A08/service-s2.err
9d56051633b49b509ae7d1e244f3d45a22534c7f1ada1435329e8bd9062f2edf  ??  artifacts/rust-tauri/R03/STAGE-REVIEW-R01/r02_chain/R02_A07_A08/service-s2.out
f52b71b87115b29a2629bd9b6f26f37680b92ccaa492d99ae35dd9410bd9aa15  ??  artifacts/rust-tauri/R03/STAGE-REVIEW-R01/r02_chain/R02_A07_A08/service-s2b.err
055423ad595f7cc96670f634ad86cde64827cf01eaf48c6df87757ce68f270c1  ??  artifacts/rust-tauri/R03/STAGE-REVIEW-R01/r02_chain/R02_A07_A08/service-s2b.out
487a742bd0125df9a7151142a83375e489f012cc7e46e90fc901a8944548f2df  ??  artifacts/rust-tauri/R03/STAGE-REVIEW-R01/r02_chain/R02_A07_A08/service-s4-1.err
36a1a052d51f2dc4217e8113dc3c319609e201955574041c6a15f0f3770fffe9  ??  artifacts/rust-tauri/R03/STAGE-REVIEW-R01/r02_chain/R02_A07_A08/service-s4-1.out
2e231d505835d99d54ed5201d71322183e72538cb44234ab795b84137642da23  ??  artifacts/rust-tauri/R03/STAGE-REVIEW-R01/r02_chain/R02_A07_A08/service-s4-2.err
925c96629492c3fcbe0c7bbac67400f09165da73fc2569c8b8eab928c9ab484b  ??  artifacts/rust-tauri/R03/STAGE-REVIEW-R01/r02_chain/R02_A07_A08/service-s4-2.out
307b1c739fd2b8b9551c213b1e19191e21dc31929b4ee02dc03426749165c268  ??  artifacts/rust-tauri/R03/STAGE-REVIEW-R01/r02_chain/R02_A07_A08/service-s4-3.err
e9d1020b0ae0e0dd37e2dbcb2e39b966d0bbc19b1224eaff609dcbfd30650d1a  ??  artifacts/rust-tauri/R03/STAGE-REVIEW-R01/r02_chain/R02_A07_A08/service-s4-3.out
67326f478069cd7a02a5ccd0141d424be9ee84d9ca7218f52a2529fec47f78bc  ??  artifacts/rust-tauri/R03/STAGE-REVIEW-R01/r02_chain/R02_A07_A08/service.addr
0f1a97d8104d53ce2390aa9f00b76f3c85d0bde3bd860693aa2e0e52d14a48f3  ??  artifacts/rust-tauri/R03/STAGE-REVIEW-R01/r02_chain/R02_A07_A08/service.pid
ef0c69072110e13bcf354619c10a98d842e8e82779465f9daa468de30a268a6b  ??  artifacts/rust-tauri/R03/STAGE-REVIEW-R01/r02_chain/R02_A07_A08/summary.txt
070e0278da96a8ff2f611d822335b6141f95194a90313f5603c57393f95d0d42  ??  artifacts/rust-tauri/R03/STAGE-REVIEW-R01/r02_chain/R02_A15/full-chain/pre-restart-head.json
e3b0c44298fc1c149afbf4c8996fb92427ae41e4649b934ca495991b7852b855  ??  artifacts/rust-tauri/R03/STAGE-REVIEW-R01/r02_chain/R02_A15/full-chain/probe1.err
c052306b503056839001018970c9a58cfac1ac4ab706ec0d2d5747de2c845815  ??  artifacts/rust-tauri/R03/STAGE-REVIEW-R01/r02_chain/R02_A15/full-chain/probe1.pass-lines
e3b0c44298fc1c149afbf4c8996fb92427ae41e4649b934ca495991b7852b855  ??  artifacts/rust-tauri/R03/STAGE-REVIEW-R01/r02_chain/R02_A15/full-chain/probe2.err
28a411dc95be7e6596d2954fdbecf8eb034d9f8dc1248ab1d111c07c1c218b89  ??  artifacts/rust-tauri/R03/STAGE-REVIEW-R01/r02_chain/R02_A15/full-chain/probe2.pass-lines
317e01e057c198109d897dbcd01d02bd68e288b54ae417c89517202a7663060e  ??  artifacts/rust-tauri/R03/STAGE-REVIEW-R01/r02_chain/R02_A15/full-chain/service1.err
5abf6cabed1918e99b1ff8b7c0a6f24a25ac758080233018b34448f3bfe45670  ??  artifacts/rust-tauri/R03/STAGE-REVIEW-R01/r02_chain/R02_A15/full-chain/service1.out
64c5ffb9d86d67d35dfef5f0855c9768960c5722212ad4ca4e675665409295be  ??  artifacts/rust-tauri/R03/STAGE-REVIEW-R01/r02_chain/R02_A15/full-chain/service2.err
9624405b6f2501708bddf77f4258eb5f5fab54fecdf66e4d08295aed0be29da3  ??  artifacts/rust-tauri/R03/STAGE-REVIEW-R01/r02_chain/R02_A15/full-chain/service2.out
82cb26b903b5c48ffe281c5265d9c4f051e0ac82e984edf04437c1b202484fd4  ??  artifacts/rust-tauri/R03/STAGE-REVIEW-R01/r02_chain/R02_A15/full-chain/summary.txt
f5b0981175fe9bd307c7bb4e8dcb8490cfa58585d62d9c3e2f7eb03e4e875e54  ??  artifacts/rust-tauri/R03/STAGE-REVIEW-R01/verify-stage-r03/A15/cases/background-run-completes-decoupled.json
fda5f46e011354371ff149d97818d48d3b78dca205e17e8a7b39dba1cb4013e6  ??  artifacts/rust-tauri/R03/STAGE-REVIEW-R01/verify-stage-r03/A15/cases/background-survives-unrelated-cancel.json
92eebd1162583e5ed42a8e61a80b5c84e94753ed6562c35c930ebb65f6e23f01  ??  artifacts/rust-tauri/R03/STAGE-REVIEW-R01/verify-stage-r03/A15/cases/cancel-live-run-accepted-terminal-cancelled.json
edc380e78d3b8f95b51f12c2bbfcb702760327da3f20bd6c9f456b5c7e0934de  ??  artifacts/rust-tauri/R03/STAGE-REVIEW-R01/verify-stage-r03/A15/cases/cancel-terminal-run-already-terminal.json
e320e539d701e4f285fcff1a42629b28016fa5f103e77fccb5c1ddf921155742  ??  artifacts/rust-tauri/R03/STAGE-REVIEW-R01/verify-stage-r03/A15/cases/cancel-unknown-run-not-found.json
a513a19cd5ca9bc857d2e01c9be7ec61e3e5677e7d1948db618b31fb7aba127a  ??  artifacts/rust-tauri/R03/STAGE-REVIEW-R01/verify-stage-r03/A15/cases/cancel-waiting-approval-cancels-cleanly.json
602b436fbd1f0de778ca086853030197fe28a3fde1a5f694ebea64e4f8779c8a  ??  artifacts/rust-tauri/R03/STAGE-REVIEW-R01/verify-stage-r03/A15/cases/combo-cancel-stream-terminal-cancelled.json
b24ff9cdbb08092492dd68815bdf3c4a6f38c8e2a42cd79c30abbfcacdfef745  ??  artifacts/rust-tauri/R03/STAGE-REVIEW-R01/verify-stage-r03/A15/cases/combo-crash-recovery-honest-interrupted.json
d9e8dea9429b0f0c9fc86be7f31dcd96b4b227e1174dcdea6d1f00b177ec2987  ??  artifacts/rust-tauri/R03/STAGE-REVIEW-R01/verify-stage-r03/A15/cases/combo-cross-session-both-complete.json
106bebd1aa293f120bb83f22b33de1e19ae817a4963587e2ee17be8731293349  ??  artifacts/rust-tauri/R03/STAGE-REVIEW-R01/verify-stage-r03/A15/cases/combo-duplicate-conflict-rejected.json
eafb37ffcb4d76d45d58a64d80d9ef413064c1f979d64ba1cc2e609d147963fc  ??  artifacts/rust-tauri/R03/STAGE-REVIEW-R01/verify-stage-r03/A15/cases/combo-duplicate-replay-no-second-run.json
346e6cb6ae16f125e4bbfdbf24d2bbcf63c92fa9642b2676fa06a78bfa1e8fdb  ??  artifacts/rust-tauri/R03/STAGE-REVIEW-R01/verify-stage-r03/A15/cases/combo-events-subscriber-saw-terminal.json
97a0c8f8404d1c042f8f7efd240d5d5f5446103b21bcccf9c5c90461b6082043  ??  artifacts/rust-tauri/R03/STAGE-REVIEW-R01/verify-stage-r03/A15/cases/combo-multi-tool-three-calls.json
aa936466e694a90f4087b7ae928f7c9b96ae1450073774fcb29d177dfa59c7b6  ??  artifacts/rust-tauri/R03/STAGE-REVIEW-R01/verify-stage-r03/A15/cases/combo-multi-turn-one-terminal.json
f7bdd9e301d37d6a062e13225cfc84d7e96c1f88cd75d34e300ab00dd0fad0a0  ??  artifacts/rust-tauri/R03/STAGE-REVIEW-R01/verify-stage-r03/A15/cases/combo-normal-run-completed.json
51d8bd26cb2f29bee74097b5ef9a36e3389a56a1c7127e86fa36d75a8106659e  ??  artifacts/rust-tauri/R03/STAGE-REVIEW-R01/verify-stage-r03/A15/cases/combo-out-of-order-late-result-fenced.json
e18f1fcb5cc4af47da6184707fb88e0c0ed656f1fafffe8020a3001c9826c931  ??  artifacts/rust-tauri/R03/STAGE-REVIEW-R01/verify-stage-r03/A15/cases/combo-timeout-budget-loud-failure.json
ccbc0f5c630f404851ca1c561fd5c73421ba9b217ceeff29973b263f05e30888  ??  artifacts/rust-tauri/R03/STAGE-REVIEW-R01/verify-stage-r03/A15/cases/parent-cancel-stops-child-run.json
d72d7e1151ea38a4eeb9ad435aa66dc376039e41ff714f9f550e1f2c8934585a  ??  artifacts/rust-tauri/R03/STAGE-REVIEW-R01/verify-stage-r03/A15/cases/reconnect-resume-no-model-restart.json
5d89ed42d309bfcfd13956b901f209eb432200e88c2ae1eea74d6eaffe625b2a  ??  artifacts/rust-tauri/R03/STAGE-REVIEW-R01/verify-stage-r03/A15/cases/steer-busy-accepted.json
360ccd0c00f5114974f5f2967860d1c339a2e2baa808a2f5dca49f334fe0d386  ??  artifacts/rust-tauri/R03/STAGE-REVIEW-R01/verify-stage-r03/A15/cases/steer-idle-miss.json
d00e58227225a313e612b18019d7f95a07382b0426ab7fbeb39bc4b05b740cc5  ??  artifacts/rust-tauri/R03/STAGE-REVIEW-R01/verify-stage-r03/A15/cases/steer-text-drained-into-model-input.json
1d91fbec57470aebfedf338d49c5109fdd0216e02d720737ed53335eb06ae4c8  ??  artifacts/rust-tauri/R03/STAGE-REVIEW-R01/verify-stage-r03/A15/cases/subagent-child-cancel-stops-child-only.json
25c6b5b26b72b0a4408db94f4f0e40b77faa84d32ccfeaffaf04e29fb20c07c9  ??  artifacts/rust-tauri/R03/STAGE-REVIEW-R01/verify-stage-r03/A15/cases/subagent-close-thread-closed-status.json
c8d7de61de38e7dfa38ea3376602da5c50882e6d6238c3a1ff61b6ac7df04418  ??  artifacts/rust-tauri/R03/STAGE-REVIEW-R01/verify-stage-r03/A15/cases/subagent-dispatch-child-lineage-recorded.json
dce5bbb9b54961ee64c8634f90f4f2600975918f6a2590b57b7b28dd425016bd  ??  artifacts/rust-tauri/R03/STAGE-REVIEW-R01/verify-stage-r03/A15/cases/subagent-escalation-write-denied-zero-children.json
dcd19d358a8a5e560042eee304f1f5460d1c79ba1a64d611fb1007b830562010  ??  artifacts/rust-tauri/R03/STAGE-REVIEW-R01/verify-stage-r03/A15/cases/subagent-policy-proactive-delegation-default-off.json
ffef3903ae224f661b415622ed9c76da5e265c01a9c15b867f429c1f6d10ef15  ??  artifacts/rust-tauri/R03/STAGE-REVIEW-R01/verify-stage-r03/A15/cases/subagent-reply-continues-thread.json
68d15df7292608d2a400c54ab895533d8056286e5586ecb6d956e87b1b2ac4b8  ??  artifacts/rust-tauri/R03/STAGE-REVIEW-R01/verify-stage-r03/A15/combo-counts.json
4c56fd82542a56017ef5e59d3b0c9752ede52032f31f31c24c2de458153ad296  ??  artifacts/rust-tauri/R03/STAGE-REVIEW-R01/verify-stage-r03/A15/combos/cancel-approval-wait.json
f861ce9b1dbe64f781134bae916b9c8f2503f4ad8572e98bfc18d180a4e35e33  ??  artifacts/rust-tauri/R03/STAGE-REVIEW-R01/verify-stage-r03/A15/combos/cancel-stream-read.json
76b74d822e65d068718af971eb29865cc4891a50d128a35b0bc955cc3b6b65a2  ??  artifacts/rust-tauri/R03/STAGE-REVIEW-R01/verify-stage-r03/A15/combos/crash-recovery.json
ef5545b54a472c39f9b09d995f9ba2e3671618a56d4de3eb7fe4fad24d81f22b  ??  artifacts/rust-tauri/R03/STAGE-REVIEW-R01/verify-stage-r03/A15/combos/cross-session-parallel.json
7f7fd9a6f050ba6811d5b1d7313d11473f92089a4ec0fd2335779e99b59cdaa1  ??  artifacts/rust-tauri/R03/STAGE-REVIEW-R01/verify-stage-r03/A15/combos/duplicate-submission.json
bc33f4da54e3db7ed77d1d11272d9a0003c142210052e902a4b26b0eb263fabf  ??  artifacts/rust-tauri/R03/STAGE-REVIEW-R01/verify-stage-r03/A15/combos/leaf-parent-cancel.json
a59635405b3569b1c0c950cb282ecf3749923b36c6b1b5e4d3d21fc3f4458102  ??  artifacts/rust-tauri/R03/STAGE-REVIEW-R01/verify-stage-r03/A15/combos/leaf-steer.json
fd60e4ca043c4073ddf838b3f0fe918436ede45ff7765efc8f1cad42821186f4  ??  artifacts/rust-tauri/R03/STAGE-REVIEW-R01/verify-stage-r03/A15/combos/multi-tool.json
075cad25ce0207f3b49138b8d415d0db78da1005207b2f64d282b478bffa44ae  ??  artifacts/rust-tauri/R03/STAGE-REVIEW-R01/verify-stage-r03/A15/combos/multi-turn-model.json
f94832aef81d68346dd1b25b1ad7312d6bc141a69a616a218b640aa170fbebcb  ??  artifacts/rust-tauri/R03/STAGE-REVIEW-R01/verify-stage-r03/A15/combos/normal.json
44f5b48c4f288ee214f7053e16857997f1fb66a6be241466141301a16c6872e7  ??  artifacts/rust-tauri/R03/STAGE-REVIEW-R01/verify-stage-r03/A15/combos/timeout-budget.json
505ecfbac3942739846be3a188cabea9d26c9641628253767c5457bdff2ab44f  ??  artifacts/rust-tauri/R03/STAGE-REVIEW-R01/verify-stage-r03/A15/leaf-cases.json
bdaad3ebf5ff0689f1652a4b7c24716f5b0138db8876d8941ceb6bbe390650fa  ??  artifacts/rust-tauri/R03/STAGE-REVIEW-R01/verify-stage-r03/A15/summary.txt
45ba7fea8f883f6b2dde4d15e3c2f12c369a3c5853dc865750185b988bec78b9  ??  artifacts/rust-tauri/R03/STAGE-REVIEW-R01/verify-stage-r03/R02/A05_A06/.last-body
1319bbe558a1a9043433da92529bc8c24d2b6fbcabc962836a938e946e273399  ??  artifacts/rust-tauri/R03/STAGE-REVIEW-R01/verify-stage-r03/R02/A05_A06/body-limit.txt
c0c19dff508a998f0c6e1fbf2643c2d78647cd6495bc53c57d2566877a3abc0b  ??  artifacts/rust-tauri/R03/STAGE-REVIEW-R01/verify-stage-r03/R02/A05_A06/cli-sessions-limit-case.json
f6ebc08f6a5ec4739f964c0c661ad0e244bee1712e9eb7ed4a31aed22c6b4ac8  ??  artifacts/rust-tauri/R03/STAGE-REVIEW-R01/verify-stage-r03/R02/A05_A06/creds-after-authz.json
b7c2b623a2798ee79398c4912b508bcef6f940a39f45b738eec64cce449f74d3  ??  artifacts/rust-tauri/R03/STAGE-REVIEW-R01/verify-stage-r03/R02/A05_A06/creds-before-authz.json
d81d872eaeaa5b0ff9f9c04d1fd344348e756ae07af3a2ac2d28c9191632554f  ??  artifacts/rust-tauri/R03/STAGE-REVIEW-R01/verify-stage-r03/R02/A05_A06/devices-after-authz.json
94a5c3894652f10bc6a007478bd114ac2837b2ac8707e8bf6e2a82970fbbef7a  ??  artifacts/rust-tauri/R03/STAGE-REVIEW-R01/verify-stage-r03/R02/A05_A06/devices-before-authz.json
0495084e6b195a0e0877840cab678e9a997e102bf1bce5bf8c35c60343691692  ??  artifacts/rust-tauri/R03/STAGE-REVIEW-R01/verify-stage-r03/R02/A05_A06/leaf-cases.json
7877228ee9eca8eec805e1633437ac4ed29a9aa7ee73af195a77f2233f7990fd  ??  artifacts/rust-tauri/R03/STAGE-REVIEW-R01/verify-stage-r03/R02/A05_A06/leaf-cases.ndjson
dcd34e5c35a6f2226ce443850b31cb21a93919d11d990e59427fcccf19e30735  ??  artifacts/rust-tauri/R03/STAGE-REVIEW-R01/verify-stage-r03/R02/A05_A06/me-denied-after.sha256
dcd34e5c35a6f2226ce443850b31cb21a93919d11d990e59427fcccf19e30735  ??  artifacts/rust-tauri/R03/STAGE-REVIEW-R01/verify-stage-r03/R02/A05_A06/me-denied-before.sha256
9901fa4939e8c0683cc392787126273c429530490fdebe18e68d1ad0c6fc2459  ??  artifacts/rust-tauri/R03/STAGE-REVIEW-R01/verify-stage-r03/R02/A05_A06/sessions-list-matrix.json
d458bca66e6461796b2175ea2526de50d760e8009bc9b89d2b1806eb36624c69  ??  artifacts/rust-tauri/R03/STAGE-REVIEW-R01/verify-stage-r03/R02/A05_A06/state-after-authn.txt
b777719cdfe152efa8d40bc30604d55c66442f16393a78b07388921e335ecb39  ??  artifacts/rust-tauri/R03/STAGE-REVIEW-R01/verify-stage-r03/R02/A05_A06/state-after.txt
d458bca66e6461796b2175ea2526de50d760e8009bc9b89d2b1806eb36624c69  ??  artifacts/rust-tauri/R03/STAGE-REVIEW-R01/verify-stage-r03/R02/A05_A06/state-before-authz.txt
d458bca66e6461796b2175ea2526de50d760e8009bc9b89d2b1806eb36624c69  ??  artifacts/rust-tauri/R03/STAGE-REVIEW-R01/verify-stage-r03/R02/A05_A06/state-before.txt
916dae5006f993ce343272633f3148ac89b1ba77fcf7dd1973aeff6a1266d39c  ??  artifacts/rust-tauri/R03/STAGE-REVIEW-R01/verify-stage-r03/R02/A05_A06/summary.txt
0e7de27f1693ecd8f7a2dcab9f16675a46925584c412609c0f3cd4094c3ff650  ??  artifacts/rust-tauri/R03/STAGE-REVIEW-R01/verify-stage-r03/R02/A05_A06/ws-matrix.json
202e918392ed4e2077bca73b8c344a528fa6b550efae2fec361a9abb07f79f74  ??  artifacts/rust-tauri/R03/STAGE-REVIEW-R01/verify-stage-r03/R02/A07_A08/last-db-hashes.txt
e613a984930f45c73fa5aa79af6955b0ac56faa30868e1da85d84a96a180eee3  ??  artifacts/rust-tauri/R03/STAGE-REVIEW-R01/verify-stage-r03/R02/A07_A08/s1-counts-after-stop.json
6e11d3157e36f2f24de72943cc5df97aec8475c1e95a29c6fed9cc451e41da10  ??  artifacts/rust-tauri/R03/STAGE-REVIEW-R01/verify-stage-r03/R02/A07_A08/s2-counts-after-crash.json
e675e076e7567ad6fa79fe6fdf8ea932e3ad99efbd31b8ba9c505cb79c1c873c  ??  artifacts/rust-tauri/R03/STAGE-REVIEW-R01/verify-stage-r03/R02/A07_A08/s2-runs-dump.jsonl
d30086a917a987bda7410c7c945be16329fe4d10afacbe233d3b1c8ce74f932e  ??  artifacts/rust-tauri/R03/STAGE-REVIEW-R01/verify-stage-r03/R02/A07_A08/s3-fault.err
e3b0c44298fc1c149afbf4c8996fb92427ae41e4649b934ca495991b7852b855  ??  artifacts/rust-tauri/R03/STAGE-REVIEW-R01/verify-stage-r03/R02/A07_A08/s3-fault.out
9928a8d3253a0a04dc1cd14e4c9a0cb53ef0888e8eeef6e059cb59dca9b11f4d  ??  artifacts/rust-tauri/R03/STAGE-REVIEW-R01/verify-stage-r03/R02/A07_A08/s4-hashes-after.txt
9928a8d3253a0a04dc1cd14e4c9a0cb53ef0888e8eeef6e059cb59dca9b11f4d  ??  artifacts/rust-tauri/R03/STAGE-REVIEW-R01/verify-stage-r03/R02/A07_A08/s4-hashes-before.txt
44d171e0a12d9e1bf1bd6b4da5e9774d66b6de777640572a445506f0d451cf9b  ??  artifacts/rust-tauri/R03/STAGE-REVIEW-R01/verify-stage-r03/R02/A07_A08/s4-migrations-round1.json
44d171e0a12d9e1bf1bd6b4da5e9774d66b6de777640572a445506f0d451cf9b  ??  artifacts/rust-tauri/R03/STAGE-REVIEW-R01/verify-stage-r03/R02/A07_A08/s4-migrations-round2.json
44d171e0a12d9e1bf1bd6b4da5e9774d66b6de777640572a445506f0d451cf9b  ??  artifacts/rust-tauri/R03/STAGE-REVIEW-R01/verify-stage-r03/R02/A07_A08/s4-migrations-round3.json
9d9cf3ca38895ec8caf6154f66aadc2abc5687113285f8e691431c5952cb205e  ??  artifacts/rust-tauri/R03/STAGE-REVIEW-R01/verify-stage-r03/R02/A07_A08/service-s1.err
c18ed9eaf2e121553472a5ce850bacb2bd3333fbad268bf64e435d6d805a4b02  ??  artifacts/rust-tauri/R03/STAGE-REVIEW-R01/verify-stage-r03/R02/A07_A08/service-s1.out
bdd566dc99135d21281ddf1b65e22abf5c6c585ef181167a568f51789f7a463d  ??  artifacts/rust-tauri/R03/STAGE-REVIEW-R01/verify-stage-r03/R02/A07_A08/service-s1b.err
99c4a267fbb0def91483395360d1ef0113d0fb00af3fac8324ff95153b0f77f6  ??  artifacts/rust-tauri/R03/STAGE-REVIEW-R01/verify-stage-r03/R02/A07_A08/service-s1b.out
a40e658e29ae322a908653fc7326ea3e2d671ea8e7e23adfc998e1208ab95bad  ??  artifacts/rust-tauri/R03/STAGE-REVIEW-R01/verify-stage-r03/R02/A07_A08/service-s2.err
a2953a9c3a6415d96068c2a5ba3336ef554f8320990ff84afa2c374a23e3de3a  ??  artifacts/rust-tauri/R03/STAGE-REVIEW-R01/verify-stage-r03/R02/A07_A08/service-s2.out
787b807b7dcba01d793eae976b6e86bd7b6336aeb4e05ac67d9dfeb45a219003  ??  artifacts/rust-tauri/R03/STAGE-REVIEW-R01/verify-stage-r03/R02/A07_A08/service-s2b.err
485eaaa60269b9805f81a17f50c325df0dd3b4e275b04093fd1ee53348ed453f  ??  artifacts/rust-tauri/R03/STAGE-REVIEW-R01/verify-stage-r03/R02/A07_A08/service-s2b.out
39bd2149774f2abb5128c95f3d6671c8c47e42a151f31691ff6cbae99a7822fa  ??  artifacts/rust-tauri/R03/STAGE-REVIEW-R01/verify-stage-r03/R02/A07_A08/service-s4-1.err
7457e2fdd1194140fcd96972435a615091575616678ac04f166bb20d0f563e77  ??  artifacts/rust-tauri/R03/STAGE-REVIEW-R01/verify-stage-r03/R02/A07_A08/service-s4-1.out
66d6c01f207c6352ed861ff3ee9a4049d63de84f474e0577fe350514deae616f  ??  artifacts/rust-tauri/R03/STAGE-REVIEW-R01/verify-stage-r03/R02/A07_A08/service-s4-2.err
59d03291eaba89e70423a9f5f008c7f8af38dde5431b53a9cb0c272de28cc588  ??  artifacts/rust-tauri/R03/STAGE-REVIEW-R01/verify-stage-r03/R02/A07_A08/service-s4-2.out
ee11f872e5f754c9d2f646ad04dbeec0b407c21e8656f643800f824d83f15910  ??  artifacts/rust-tauri/R03/STAGE-REVIEW-R01/verify-stage-r03/R02/A07_A08/service-s4-3.err
8d6cc9932ddb098b7f9437190821fe840b313dffc78ec89f1e549b4742e3baa3  ??  artifacts/rust-tauri/R03/STAGE-REVIEW-R01/verify-stage-r03/R02/A07_A08/service-s4-3.out
6ee521e317b3d3c73777f795b577fd40efe61ffcdb7f2ca208a8a2882282e95a  ??  artifacts/rust-tauri/R03/STAGE-REVIEW-R01/verify-stage-r03/R02/A07_A08/service.addr
ce865231c983ef38967fa44b47b144b9178b87ffb083758d4b7f3cbb8935a2f7  ??  artifacts/rust-tauri/R03/STAGE-REVIEW-R01/verify-stage-r03/R02/A07_A08/service.pid
ef0c69072110e13bcf354619c10a98d842e8e82779465f9daa468de30a268a6b  ??  artifacts/rust-tauri/R03/STAGE-REVIEW-R01/verify-stage-r03/R02/A07_A08/summary.txt
dd63f79ce1a39fdef735dbb9eb292c3f8a45db77c2513d3cc7379e5dbe13749e  ??  artifacts/rust-tauri/R03/STAGE-REVIEW-R01/verify-stage-r03/R02/A11/backup-restore/s1-backup-dir-listing.txt
558e826634f2c84d3225ddc54f60ff0b03d36a75895f3d435089a12768d1157d  ??  artifacts/rust-tauri/R03/STAGE-REVIEW-R01/verify-stage-r03/R02/A11/backup-restore/s1-backup-outcome.json
e3b0c44298fc1c149afbf4c8996fb92427ae41e4649b934ca495991b7852b855  ??  artifacts/rust-tauri/R03/STAGE-REVIEW-R01/verify-stage-r03/R02/A11/backup-restore/s1-backup.err
0015f1e5520e1f5262a041598e1baf30f46139621ea1521b75531d58d819ca17  ??  artifacts/rust-tauri/R03/STAGE-REVIEW-R01/verify-stage-r03/R02/A11/backup-restore/s1-restore-outcome.json
e3b0c44298fc1c149afbf4c8996fb92427ae41e4649b934ca495991b7852b855  ??  artifacts/rust-tauri/R03/STAGE-REVIEW-R01/verify-stage-r03/R02/A11/backup-restore/s1-restore.err
7d56a6d836a5e321cc98b2313ba125bb4f3e9eb674177dde4b311d921b0501b7  ??  artifacts/rust-tauri/R03/STAGE-REVIEW-R01/verify-stage-r03/R02/A11/backup-restore/s1-restored-dump.jsonl
65a5bc7f78f1b56d5432f0bfed70ef07d3f7f9c79080b33bde3654308e220554  ??  artifacts/rust-tauri/R03/STAGE-REVIEW-R01/verify-stage-r03/R02/A11/backup-restore/s1-restored-hash.txt
7d56a6d836a5e321cc98b2313ba125bb4f3e9eb674177dde4b311d921b0501b7  ??  artifacts/rust-tauri/R03/STAGE-REVIEW-R01/verify-stage-r03/R02/A11/backup-restore/s1-source-dump.jsonl
6b0a208b1ae36485c3e31b7575ec4269f39891bb48ad046603ed95186a968b2f  ??  artifacts/rust-tauri/R03/STAGE-REVIEW-R01/verify-stage-r03/R02/A11/backup-restore/s1-source-hash.txt
951e1f2cedf4a978898a4f9e620777561b8381ece9faf4223f8594a201f47f74  ??  artifacts/rust-tauri/R03/STAGE-REVIEW-R01/verify-stage-r03/R02/A11/backup-restore/s1-wal-size.txt
e3b0c44298fc1c149afbf4c8996fb92427ae41e4649b934ca495991b7852b855  ??  artifacts/rust-tauri/R03/STAGE-REVIEW-R01/verify-stage-r03/R02/A11/backup-restore/s3-backup-out.json
558ad81e6dc43569ac4695bbd5ba82bbe459b3b645c7632d637f2deeb78ea0e5  ??  artifacts/rust-tauri/R03/STAGE-REVIEW-R01/verify-stage-r03/R02/A11/backup-restore/s3-backup.err
9b33c4d50a9f7a0434980244454a85ce4288c7323241cf9ff22c50e6b8f8dd85  ??  artifacts/rust-tauri/R03/STAGE-REVIEW-R01/verify-stage-r03/R02/A11/backup-restore/s4-ws-probe.json
a4c3ed04a95a3da14a9d235c83d868bed7c0f45cf7f3faa751ee8f50598d2211  ??  artifacts/rust-tauri/R03/STAGE-REVIEW-R01/verify-stage-r03/R02/A11/backup-restore/s4-ws-probe.json.probe-done
bb0cea7b8227851167098565957eb1981facaccec517c7992e8e57d00e0a8c1e  ??  artifacts/rust-tauri/R03/STAGE-REVIEW-R01/verify-stage-r03/R02/A11/backup-restore/service-s1.addr
eecf4ae35c4525ff727c44d607726f23d8cb193e7fa9a0e552121686cea2cede  ??  artifacts/rust-tauri/R03/STAGE-REVIEW-R01/verify-stage-r03/R02/A11/backup-restore/service-s1.err
09bc2839d028dce9ae829e5a9c5c7ae6c7ad6c323d6e133730e9180bd765eae0  ??  artifacts/rust-tauri/R03/STAGE-REVIEW-R01/verify-stage-r03/R02/A11/backup-restore/service-s1.out
fe1118b4433a027008bd30a33f08ae1c3339a8c067f77a8e9e11ca7e1fa9304d  ??  artifacts/rust-tauri/R03/STAGE-REVIEW-R01/verify-stage-r03/R02/A11/backup-restore/service-s2.addr
0ab814a1e7b31ec64739c46d81d94b2a27620306e5efc60486e1a1d0bddbe84a  ??  artifacts/rust-tauri/R03/STAGE-REVIEW-R01/verify-stage-r03/R02/A11/backup-restore/service-s2.err
6e9e10992b7335738434a2aaef47cc2f6c602d65b83c8082e1d610b9e29cf6ae  ??  artifacts/rust-tauri/R03/STAGE-REVIEW-R01/verify-stage-r03/R02/A11/backup-restore/service-s2.out
04288b6dc60d678b4c26d099dd9c233669b2c1ef810ec26618b4adc9dd3d7b7a  ??  artifacts/rust-tauri/R03/STAGE-REVIEW-R01/verify-stage-r03/R02/A11/backup-restore/service-s4.addr
fc2d90e832c641fef5541cea6d35c65122e5fe6b3b3616db89cb82d9b7b9cf15  ??  artifacts/rust-tauri/R03/STAGE-REVIEW-R01/verify-stage-r03/R02/A11/backup-restore/service-s4.err
8dce450a21ab54db9bd8f915d0d87f065e18998e233db9af086ffcc00d928cf3  ??  artifacts/rust-tauri/R03/STAGE-REVIEW-R01/verify-stage-r03/R02/A11/backup-restore/service-s4.out
5c677a0edf789b5f24bd4465d32b92bdf6e904bfd75fcf7b29de549da545a142  ??  artifacts/rust-tauri/R03/STAGE-REVIEW-R01/verify-stage-r03/R02/A11/backup-restore/service.pid
668ed90314dae2acbb6362721a735ad323dcedd827e5ccc35d22848e6361a2f5  ??  artifacts/rust-tauri/R03/STAGE-REVIEW-R01/verify-stage-r03/R02/A11/backup-restore/summary.txt
3f74ad4bbbd442672f26383a00d120f0a3ea5038a04be8245bff27b9ccd6744a  ??  artifacts/rust-tauri/R03/STAGE-REVIEW-R01/verify-stage-r03/R02/A12/recovery-drill/coexist-after.txt
3f74ad4bbbd442672f26383a00d120f0a3ea5038a04be8245bff27b9ccd6744a  ??  artifacts/rust-tauri/R03/STAGE-REVIEW-R01/verify-stage-r03/R02/A12/recovery-drill/coexist-before.txt
fafdca9263e1ab630f3bd8cbbcbc8abdbfc39cc9f982b4eddf5975785482a48b  ??  artifacts/rust-tauri/R03/STAGE-REVIEW-R01/verify-stage-r03/R02/A12/recovery-drill/own-created-homes.txt
79be6d64aa93bf457e5b337dfa16a187af549e49a08c7760b4ddb0f61bedf8ac  ??  artifacts/rust-tauri/R03/STAGE-REVIEW-R01/verify-stage-r03/R02/A12/recovery-drill/summary.txt
7b2f675d535131e9ee3b95eb996b520af42000b1efea572dc62eff72fd758a84  ??  artifacts/rust-tauri/R03/STAGE-REVIEW-R01/verify-stage-r03/R02/A12/recovery-drill/v1-hashes-after.txt
7b2f675d535131e9ee3b95eb996b520af42000b1efea572dc62eff72fd758a84  ??  artifacts/rust-tauri/R03/STAGE-REVIEW-R01/verify-stage-r03/R02/A12/recovery-drill/v1-hashes-before.txt
998f0ffb1c6d81e6d22878285dc9b3427a0352f4aadd04179a8b518a9ef999d3  ??  artifacts/rust-tauri/R03/STAGE-REVIEW-R01/verify-stage-r03/R02/A12/recovery-drill/v1.err
e3b0c44298fc1c149afbf4c8996fb92427ae41e4649b934ca495991b7852b855  ??  artifacts/rust-tauri/R03/STAGE-REVIEW-R01/verify-stage-r03/R02/A12/recovery-drill/v1.out
fcb269f1fc43e20619871bab0f6e464d30773313e55b17f725fc62249ab521be  ??  artifacts/rust-tauri/R03/STAGE-REVIEW-R01/verify-stage-r03/R02/A12/recovery-drill/v2-hashes-after.txt
fcb269f1fc43e20619871bab0f6e464d30773313e55b17f725fc62249ab521be  ??  artifacts/rust-tauri/R03/STAGE-REVIEW-R01/verify-stage-r03/R02/A12/recovery-drill/v2-hashes-before.txt
b9848f8cdd9b1b6a96dfd06429c0a461401989507db84fce32166a81a764d045  ??  artifacts/rust-tauri/R03/STAGE-REVIEW-R01/verify-stage-r03/R02/A12/recovery-drill/v2.err
e3b0c44298fc1c149afbf4c8996fb92427ae41e4649b934ca495991b7852b855  ??  artifacts/rust-tauri/R03/STAGE-REVIEW-R01/verify-stage-r03/R02/A12/recovery-drill/v2.out
a33ffd69acb495d9a221778bb2317e4cef00e4d752d794b9c1267890666ec43d  ??  artifacts/rust-tauri/R03/STAGE-REVIEW-R01/verify-stage-r03/R02/A12/recovery-drill/v3-hashes-after.txt
a33ffd69acb495d9a221778bb2317e4cef00e4d752d794b9c1267890666ec43d  ??  artifacts/rust-tauri/R03/STAGE-REVIEW-R01/verify-stage-r03/R02/A12/recovery-drill/v3-hashes-before.txt
2f4a1406afa743117c1bcc4cd367f799c1618dd77dcb78e34e215188ade713ff  ??  artifacts/rust-tauri/R03/STAGE-REVIEW-R01/verify-stage-r03/R02/A12/recovery-drill/v3.err
e3b0c44298fc1c149afbf4c8996fb92427ae41e4649b934ca495991b7852b855  ??  artifacts/rust-tauri/R03/STAGE-REVIEW-R01/verify-stage-r03/R02/A12/recovery-drill/v3.out
5f4388102f99f00f6883ecdd4b92c6d459efd815c3fab7bf88e07efabd8989ba  ??  artifacts/rust-tauri/R03/STAGE-REVIEW-R01/verify-stage-r03/R02/A12/recovery-drill/v4.err
9aeb4ff71fe1e6378cd967d9c2096d423fa048b17402eac7ff07c58a9069c4e3  ??  artifacts/rust-tauri/R03/STAGE-REVIEW-R01/verify-stage-r03/R02/A12/recovery-drill/v4.out
d67804ac55130b3bb5331c20b5a2aebe8036c17bb872c79b8d917d3df32c569e  ??  artifacts/rust-tauri/R03/STAGE-REVIEW-R01/verify-stage-r03/R02/A12/recovery-drill/v5-hashes-after.txt
d67804ac55130b3bb5331c20b5a2aebe8036c17bb872c79b8d917d3df32c569e  ??  artifacts/rust-tauri/R03/STAGE-REVIEW-R01/verify-stage-r03/R02/A12/recovery-drill/v5-hashes-before.txt
ff85840a18c2f8609de9d2e6cde5601b2841d60e1df029b116888f51489f3845  ??  artifacts/rust-tauri/R03/STAGE-REVIEW-R01/verify-stage-r03/R02/A12/recovery-drill/v5.err
e3b0c44298fc1c149afbf4c8996fb92427ae41e4649b934ca495991b7852b855  ??  artifacts/rust-tauri/R03/STAGE-REVIEW-R01/verify-stage-r03/R02/A12/recovery-drill/v5.out
94ac63c806f25d58aa86fe8f9325aa556a2e0ed8cf05edd07d6505f586e6795a  ??  artifacts/rust-tauri/R03/STAGE-REVIEW-R01/verify-stage-r03/R02/A12/recovery-drill/v6-recovered-dump.jsonl
27badc983df1780b60c2b3fa9d3a19a00e46aac798451f0febdca52920faaddf  ??  artifacts/rust-tauri/R03/STAGE-REVIEW-R01/verify-stage-r03/R02/A12/recovery-drill/v6-seed-execute.txt
e13dc579c3cafbb32b17cb84bcd76c19ad81e8a8e73af55ca0e82c76acc3339a  ??  artifacts/rust-tauri/R03/STAGE-REVIEW-R01/verify-stage-r03/R02/A12/recovery-drill/v6-seed.err
41ccf1b81a2a31f085f3fca4458dc50b97262d8d2e44cedec8403a52163169ba  ??  artifacts/rust-tauri/R03/STAGE-REVIEW-R01/verify-stage-r03/R02/A12/recovery-drill/v6-seed.out
c235d73ce56ef31402eb396832fdb703ab8dcf81c1ea45bef34cc7b3ed9465b0  ??  artifacts/rust-tauri/R03/STAGE-REVIEW-R01/verify-stage-r03/R02/A12/recovery-drill/v6.err
ee9fad0e013cc34bd3ef596b46c3e61835130fd46619d6539ad7751041114fe0  ??  artifacts/rust-tauri/R03/STAGE-REVIEW-R01/verify-stage-r03/R02/A12/recovery-drill/v6.out
5592636dc7a7c8af3ce9d585daaa516d5deefbc7d2e7bcda72634a0b7c761777  ??  artifacts/rust-tauri/R03/STAGE-REVIEW-R01/verify-stage-r03/R02/A12/recovery-drill/v7-hashes-after.txt
5592636dc7a7c8af3ce9d585daaa516d5deefbc7d2e7bcda72634a0b7c761777  ??  artifacts/rust-tauri/R03/STAGE-REVIEW-R01/verify-stage-r03/R02/A12/recovery-drill/v7-hashes-before.txt
03ebde074c53055e16de634458e890fe8985af9c666632eabb127d94d9f643ec  ??  artifacts/rust-tauri/R03/STAGE-REVIEW-R01/verify-stage-r03/R02/A12/recovery-drill/v7-seed.err
e3664192e8827b49694be27da21ad123ae25888936a553efa17da6ede755381f  ??  artifacts/rust-tauri/R03/STAGE-REVIEW-R01/verify-stage-r03/R02/A12/recovery-drill/v7-seed.out
8ebb721a5e3baa16dad7d5f55efb1d03ef88bde72175d55f9e0f3ac0390cd89a  ??  artifacts/rust-tauri/R03/STAGE-REVIEW-R01/verify-stage-r03/R02/A12/recovery-drill/v7.err
e3b0c44298fc1c149afbf4c8996fb92427ae41e4649b934ca495991b7852b855  ??  artifacts/rust-tauri/R03/STAGE-REVIEW-R01/verify-stage-r03/R02/A12/recovery-drill/v7.out
788ee84b932d2751a167b5b74a254571ba51d7cbd6183ae9178ba9273d60e8f1  ??  artifacts/rust-tauri/R03/STAGE-REVIEW-R01/verify-stage-r03/R02/A12/recovery-drill/v8-observed.err
2c31975c58064219bfd1dc3491fafebd96917f6d94d5d4ebdcd866de3fefd084  ??  artifacts/rust-tauri/R03/STAGE-REVIEW-R01/verify-stage-r03/R02/A12/recovery-drill/v8-seed.err
af649e1f09de775b740e596b4a9699e37cc22411549cf06c3df7030bf349eb38  ??  artifacts/rust-tauri/R03/STAGE-REVIEW-R01/verify-stage-r03/R02/A12/recovery-drill/v8-seed.out
788ee84b932d2751a167b5b74a254571ba51d7cbd6183ae9178ba9273d60e8f1  ??  artifacts/rust-tauri/R03/STAGE-REVIEW-R01/verify-stage-r03/R02/A12/recovery-drill/v8.err
6b39d455defe412ae4af0a45449c048669d83576ef9b0c39fa3c90202d65b0ed  ??  artifacts/rust-tauri/R03/STAGE-REVIEW-R01/verify-stage-r03/R02/A12/recovery-drill/v8.out
309e2bcd94ff681096cc9594f6d37354ef6b51c1bb6f417c23406eb1fcf2dfeb  ??  artifacts/rust-tauri/R03/STAGE-REVIEW-R01/verify-stage-r03/R02/A15/full-chain/pre-restart-head.json
e3b0c44298fc1c149afbf4c8996fb92427ae41e4649b934ca495991b7852b855  ??  artifacts/rust-tauri/R03/STAGE-REVIEW-R01/verify-stage-r03/R02/A15/full-chain/probe1.err
aa4463d1174b457ddf0e2dd2f78ac10a064011e273b15427b57069119ae07362  ??  artifacts/rust-tauri/R03/STAGE-REVIEW-R01/verify-stage-r03/R02/A15/full-chain/probe1.pass-lines
e3b0c44298fc1c149afbf4c8996fb92427ae41e4649b934ca495991b7852b855  ??  artifacts/rust-tauri/R03/STAGE-REVIEW-R01/verify-stage-r03/R02/A15/full-chain/probe2.err
28a411dc95be7e6596d2954fdbecf8eb034d9f8dc1248ab1d111c07c1c218b89  ??  artifacts/rust-tauri/R03/STAGE-REVIEW-R01/verify-stage-r03/R02/A15/full-chain/probe2.pass-lines
b0a8d6f76991cc9eca6e20768bfc8016f1838fa7cd07ec0855543f11aba26c8e  ??  artifacts/rust-tauri/R03/STAGE-REVIEW-R01/verify-stage-r03/R02/A15/full-chain/service1.err
c8d06c12bc95fead028cf0e97d586023d4c6473bd88cc5a1dd032a21ca64ba2f  ??  artifacts/rust-tauri/R03/STAGE-REVIEW-R01/verify-stage-r03/R02/A15/full-chain/service1.out
7ff629ce02ed42c8ab934d66146ac4cf8da1cd4f8610a482322edbef886d1a65  ??  artifacts/rust-tauri/R03/STAGE-REVIEW-R01/verify-stage-r03/R02/A15/full-chain/service2.err
b5a3fabdb9a70d00205c746a8ee595494a8221820d21da28d3758883cb152fe4  ??  artifacts/rust-tauri/R03/STAGE-REVIEW-R01/verify-stage-r03/R02/A15/full-chain/service2.out
e7e475a1caec2bb6ff455ec61acbc89bb19f48afe34f42287d28ba2a9938f6e6  ??  artifacts/rust-tauri/R03/STAGE-REVIEW-R01/verify-stage-r03/R02/A15/full-chain/summary.txt
6b6733a4a1691b6d3e84fcb59dd51eb9b07d536b1b682d7709f1d47ce2a029ac  ??  docs/rust-tauri/R03/dispatches/R03_STAGE_REVIEW_R01_DISPATCH.md
