# binding-exclusion: artifacts/rust-tauri/R03/T08-E01/verify-stage-r03/R02/A16/legacy-entry/** — this gate's own run-time evidence output subtree (runner output, never candidate source); applied symmetrically to BOTH the main-repo binding and the candidate-copy binding (E0 mirror compare)
c41531189b1f994d073e7736e50fcb47ef32f27f545b22c1d5309d5a6fac1129  ??  artifacts/rust-tauri/R03/T08-E01/negative-probes/exit-codes.csv
f5b0981175fe9bd307c7bb4e8dcb8490cfa58585d62d9c3e2f7eb03e4e875e54  ??  artifacts/rust-tauri/R03/T08-E01/verify-stage-r03-attempt1/A15/cases/background-run-completes-decoupled.json
fda5f46e011354371ff149d97818d48d3b78dca205e17e8a7b39dba1cb4013e6  ??  artifacts/rust-tauri/R03/T08-E01/verify-stage-r03-attempt1/A15/cases/background-survives-unrelated-cancel.json
92eebd1162583e5ed42a8e61a80b5c84e94753ed6562c35c930ebb65f6e23f01  ??  artifacts/rust-tauri/R03/T08-E01/verify-stage-r03-attempt1/A15/cases/cancel-live-run-accepted-terminal-cancelled.json
edc380e78d3b8f95b51f12c2bbfcb702760327da3f20bd6c9f456b5c7e0934de  ??  artifacts/rust-tauri/R03/T08-E01/verify-stage-r03-attempt1/A15/cases/cancel-terminal-run-already-terminal.json
e320e539d701e4f285fcff1a42629b28016fa5f103e77fccb5c1ddf921155742  ??  artifacts/rust-tauri/R03/T08-E01/verify-stage-r03-attempt1/A15/cases/cancel-unknown-run-not-found.json
a513a19cd5ca9bc857d2e01c9be7ec61e3e5677e7d1948db618b31fb7aba127a  ??  artifacts/rust-tauri/R03/T08-E01/verify-stage-r03-attempt1/A15/cases/cancel-waiting-approval-cancels-cleanly.json
602b436fbd1f0de778ca086853030197fe28a3fde1a5f694ebea64e4f8779c8a  ??  artifacts/rust-tauri/R03/T08-E01/verify-stage-r03-attempt1/A15/cases/combo-cancel-stream-terminal-cancelled.json
b24ff9cdbb08092492dd68815bdf3c4a6f38c8e2a42cd79c30abbfcacdfef745  ??  artifacts/rust-tauri/R03/T08-E01/verify-stage-r03-attempt1/A15/cases/combo-crash-recovery-honest-interrupted.json
d9e8dea9429b0f0c9fc86be7f31dcd96b4b227e1174dcdea6d1f00b177ec2987  ??  artifacts/rust-tauri/R03/T08-E01/verify-stage-r03-attempt1/A15/cases/combo-cross-session-both-complete.json
106bebd1aa293f120bb83f22b33de1e19ae817a4963587e2ee17be8731293349  ??  artifacts/rust-tauri/R03/T08-E01/verify-stage-r03-attempt1/A15/cases/combo-duplicate-conflict-rejected.json
eafb37ffcb4d76d45d58a64d80d9ef413064c1f979d64ba1cc2e609d147963fc  ??  artifacts/rust-tauri/R03/T08-E01/verify-stage-r03-attempt1/A15/cases/combo-duplicate-replay-no-second-run.json
346e6cb6ae16f125e4bbfdbf24d2bbcf63c92fa9642b2676fa06a78bfa1e8fdb  ??  artifacts/rust-tauri/R03/T08-E01/verify-stage-r03-attempt1/A15/cases/combo-events-subscriber-saw-terminal.json
97a0c8f8404d1c042f8f7efd240d5d5f5446103b21bcccf9c5c90461b6082043  ??  artifacts/rust-tauri/R03/T08-E01/verify-stage-r03-attempt1/A15/cases/combo-multi-tool-three-calls.json
aa936466e694a90f4087b7ae928f7c9b96ae1450073774fcb29d177dfa59c7b6  ??  artifacts/rust-tauri/R03/T08-E01/verify-stage-r03-attempt1/A15/cases/combo-multi-turn-one-terminal.json
f7bdd9e301d37d6a062e13225cfc84d7e96c1f88cd75d34e300ab00dd0fad0a0  ??  artifacts/rust-tauri/R03/T08-E01/verify-stage-r03-attempt1/A15/cases/combo-normal-run-completed.json
51d8bd26cb2f29bee74097b5ef9a36e3389a56a1c7127e86fa36d75a8106659e  ??  artifacts/rust-tauri/R03/T08-E01/verify-stage-r03-attempt1/A15/cases/combo-out-of-order-late-result-fenced.json
e18f1fcb5cc4af47da6184707fb88e0c0ed656f1fafffe8020a3001c9826c931  ??  artifacts/rust-tauri/R03/T08-E01/verify-stage-r03-attempt1/A15/cases/combo-timeout-budget-loud-failure.json
ccbc0f5c630f404851ca1c561fd5c73421ba9b217ceeff29973b263f05e30888  ??  artifacts/rust-tauri/R03/T08-E01/verify-stage-r03-attempt1/A15/cases/parent-cancel-stops-child-run.json
d72d7e1151ea38a4eeb9ad435aa66dc376039e41ff714f9f550e1f2c8934585a  ??  artifacts/rust-tauri/R03/T08-E01/verify-stage-r03-attempt1/A15/cases/reconnect-resume-no-model-restart.json
5d89ed42d309bfcfd13956b901f209eb432200e88c2ae1eea74d6eaffe625b2a  ??  artifacts/rust-tauri/R03/T08-E01/verify-stage-r03-attempt1/A15/cases/steer-busy-accepted.json
360ccd0c00f5114974f5f2967860d1c339a2e2baa808a2f5dca49f334fe0d386  ??  artifacts/rust-tauri/R03/T08-E01/verify-stage-r03-attempt1/A15/cases/steer-idle-miss.json
d00e58227225a313e612b18019d7f95a07382b0426ab7fbeb39bc4b05b740cc5  ??  artifacts/rust-tauri/R03/T08-E01/verify-stage-r03-attempt1/A15/cases/steer-text-drained-into-model-input.json
1d91fbec57470aebfedf338d49c5109fdd0216e02d720737ed53335eb06ae4c8  ??  artifacts/rust-tauri/R03/T08-E01/verify-stage-r03-attempt1/A15/cases/subagent-child-cancel-stops-child-only.json
25c6b5b26b72b0a4408db94f4f0e40b77faa84d32ccfeaffaf04e29fb20c07c9  ??  artifacts/rust-tauri/R03/T08-E01/verify-stage-r03-attempt1/A15/cases/subagent-close-thread-closed-status.json
c8d7de61de38e7dfa38ea3376602da5c50882e6d6238c3a1ff61b6ac7df04418  ??  artifacts/rust-tauri/R03/T08-E01/verify-stage-r03-attempt1/A15/cases/subagent-dispatch-child-lineage-recorded.json
dce5bbb9b54961ee64c8634f90f4f2600975918f6a2590b57b7b28dd425016bd  ??  artifacts/rust-tauri/R03/T08-E01/verify-stage-r03-attempt1/A15/cases/subagent-escalation-write-denied-zero-children.json
dcd19d358a8a5e560042eee304f1f5460d1c79ba1a64d611fb1007b830562010  ??  artifacts/rust-tauri/R03/T08-E01/verify-stage-r03-attempt1/A15/cases/subagent-policy-proactive-delegation-default-off.json
ffef3903ae224f661b415622ed9c76da5e265c01a9c15b867f429c1f6d10ef15  ??  artifacts/rust-tauri/R03/T08-E01/verify-stage-r03-attempt1/A15/cases/subagent-reply-continues-thread.json
68d15df7292608d2a400c54ab895533d8056286e5586ecb6d956e87b1b2ac4b8  ??  artifacts/rust-tauri/R03/T08-E01/verify-stage-r03-attempt1/A15/combo-counts.json
4c56fd82542a56017ef5e59d3b0c9752ede52032f31f31c24c2de458153ad296  ??  artifacts/rust-tauri/R03/T08-E01/verify-stage-r03-attempt1/A15/combos/cancel-approval-wait.json
f861ce9b1dbe64f781134bae916b9c8f2503f4ad8572e98bfc18d180a4e35e33  ??  artifacts/rust-tauri/R03/T08-E01/verify-stage-r03-attempt1/A15/combos/cancel-stream-read.json
76b74d822e65d068718af971eb29865cc4891a50d128a35b0bc955cc3b6b65a2  ??  artifacts/rust-tauri/R03/T08-E01/verify-stage-r03-attempt1/A15/combos/crash-recovery.json
ef5545b54a472c39f9b09d995f9ba2e3671618a56d4de3eb7fe4fad24d81f22b  ??  artifacts/rust-tauri/R03/T08-E01/verify-stage-r03-attempt1/A15/combos/cross-session-parallel.json
7f7fd9a6f050ba6811d5b1d7313d11473f92089a4ec0fd2335779e99b59cdaa1  ??  artifacts/rust-tauri/R03/T08-E01/verify-stage-r03-attempt1/A15/combos/duplicate-submission.json
bc33f4da54e3db7ed77d1d11272d9a0003c142210052e902a4b26b0eb263fabf  ??  artifacts/rust-tauri/R03/T08-E01/verify-stage-r03-attempt1/A15/combos/leaf-parent-cancel.json
a59635405b3569b1c0c950cb282ecf3749923b36c6b1b5e4d3d21fc3f4458102  ??  artifacts/rust-tauri/R03/T08-E01/verify-stage-r03-attempt1/A15/combos/leaf-steer.json
fd60e4ca043c4073ddf838b3f0fe918436ede45ff7765efc8f1cad42821186f4  ??  artifacts/rust-tauri/R03/T08-E01/verify-stage-r03-attempt1/A15/combos/multi-tool.json
075cad25ce0207f3b49138b8d415d0db78da1005207b2f64d282b478bffa44ae  ??  artifacts/rust-tauri/R03/T08-E01/verify-stage-r03-attempt1/A15/combos/multi-turn-model.json
f94832aef81d68346dd1b25b1ad7312d6bc141a69a616a218b640aa170fbebcb  ??  artifacts/rust-tauri/R03/T08-E01/verify-stage-r03-attempt1/A15/combos/normal.json
44f5b48c4f288ee214f7053e16857997f1fb66a6be241466141301a16c6872e7  ??  artifacts/rust-tauri/R03/T08-E01/verify-stage-r03-attempt1/A15/combos/timeout-budget.json
505ecfbac3942739846be3a188cabea9d26c9641628253767c5457bdff2ab44f  ??  artifacts/rust-tauri/R03/T08-E01/verify-stage-r03-attempt1/A15/leaf-cases.json
cfda19ea2bd03f1cfdc8f59e45095b5464996aebdc056fd8a562389412c023d4  ??  artifacts/rust-tauri/R03/T08-E01/verify-stage-r03-attempt1/A15/summary.txt
f11e1a0fb660ceba2856fa53d22d75d22db2dd1da0ce0abd640297ed91d39d18  ??  artifacts/rust-tauri/R03/T08-E01/verify-stage-r03-attempt1/FAILURE-ANALYSIS.txt
e7eab1c50538e53f1545a8efcee9bc777770c507a0f00d4f10a2493a4b3b3489  ??  artifacts/rust-tauri/R03/T08-E01/verify-stage-r03-attempt1/R02/A05_A06/.last-body
1319bbe558a1a9043433da92529bc8c24d2b6fbcabc962836a938e946e273399  ??  artifacts/rust-tauri/R03/T08-E01/verify-stage-r03-attempt1/R02/A05_A06/body-limit.txt
c0c19dff508a998f0c6e1fbf2643c2d78647cd6495bc53c57d2566877a3abc0b  ??  artifacts/rust-tauri/R03/T08-E01/verify-stage-r03-attempt1/R02/A05_A06/cli-sessions-limit-case.json
0cf8ee76701decb7d7ab438481c56bf7585cdd4cfb2f5866ad761c55fed5eb0d  ??  artifacts/rust-tauri/R03/T08-E01/verify-stage-r03-attempt1/R02/A05_A06/creds-after-authz.json
9cb217af75e5ebecfff1e7b81dda36fa6a62d07e3ddab6e60b05a7d399cf125c  ??  artifacts/rust-tauri/R03/T08-E01/verify-stage-r03-attempt1/R02/A05_A06/creds-before-authz.json
3c6f2a39f7bffd5bf016a4810f246d869b92e6c6aff15b8c3b18673b33ad829a  ??  artifacts/rust-tauri/R03/T08-E01/verify-stage-r03-attempt1/R02/A05_A06/devices-after-authz.json
1dd2604093b4260fe0dd5e6f5e66d269524401cb8fe783a36ec851d1184481f8  ??  artifacts/rust-tauri/R03/T08-E01/verify-stage-r03-attempt1/R02/A05_A06/devices-before-authz.json
e4f0521310cc148582c5a36225e00251dbddc91d5a2812c619e6e08cf4c4135d  ??  artifacts/rust-tauri/R03/T08-E01/verify-stage-r03-attempt1/R02/A05_A06/leaf-cases.json
e7d204ca85812242abeed3a7487550ab59491453538aa43f981f7438d93f1e60  ??  artifacts/rust-tauri/R03/T08-E01/verify-stage-r03-attempt1/R02/A05_A06/leaf-cases.ndjson
c6aa59bd2dd150b711fffdb4665e000828d14af5a3e0312afbbe5caaa908540f  ??  artifacts/rust-tauri/R03/T08-E01/verify-stage-r03-attempt1/R02/A05_A06/me-denied-after.sha256
c6aa59bd2dd150b711fffdb4665e000828d14af5a3e0312afbbe5caaa908540f  ??  artifacts/rust-tauri/R03/T08-E01/verify-stage-r03-attempt1/R02/A05_A06/me-denied-before.sha256
9901fa4939e8c0683cc392787126273c429530490fdebe18e68d1ad0c6fc2459  ??  artifacts/rust-tauri/R03/T08-E01/verify-stage-r03-attempt1/R02/A05_A06/sessions-list-matrix.json
ef5ddc763d9503fa57c44c19e10fb26f0c44a4bd6678f0dcb64100e643d8610e  ??  artifacts/rust-tauri/R03/T08-E01/verify-stage-r03-attempt1/R02/A05_A06/state-after-authn.txt
9b2047d9bcece73dd7d0bcacfe4f631170d5f2b619e87c9b00cd16c389c77806  ??  artifacts/rust-tauri/R03/T08-E01/verify-stage-r03-attempt1/R02/A05_A06/state-after.txt
ef5ddc763d9503fa57c44c19e10fb26f0c44a4bd6678f0dcb64100e643d8610e  ??  artifacts/rust-tauri/R03/T08-E01/verify-stage-r03-attempt1/R02/A05_A06/state-before-authz.txt
ef5ddc763d9503fa57c44c19e10fb26f0c44a4bd6678f0dcb64100e643d8610e  ??  artifacts/rust-tauri/R03/T08-E01/verify-stage-r03-attempt1/R02/A05_A06/state-before.txt
1cd270a925dd6964552e8a52df9c850fa778033ab342dded83093a5cb4b8745e  ??  artifacts/rust-tauri/R03/T08-E01/verify-stage-r03-attempt1/R02/A05_A06/summary.txt
ede3451cc2cc5d7f30b3b1421e1bb39ef170a837024507cb2e8c7323fdccb440  ??  artifacts/rust-tauri/R03/T08-E01/verify-stage-r03-attempt1/R02/A05_A06/ws-matrix.json
b5ca944f5be0e2f0ace173f74dcc639ae1a975dbfe6147825898c186942ee87c  ??  artifacts/rust-tauri/R03/T08-E01/verify-stage-r03-attempt1/R02/A07_A08/last-db-hashes.txt
e613a984930f45c73fa5aa79af6955b0ac56faa30868e1da85d84a96a180eee3  ??  artifacts/rust-tauri/R03/T08-E01/verify-stage-r03-attempt1/R02/A07_A08/s1-counts-after-stop.json
6e11d3157e36f2f24de72943cc5df97aec8475c1e95a29c6fed9cc451e41da10  ??  artifacts/rust-tauri/R03/T08-E01/verify-stage-r03-attempt1/R02/A07_A08/s2-counts-after-crash.json
0981fd61b5426bc889c2515e544a731f0b1277e516fa7d468c40fe4649f1dcef  ??  artifacts/rust-tauri/R03/T08-E01/verify-stage-r03-attempt1/R02/A07_A08/s2-runs-dump.jsonl
0abe414e8a824e8f4ca9bf88ad56094a8a0a8cc5efdee986d8340c15a8fc7aac  ??  artifacts/rust-tauri/R03/T08-E01/verify-stage-r03-attempt1/R02/A07_A08/s3-fault.err
e3b0c44298fc1c149afbf4c8996fb92427ae41e4649b934ca495991b7852b855  ??  artifacts/rust-tauri/R03/T08-E01/verify-stage-r03-attempt1/R02/A07_A08/s3-fault.out
6b63d9c293ece7bc5c089c5ef247f08a5af3435e25df6d0effe6dc57a02df374  ??  artifacts/rust-tauri/R03/T08-E01/verify-stage-r03-attempt1/R02/A07_A08/s4-hashes-after.txt
6b63d9c293ece7bc5c089c5ef247f08a5af3435e25df6d0effe6dc57a02df374  ??  artifacts/rust-tauri/R03/T08-E01/verify-stage-r03-attempt1/R02/A07_A08/s4-hashes-before.txt
ac6f445065a057cf1a5647dfb6252019ff765fc52756801486364a64259d3d64  ??  artifacts/rust-tauri/R03/T08-E01/verify-stage-r03-attempt1/R02/A07_A08/s4-migrations-round1.json
ac6f445065a057cf1a5647dfb6252019ff765fc52756801486364a64259d3d64  ??  artifacts/rust-tauri/R03/T08-E01/verify-stage-r03-attempt1/R02/A07_A08/s4-migrations-round2.json
ac6f445065a057cf1a5647dfb6252019ff765fc52756801486364a64259d3d64  ??  artifacts/rust-tauri/R03/T08-E01/verify-stage-r03-attempt1/R02/A07_A08/s4-migrations-round3.json
ae2b75e9137209f7a7a0517f5a52b0c7f10dcfb2c73418a59a9f622bb4d21ee8  ??  artifacts/rust-tauri/R03/T08-E01/verify-stage-r03-attempt1/R02/A07_A08/service-s1.err
74c773c56619f02ca7b901a23bc38d5fb6b95bec41f2768d55f33ca54e8a66a0  ??  artifacts/rust-tauri/R03/T08-E01/verify-stage-r03-attempt1/R02/A07_A08/service-s1.out
e9ae65bcb9e30c5b636abf241f5610612b4ed4a4f7c9be214493b3cc8ba94755  ??  artifacts/rust-tauri/R03/T08-E01/verify-stage-r03-attempt1/R02/A07_A08/service-s1b.err
005bd985a61c8d563efce28ba1895b49155aea6d536ab9ac9aa1e17e49498de2  ??  artifacts/rust-tauri/R03/T08-E01/verify-stage-r03-attempt1/R02/A07_A08/service-s1b.out
dcf6cda443ef35933e4174d34c51bfe3f118eddea36839152f28b04918f312b4  ??  artifacts/rust-tauri/R03/T08-E01/verify-stage-r03-attempt1/R02/A07_A08/service-s2.err
c6f1290ae06c8240333f19770fe1d975e74fe87b6fb32a0ca10c33da702e4e11  ??  artifacts/rust-tauri/R03/T08-E01/verify-stage-r03-attempt1/R02/A07_A08/service-s2.out
45da8c891a4d6ee210684840294ac7c669d2bbd6806d047e611b8d411d072011  ??  artifacts/rust-tauri/R03/T08-E01/verify-stage-r03-attempt1/R02/A07_A08/service-s2b.err
f7e3edd22d3c282ffe61ece016d4b12ee5ccd35c3374939218d00edcf559d0e6  ??  artifacts/rust-tauri/R03/T08-E01/verify-stage-r03-attempt1/R02/A07_A08/service-s2b.out
6eec93fcdf93411c491d36029344298e2a5b58d07a146a2082abc7e24c605808  ??  artifacts/rust-tauri/R03/T08-E01/verify-stage-r03-attempt1/R02/A07_A08/service-s4-1.err
00ad2bcd613fd0c1bc675a4e30cc4118f28900f10b86183b63d02fc4e2fcef1a  ??  artifacts/rust-tauri/R03/T08-E01/verify-stage-r03-attempt1/R02/A07_A08/service-s4-1.out
72af85f09e91f5f2f5c8629aedd66f3e679c46fbee8282f5223498abb15182d0  ??  artifacts/rust-tauri/R03/T08-E01/verify-stage-r03-attempt1/R02/A07_A08/service-s4-2.err
04f1acccb3fb8ca4f4e5a4edd7be87aa2875e330cad89c8a2bab92bdc83ccedf  ??  artifacts/rust-tauri/R03/T08-E01/verify-stage-r03-attempt1/R02/A07_A08/service-s4-2.out
3c75266f7305aa1ea34a9a7e46943c710b227fef70f62925cfcd4552b2d4b8c8  ??  artifacts/rust-tauri/R03/T08-E01/verify-stage-r03-attempt1/R02/A07_A08/service-s4-3.err
659a557682f6d96755d1b003f9c7fcfe580a0f698177c220dbce50fba4a69f54  ??  artifacts/rust-tauri/R03/T08-E01/verify-stage-r03-attempt1/R02/A07_A08/service-s4-3.out
fbc3bf53b583a53941e2414bab27b5b41e416e6ef33a3f336de07d932661cb44  ??  artifacts/rust-tauri/R03/T08-E01/verify-stage-r03-attempt1/R02/A07_A08/service.addr
37a04e9852a9124e2624abd365ee7fe07a82a5657b6fe25f81da73582bee4a13  ??  artifacts/rust-tauri/R03/T08-E01/verify-stage-r03-attempt1/R02/A07_A08/service.pid
0ea0a381f0aee00cd29435e419fe273f9c3bf82bf3e6a955e985efa7b1c31fcc  ??  artifacts/rust-tauri/R03/T08-E01/verify-stage-r03-attempt1/R02/A07_A08/summary.txt
a639336899def5cd37e3ee674746f722264f66dc476b9284cd1a66e2159b9ac7  ??  artifacts/rust-tauri/R03/T08-E01/verify-stage-r03-attempt1/R02/A09_A10/a09-merged-view.json
a70b08a3951edb79b3cbd53e8f17890f634df8812128b1071511084f276baea4  ??  artifacts/rust-tauri/R03/T08-E01/verify-stage-r03-attempt1/R02/A09_A10/a10-rebuild-diff.json
347186f847868c82e3a1f908970168cd16613048bdec0637fc3d26181ab17634  ??  artifacts/rust-tauri/R03/T08-E01/verify-stage-r03-attempt1/R02/A09_A10/key-events-dump.json
3fb91ae60ef6acf8571024ba69edf28fbf929152cf75694f3b9b0193f82f6820  ??  artifacts/rust-tauri/R03/T08-E01/verify-stage-r03-attempt1/R02/A09_A10/matrix.json
f51e4d55d538f043c9fe4c4cc5f1c35f703179b5135640dfcf06d632ce280dbb  ??  artifacts/rust-tauri/R03/T08-E01/verify-stage-r03-attempt1/R02/A09_A10/probe-matrix.jsonl
77d994570e90daf249bce98da5922fe2c89c3142096bd78b3cdaa73747ba8ffc  ??  artifacts/rust-tauri/R03/T08-E01/verify-stage-r03-attempt1/R02/A09_A10/service.err
a6add3f0d39d3902d4687fb755c92a9eddbb0137682e9fe59f70916604a5f709  ??  artifacts/rust-tauri/R03/T08-E01/verify-stage-r03-attempt1/R02/A09_A10/service.out
8483c218032b4a62d9aebc91678bab4e8da4ff33304dbe1efd07994db3901a4c  ??  artifacts/rust-tauri/R03/T08-E01/verify-stage-r03-attempt1/R02/A09_A10/summary.txt
dd63f79ce1a39fdef735dbb9eb292c3f8a45db77c2513d3cc7379e5dbe13749e  ??  artifacts/rust-tauri/R03/T08-E01/verify-stage-r03-attempt1/R02/A11/backup-restore/s1-backup-dir-listing.txt
aaf4799595c1b28cd5106f8ecfb30762d75dfa7faeff38b990879af2edddb8a5  ??  artifacts/rust-tauri/R03/T08-E01/verify-stage-r03-attempt1/R02/A11/backup-restore/s1-backup-outcome.json
e3b0c44298fc1c149afbf4c8996fb92427ae41e4649b934ca495991b7852b855  ??  artifacts/rust-tauri/R03/T08-E01/verify-stage-r03-attempt1/R02/A11/backup-restore/s1-backup.err
d9343a28319d799f0afe678af82240a344beb2cb932b4f2991076cf0a5cce702  ??  artifacts/rust-tauri/R03/T08-E01/verify-stage-r03-attempt1/R02/A11/backup-restore/s1-restore-outcome.json
e3b0c44298fc1c149afbf4c8996fb92427ae41e4649b934ca495991b7852b855  ??  artifacts/rust-tauri/R03/T08-E01/verify-stage-r03-attempt1/R02/A11/backup-restore/s1-restore.err
bc1ce4d8443224a68dba49199a4c9469a38e031e895d62608c8f4e19e380cf91  ??  artifacts/rust-tauri/R03/T08-E01/verify-stage-r03-attempt1/R02/A11/backup-restore/s1-restored-dump.jsonl
da428cff5b1cc8c242625281585e292459e7a98cd4f7ef058007f9cd6efdac1b  ??  artifacts/rust-tauri/R03/T08-E01/verify-stage-r03-attempt1/R02/A11/backup-restore/s1-restored-hash.txt
bc1ce4d8443224a68dba49199a4c9469a38e031e895d62608c8f4e19e380cf91  ??  artifacts/rust-tauri/R03/T08-E01/verify-stage-r03-attempt1/R02/A11/backup-restore/s1-source-dump.jsonl
83148b59c2228ef0553f1ea5fa02c4411be2cd1a07e0f4d9be4193ec529b5466  ??  artifacts/rust-tauri/R03/T08-E01/verify-stage-r03-attempt1/R02/A11/backup-restore/s1-source-hash.txt
951e1f2cedf4a978898a4f9e620777561b8381ece9faf4223f8594a201f47f74  ??  artifacts/rust-tauri/R03/T08-E01/verify-stage-r03-attempt1/R02/A11/backup-restore/s1-wal-size.txt
e3b0c44298fc1c149afbf4c8996fb92427ae41e4649b934ca495991b7852b855  ??  artifacts/rust-tauri/R03/T08-E01/verify-stage-r03-attempt1/R02/A11/backup-restore/s3-backup-out.json
9b873e979df5551b585fd949966a5ffdcea22d5fced92b0d70d93247847d7037  ??  artifacts/rust-tauri/R03/T08-E01/verify-stage-r03-attempt1/R02/A11/backup-restore/s3-backup.err
9b33c4d50a9f7a0434980244454a85ce4288c7323241cf9ff22c50e6b8f8dd85  ??  artifacts/rust-tauri/R03/T08-E01/verify-stage-r03-attempt1/R02/A11/backup-restore/s4-ws-probe.json
a4c3ed04a95a3da14a9d235c83d868bed7c0f45cf7f3faa751ee8f50598d2211  ??  artifacts/rust-tauri/R03/T08-E01/verify-stage-r03-attempt1/R02/A11/backup-restore/s4-ws-probe.json.probe-done
418cdd59b21dec8b15ce7c1b18ee3f1423440e4edc70ecba7d304a35b85142d1  ??  artifacts/rust-tauri/R03/T08-E01/verify-stage-r03-attempt1/R02/A11/backup-restore/service-s1.addr
2dc68d7bcc14fe918e164ea6a2c883eac4d0a98d6e53cc300efb5421bc75892d  ??  artifacts/rust-tauri/R03/T08-E01/verify-stage-r03-attempt1/R02/A11/backup-restore/service-s1.err
14dea79901c9a26948dff7a2ea5ddfd7bdaff954f6f0246ad013ace5abee2e6e  ??  artifacts/rust-tauri/R03/T08-E01/verify-stage-r03-attempt1/R02/A11/backup-restore/service-s1.out
a42741d1af14c30e8e3a4ac45a075cd71f4f95e89cd64d4690123bb355b02e04  ??  artifacts/rust-tauri/R03/T08-E01/verify-stage-r03-attempt1/R02/A11/backup-restore/service-s2.addr
eee96a1fe9b74c5d071f7d3889e9cecea5d48edea7413c98a4522c0af79b63ec  ??  artifacts/rust-tauri/R03/T08-E01/verify-stage-r03-attempt1/R02/A11/backup-restore/service-s2.err
8fb3126d171d249b51059c448c873d79949437b46e7489a9178cd0c64a8a77e6  ??  artifacts/rust-tauri/R03/T08-E01/verify-stage-r03-attempt1/R02/A11/backup-restore/service-s2.out
a661d6915990d8398a27a7cb606ec730cf38b4e1502835e888ff9ebf1951757d  ??  artifacts/rust-tauri/R03/T08-E01/verify-stage-r03-attempt1/R02/A11/backup-restore/service-s4.addr
a18bc54a5e98fae3e7667fc8813428999930b6057dee0b3827db8ec753854c3b  ??  artifacts/rust-tauri/R03/T08-E01/verify-stage-r03-attempt1/R02/A11/backup-restore/service-s4.err
5b38a2e9dc0c6005c51e84fd57ab92c0e51ce33ab72c83d51e6e854fd338a633  ??  artifacts/rust-tauri/R03/T08-E01/verify-stage-r03-attempt1/R02/A11/backup-restore/service-s4.out
cee1c085af7c952eb398f49680c559a1e1d0e1d4e7bb79392ea18f55e742a048  ??  artifacts/rust-tauri/R03/T08-E01/verify-stage-r03-attempt1/R02/A11/backup-restore/service.pid
a2910b627586f230c5d67d75dfd77cdff52fae4097ba84484b6b52581a2bd855  ??  artifacts/rust-tauri/R03/T08-E01/verify-stage-r03-attempt1/R02/A11/backup-restore/summary.txt
3340d7327679b24418498ca2e4565768a6723f0b9d5754ea488deb75e7bed7d8  ??  artifacts/rust-tauri/R03/T08-E01/verify-stage-r03-attempt1/R02/A12/recovery-drill/coexist-after.txt
3340d7327679b24418498ca2e4565768a6723f0b9d5754ea488deb75e7bed7d8  ??  artifacts/rust-tauri/R03/T08-E01/verify-stage-r03-attempt1/R02/A12/recovery-drill/coexist-before.txt
7d058cedc9d0cd4187599bbae8691047868c7f663b317f3c51a8b026ee88b2b4  ??  artifacts/rust-tauri/R03/T08-E01/verify-stage-r03-attempt1/R02/A12/recovery-drill/own-created-homes.txt
4d7d02698760084334944883286d8a456a3da2fb342c587cade3720f0915a0cb  ??  artifacts/rust-tauri/R03/T08-E01/verify-stage-r03-attempt1/R02/A12/recovery-drill/summary.txt
7b2f675d535131e9ee3b95eb996b520af42000b1efea572dc62eff72fd758a84  ??  artifacts/rust-tauri/R03/T08-E01/verify-stage-r03-attempt1/R02/A12/recovery-drill/v1-hashes-after.txt
7b2f675d535131e9ee3b95eb996b520af42000b1efea572dc62eff72fd758a84  ??  artifacts/rust-tauri/R03/T08-E01/verify-stage-r03-attempt1/R02/A12/recovery-drill/v1-hashes-before.txt
933d8a365c17babfb11ae456c5d3b59f2af2e2df8094c87ed648bb98c4bc4c7d  ??  artifacts/rust-tauri/R03/T08-E01/verify-stage-r03-attempt1/R02/A12/recovery-drill/v1.err
e3b0c44298fc1c149afbf4c8996fb92427ae41e4649b934ca495991b7852b855  ??  artifacts/rust-tauri/R03/T08-E01/verify-stage-r03-attempt1/R02/A12/recovery-drill/v1.out
fcb269f1fc43e20619871bab0f6e464d30773313e55b17f725fc62249ab521be  ??  artifacts/rust-tauri/R03/T08-E01/verify-stage-r03-attempt1/R02/A12/recovery-drill/v2-hashes-after.txt
fcb269f1fc43e20619871bab0f6e464d30773313e55b17f725fc62249ab521be  ??  artifacts/rust-tauri/R03/T08-E01/verify-stage-r03-attempt1/R02/A12/recovery-drill/v2-hashes-before.txt
5a93611be4c09bb04c60481d2a06c9350b79cee4c1216e47746958ce0a300e43  ??  artifacts/rust-tauri/R03/T08-E01/verify-stage-r03-attempt1/R02/A12/recovery-drill/v2.err
e3b0c44298fc1c149afbf4c8996fb92427ae41e4649b934ca495991b7852b855  ??  artifacts/rust-tauri/R03/T08-E01/verify-stage-r03-attempt1/R02/A12/recovery-drill/v2.out
a33ffd69acb495d9a221778bb2317e4cef00e4d752d794b9c1267890666ec43d  ??  artifacts/rust-tauri/R03/T08-E01/verify-stage-r03-attempt1/R02/A12/recovery-drill/v3-hashes-after.txt
a33ffd69acb495d9a221778bb2317e4cef00e4d752d794b9c1267890666ec43d  ??  artifacts/rust-tauri/R03/T08-E01/verify-stage-r03-attempt1/R02/A12/recovery-drill/v3-hashes-before.txt
077ee08814037d049366380b8b901c1e0c2df4e89a917e527cf3c272d6ba80e8  ??  artifacts/rust-tauri/R03/T08-E01/verify-stage-r03-attempt1/R02/A12/recovery-drill/v3.err
e3b0c44298fc1c149afbf4c8996fb92427ae41e4649b934ca495991b7852b855  ??  artifacts/rust-tauri/R03/T08-E01/verify-stage-r03-attempt1/R02/A12/recovery-drill/v3.out
e7d89ae23fe1120ffb5310ff689cc2bd56f3151040d3ac0d8da1dae41dfa2322  ??  artifacts/rust-tauri/R03/T08-E01/verify-stage-r03-attempt1/R02/A12/recovery-drill/v4.err
7deaf679e2b95285a5aef5686d441604abb956ab35f3b422ce500776b4e6406c  ??  artifacts/rust-tauri/R03/T08-E01/verify-stage-r03-attempt1/R02/A12/recovery-drill/v4.out
e97e745876eff0a9ecad0db4b32da3346ca34446d75ad0fdc432b113d340e68e  ??  artifacts/rust-tauri/R03/T08-E01/verify-stage-r03-attempt1/R02/A12/recovery-drill/v5-hashes-after.txt
e97e745876eff0a9ecad0db4b32da3346ca34446d75ad0fdc432b113d340e68e  ??  artifacts/rust-tauri/R03/T08-E01/verify-stage-r03-attempt1/R02/A12/recovery-drill/v5-hashes-before.txt
fbe04c6776d889b4b1d4c10629758d65d7b7df996877d7c238bdb96db3df20d5  ??  artifacts/rust-tauri/R03/T08-E01/verify-stage-r03-attempt1/R02/A12/recovery-drill/v5.err
e3b0c44298fc1c149afbf4c8996fb92427ae41e4649b934ca495991b7852b855  ??  artifacts/rust-tauri/R03/T08-E01/verify-stage-r03-attempt1/R02/A12/recovery-drill/v5.out
3be91387e397850f14e3910c46a1ff0a498381d878145fcba0d6b095977aed9c  ??  artifacts/rust-tauri/R03/T08-E01/verify-stage-r03-attempt1/R02/A12/recovery-drill/v6-recovered-dump.jsonl
27badc983df1780b60c2b3fa9d3a19a00e46aac798451f0febdca52920faaddf  ??  artifacts/rust-tauri/R03/T08-E01/verify-stage-r03-attempt1/R02/A12/recovery-drill/v6-seed-execute.txt
0333e095f39989202a46e0b8b43e40c0db722c880f8faec26bfe91e721755434  ??  artifacts/rust-tauri/R03/T08-E01/verify-stage-r03-attempt1/R02/A12/recovery-drill/v6-seed.err
8959c3eb8edc6f04452c1c6b8b406a2df58563fa8090e233606fb54420b4ac7c  ??  artifacts/rust-tauri/R03/T08-E01/verify-stage-r03-attempt1/R02/A12/recovery-drill/v6-seed.out
979657413d8f7581eb7dabd19f2d53c50f5981800abdc108ea93eeb5d7cffb0d  ??  artifacts/rust-tauri/R03/T08-E01/verify-stage-r03-attempt1/R02/A12/recovery-drill/v6.err
f041495d36e3620f58d5b2165e902f9a63b9c1a6a101fd6572fdbe20ef1c89d1  ??  artifacts/rust-tauri/R03/T08-E01/verify-stage-r03-attempt1/R02/A12/recovery-drill/v6.out
a0183a4eab9d1575ae1cfc82330823dc04ce54d6db3bd4738ab9529ff02de4d1  ??  artifacts/rust-tauri/R03/T08-E01/verify-stage-r03-attempt1/R02/A12/recovery-drill/v7-hashes-after.txt
a0183a4eab9d1575ae1cfc82330823dc04ce54d6db3bd4738ab9529ff02de4d1  ??  artifacts/rust-tauri/R03/T08-E01/verify-stage-r03-attempt1/R02/A12/recovery-drill/v7-hashes-before.txt
3ec3b14637d94f0186dc3874190dbc220c291d00d7d0132c658c41932638637d  ??  artifacts/rust-tauri/R03/T08-E01/verify-stage-r03-attempt1/R02/A12/recovery-drill/v7-seed.err
dda86c5432e5ac8e07606d5e38b0f64a4c1bedf5c8f130a25c85d7720bdd274b  ??  artifacts/rust-tauri/R03/T08-E01/verify-stage-r03-attempt1/R02/A12/recovery-drill/v7-seed.out
9acbbf3bb730a216d5d4a329c1df557ff5403fdbbfc0ac68384a2670c263eb13  ??  artifacts/rust-tauri/R03/T08-E01/verify-stage-r03-attempt1/R02/A12/recovery-drill/v7.err
e3b0c44298fc1c149afbf4c8996fb92427ae41e4649b934ca495991b7852b855  ??  artifacts/rust-tauri/R03/T08-E01/verify-stage-r03-attempt1/R02/A12/recovery-drill/v7.out
8fe2e7add4104d85fa810d92fd955a76ce4acac22cdfcc274f2a7c32a01fc768  ??  artifacts/rust-tauri/R03/T08-E01/verify-stage-r03-attempt1/R02/A12/recovery-drill/v8-observed.err
669b7b02805860607023726a6587b08053fa7ff17f8ae1630cbcb860deaa80da  ??  artifacts/rust-tauri/R03/T08-E01/verify-stage-r03-attempt1/R02/A12/recovery-drill/v8-seed.err
5e84e672ea159ea9302874781870cbef8a0d5b7555767b4e07146e1a344f29ac  ??  artifacts/rust-tauri/R03/T08-E01/verify-stage-r03-attempt1/R02/A12/recovery-drill/v8-seed.out
8fe2e7add4104d85fa810d92fd955a76ce4acac22cdfcc274f2a7c32a01fc768  ??  artifacts/rust-tauri/R03/T08-E01/verify-stage-r03-attempt1/R02/A12/recovery-drill/v8.err
7552968f54f38836e104681e76e99fb0a88e69e9dd35f38fcbb56a2a53a43104  ??  artifacts/rust-tauri/R03/T08-E01/verify-stage-r03-attempt1/R02/A12/recovery-drill/v8.out
9677397d1665e652cbc43ddbb955dd04e88946f4003b17c8d2e188cee859de95  ??  artifacts/rust-tauri/R03/T08-E01/verify-stage-r03-attempt1/R02/A15/full-chain/pre-restart-head.json
e3b0c44298fc1c149afbf4c8996fb92427ae41e4649b934ca495991b7852b855  ??  artifacts/rust-tauri/R03/T08-E01/verify-stage-r03-attempt1/R02/A15/full-chain/probe1.err
51a236aa4bd2ec7abd216b8f00bad6013bd0f249530efa6790e88f2b65b6136e  ??  artifacts/rust-tauri/R03/T08-E01/verify-stage-r03-attempt1/R02/A15/full-chain/probe1.pass-lines
e3b0c44298fc1c149afbf4c8996fb92427ae41e4649b934ca495991b7852b855  ??  artifacts/rust-tauri/R03/T08-E01/verify-stage-r03-attempt1/R02/A15/full-chain/probe2.err
28a411dc95be7e6596d2954fdbecf8eb034d9f8dc1248ab1d111c07c1c218b89  ??  artifacts/rust-tauri/R03/T08-E01/verify-stage-r03-attempt1/R02/A15/full-chain/probe2.pass-lines
6505c22204a8655461b1815b94c8ac336ae12c0cdfe69649b48f0420dbdaaa50  ??  artifacts/rust-tauri/R03/T08-E01/verify-stage-r03-attempt1/R02/A15/full-chain/service1.err
418f670b6e14ab357cc82b12936c3af873757da30bd25396d9d6887baf04b428  ??  artifacts/rust-tauri/R03/T08-E01/verify-stage-r03-attempt1/R02/A15/full-chain/service1.out
a3231aa1ed3d31503c96239fb25e381f86b47f80bed076f05da9c1538d1f1dd5  ??  artifacts/rust-tauri/R03/T08-E01/verify-stage-r03-attempt1/R02/A15/full-chain/service2.err
f88ececc21791fc9cb0c176f1b4970a8e11171977be7f46f155a16c4b00d7337  ??  artifacts/rust-tauri/R03/T08-E01/verify-stage-r03-attempt1/R02/A15/full-chain/service2.out
f01ef2534642a36b3237bbf92daa98f7981be30d31f699c39d63ab2fa4429f1b  ??  artifacts/rust-tauri/R03/T08-E01/verify-stage-r03-attempt1/R02/A15/full-chain/summary.txt
523ab963a6589a5728516dedfd166d3bb33ca94dad0fc96ba72028e6cc17b218  ??  artifacts/rust-tauri/R03/T08-E01/verify-stage-r03-attempt1/R02/A16/legacy-entry/e0-base-purity.txt
a03e5243541b8b56cd83feca14d4945244395a19b4e160ed286551acfe87dc72  ??  artifacts/rust-tauri/R03/T08-E01/verify-stage-r03-attempt1/R02/A16/legacy-entry/e0-candidate-binding.tsv
da91d4acdfdbb12ac0094856ead28db2826b3efcaa77355e984d926ba0cfdfd6  ??  artifacts/rust-tauri/R03/T08-E01/verify-stage-r03-attempt1/R02/A16/legacy-entry/e0-candidate-dirty.diff
ad8d624f2044c76ffa55f1dc2717979975b47022156d1c8d550224b14417fb56  ??  artifacts/rust-tauri/R03/T08-E01/verify-stage-r03-attempt1/R02/A16/legacy-entry/e0-candidate-dirty.txt
dafecdaa505ce47155b8f0b1a6b9d326f65e6e84a229add0428c0fb851a0e505  ??  artifacts/rust-tauri/R03/T08-E01/verify-stage-r03-attempt1/R02/A16/legacy-entry/e1-binding-surface-intersect.txt
e478b5019f8dc054385b670fc46863aacb8ae7bb2c6af54b195ae23a7474e9a3  ??  artifacts/rust-tauri/R03/T08-E01/verify-stage-r03-attempt1/R02/A16/legacy-entry/e1-default-entry-assertions.txt
c290e5efd31bc081acd023ea447b5df27ff4ba8703d5be4e3a02c9b69f0782f8  ??  artifacts/rust-tauri/R03/T08-E01/verify-stage-r03-attempt1/R02/A16/legacy-entry/e1-surface-diff-files.txt
a6336e88a861d5d65bf8332c6e104672fbecde11272907b15e2847bc36cfc7b2  ??  artifacts/rust-tauri/R03/T08-E01/verify-stage-r03-attempt1/R02/A16/legacy-entry/e5-allowed-reds.txt
e3b0c44298fc1c149afbf4c8996fb92427ae41e4649b934ca495991b7852b855  ??  artifacts/rust-tauri/R03/T08-E01/verify-stage-r03-attempt1/R02/A16/legacy-entry/e5-base-blocks.txt
e3b0c44298fc1c149afbf4c8996fb92427ae41e4649b934ca495991b7852b855  ??  artifacts/rust-tauri/R03/T08-E01/verify-stage-r03-attempt1/R02/A16/legacy-entry/e5-base-cause-classes.txt
e3b0c44298fc1c149afbf4c8996fb92427ae41e4649b934ca495991b7852b855  ??  artifacts/rust-tauri/R03/T08-E01/verify-stage-r03-attempt1/R02/A16/legacy-entry/e5-base-causes.txt
e3b0c44298fc1c149afbf4c8996fb92427ae41e4649b934ca495991b7852b855  ??  artifacts/rust-tauri/R03/T08-E01/verify-stage-r03-attempt1/R02/A16/legacy-entry/e5-base-failed-files.txt
67749fc3fa359c2ae0f4b7ee1918ea2c03b0dff7946ecaae0b3dce5d04bde997  ??  artifacts/rust-tauri/R03/T08-E01/verify-stage-r03-attempt1/R02/A16/legacy-entry/e5-base-summary-counts.txt
48282719cbd54640bf5f9a513ad938fe9767dbd338a02ec46a0f1edece424dc3  ??  artifacts/rust-tauri/R03/T08-E01/verify-stage-r03-attempt1/R02/A16/legacy-entry/e5-candidate-blocks.txt
c23b963a9bdb747027827dbd4656f441901b5d21cd34bfcd69bacf7703fa8cd8  ??  artifacts/rust-tauri/R03/T08-E01/verify-stage-r03-attempt1/R02/A16/legacy-entry/e5-candidate-cause-classes.txt
ea2b826bf489757713685476b88d19708b1ebef9bc1783b6c57a83388326686e  ??  artifacts/rust-tauri/R03/T08-E01/verify-stage-r03-attempt1/R02/A16/legacy-entry/e5-candidate-causes.txt
a6336e88a861d5d65bf8332c6e104672fbecde11272907b15e2847bc36cfc7b2  ??  artifacts/rust-tauri/R03/T08-E01/verify-stage-r03-attempt1/R02/A16/legacy-entry/e5-candidate-failed-files.txt
1e19d70bf42c53c2cb113717c45dd8f4ab52c9590f414525461a01f922e62b67  ??  artifacts/rust-tauri/R03/T08-E01/verify-stage-r03-attempt1/R02/A16/legacy-entry/e5-candidate-summary-counts.txt
f0289aaf3c4e4c687e25134df576fd06a36a89fa914dd7929a7acd358973dc3d  ??  artifacts/rust-tauri/R03/T08-E01/verify-stage-r03-attempt1/R02/A16/legacy-entry/e5-candidate-vitest-summary.txt
65a8e4d55d1d7b3d0f11e06928569acf896fdaa4c01cf07c3eb17427b16c603a  ??  artifacts/rust-tauri/R03/T08-E01/verify-stage-r03-attempt1/R02/A16/legacy-entry/e5-cause-classes.txt
a6336e88a861d5d65bf8332c6e104672fbecde11272907b15e2847bc36cfc7b2  ??  artifacts/rust-tauri/R03/T08-E01/verify-stage-r03-attempt1/R02/A16/legacy-entry/e5-new-since-base.txt
a6336e88a861d5d65bf8332c6e104672fbecde11272907b15e2847bc36cfc7b2  ??  artifacts/rust-tauri/R03/T08-E01/verify-stage-r03-attempt1/R02/A16/legacy-entry/e5-registered-preexisting-family.txt
a6336e88a861d5d65bf8332c6e104672fbecde11272907b15e2847bc36cfc7b2  ??  artifacts/rust-tauri/R03/T08-E01/verify-stage-r03-attempt1/R02/A16/legacy-entry/e5-seal-family.txt
ea25838fde6193878e30b256d52cd8464cb9fc5c40e32a820a6140687cf0d7ff  ??  artifacts/rust-tauri/R03/T08-E01/verify-stage-r03-attempt1/R02/A16/legacy-entry/summary.txt
d85ce34c2b132594075c65d49ae671288bb516f838fc40e16177ff011a0b5673  ??  artifacts/rust-tauri/R03/T08-E01/verify-stage-r03-attempt1/candidate-source-after.json
8e2afe786ce675a62acf1896135e92eaa8df02be452c970e5d6a74624eb7f382  ??  artifacts/rust-tauri/R03/T08-E01/verify-stage-r03-attempt1/candidate-source-before.json
cdc09a45ac99ac309b5a7708f7d44a5b825a3b4f6366c9d59a7b5d6c7d430060  ??  artifacts/rust-tauri/R03/T08-E01/verify-stage-r03-attempt1/verify-stage-result.json
f5b0981175fe9bd307c7bb4e8dcb8490cfa58585d62d9c3e2f7eb03e4e875e54  ??  artifacts/rust-tauri/R03/T08-E01/verify-stage-r03/A15/cases/background-run-completes-decoupled.json
fda5f46e011354371ff149d97818d48d3b78dca205e17e8a7b39dba1cb4013e6  ??  artifacts/rust-tauri/R03/T08-E01/verify-stage-r03/A15/cases/background-survives-unrelated-cancel.json
92eebd1162583e5ed42a8e61a80b5c84e94753ed6562c35c930ebb65f6e23f01  ??  artifacts/rust-tauri/R03/T08-E01/verify-stage-r03/A15/cases/cancel-live-run-accepted-terminal-cancelled.json
edc380e78d3b8f95b51f12c2bbfcb702760327da3f20bd6c9f456b5c7e0934de  ??  artifacts/rust-tauri/R03/T08-E01/verify-stage-r03/A15/cases/cancel-terminal-run-already-terminal.json
e320e539d701e4f285fcff1a42629b28016fa5f103e77fccb5c1ddf921155742  ??  artifacts/rust-tauri/R03/T08-E01/verify-stage-r03/A15/cases/cancel-unknown-run-not-found.json
a513a19cd5ca9bc857d2e01c9be7ec61e3e5677e7d1948db618b31fb7aba127a  ??  artifacts/rust-tauri/R03/T08-E01/verify-stage-r03/A15/cases/cancel-waiting-approval-cancels-cleanly.json
602b436fbd1f0de778ca086853030197fe28a3fde1a5f694ebea64e4f8779c8a  ??  artifacts/rust-tauri/R03/T08-E01/verify-stage-r03/A15/cases/combo-cancel-stream-terminal-cancelled.json
b24ff9cdbb08092492dd68815bdf3c4a6f38c8e2a42cd79c30abbfcacdfef745  ??  artifacts/rust-tauri/R03/T08-E01/verify-stage-r03/A15/cases/combo-crash-recovery-honest-interrupted.json
d9e8dea9429b0f0c9fc86be7f31dcd96b4b227e1174dcdea6d1f00b177ec2987  ??  artifacts/rust-tauri/R03/T08-E01/verify-stage-r03/A15/cases/combo-cross-session-both-complete.json
106bebd1aa293f120bb83f22b33de1e19ae817a4963587e2ee17be8731293349  ??  artifacts/rust-tauri/R03/T08-E01/verify-stage-r03/A15/cases/combo-duplicate-conflict-rejected.json
eafb37ffcb4d76d45d58a64d80d9ef413064c1f979d64ba1cc2e609d147963fc  ??  artifacts/rust-tauri/R03/T08-E01/verify-stage-r03/A15/cases/combo-duplicate-replay-no-second-run.json
346e6cb6ae16f125e4bbfdbf24d2bbcf63c92fa9642b2676fa06a78bfa1e8fdb  ??  artifacts/rust-tauri/R03/T08-E01/verify-stage-r03/A15/cases/combo-events-subscriber-saw-terminal.json
97a0c8f8404d1c042f8f7efd240d5d5f5446103b21bcccf9c5c90461b6082043  ??  artifacts/rust-tauri/R03/T08-E01/verify-stage-r03/A15/cases/combo-multi-tool-three-calls.json
aa936466e694a90f4087b7ae928f7c9b96ae1450073774fcb29d177dfa59c7b6  ??  artifacts/rust-tauri/R03/T08-E01/verify-stage-r03/A15/cases/combo-multi-turn-one-terminal.json
f7bdd9e301d37d6a062e13225cfc84d7e96c1f88cd75d34e300ab00dd0fad0a0  ??  artifacts/rust-tauri/R03/T08-E01/verify-stage-r03/A15/cases/combo-normal-run-completed.json
51d8bd26cb2f29bee74097b5ef9a36e3389a56a1c7127e86fa36d75a8106659e  ??  artifacts/rust-tauri/R03/T08-E01/verify-stage-r03/A15/cases/combo-out-of-order-late-result-fenced.json
e18f1fcb5cc4af47da6184707fb88e0c0ed656f1fafffe8020a3001c9826c931  ??  artifacts/rust-tauri/R03/T08-E01/verify-stage-r03/A15/cases/combo-timeout-budget-loud-failure.json
ccbc0f5c630f404851ca1c561fd5c73421ba9b217ceeff29973b263f05e30888  ??  artifacts/rust-tauri/R03/T08-E01/verify-stage-r03/A15/cases/parent-cancel-stops-child-run.json
d72d7e1151ea38a4eeb9ad435aa66dc376039e41ff714f9f550e1f2c8934585a  ??  artifacts/rust-tauri/R03/T08-E01/verify-stage-r03/A15/cases/reconnect-resume-no-model-restart.json
5d89ed42d309bfcfd13956b901f209eb432200e88c2ae1eea74d6eaffe625b2a  ??  artifacts/rust-tauri/R03/T08-E01/verify-stage-r03/A15/cases/steer-busy-accepted.json
360ccd0c00f5114974f5f2967860d1c339a2e2baa808a2f5dca49f334fe0d386  ??  artifacts/rust-tauri/R03/T08-E01/verify-stage-r03/A15/cases/steer-idle-miss.json
d00e58227225a313e612b18019d7f95a07382b0426ab7fbeb39bc4b05b740cc5  ??  artifacts/rust-tauri/R03/T08-E01/verify-stage-r03/A15/cases/steer-text-drained-into-model-input.json
1d91fbec57470aebfedf338d49c5109fdd0216e02d720737ed53335eb06ae4c8  ??  artifacts/rust-tauri/R03/T08-E01/verify-stage-r03/A15/cases/subagent-child-cancel-stops-child-only.json
25c6b5b26b72b0a4408db94f4f0e40b77faa84d32ccfeaffaf04e29fb20c07c9  ??  artifacts/rust-tauri/R03/T08-E01/verify-stage-r03/A15/cases/subagent-close-thread-closed-status.json
c8d7de61de38e7dfa38ea3376602da5c50882e6d6238c3a1ff61b6ac7df04418  ??  artifacts/rust-tauri/R03/T08-E01/verify-stage-r03/A15/cases/subagent-dispatch-child-lineage-recorded.json
dce5bbb9b54961ee64c8634f90f4f2600975918f6a2590b57b7b28dd425016bd  ??  artifacts/rust-tauri/R03/T08-E01/verify-stage-r03/A15/cases/subagent-escalation-write-denied-zero-children.json
dcd19d358a8a5e560042eee304f1f5460d1c79ba1a64d611fb1007b830562010  ??  artifacts/rust-tauri/R03/T08-E01/verify-stage-r03/A15/cases/subagent-policy-proactive-delegation-default-off.json
ffef3903ae224f661b415622ed9c76da5e265c01a9c15b867f429c1f6d10ef15  ??  artifacts/rust-tauri/R03/T08-E01/verify-stage-r03/A15/cases/subagent-reply-continues-thread.json
68d15df7292608d2a400c54ab895533d8056286e5586ecb6d956e87b1b2ac4b8  ??  artifacts/rust-tauri/R03/T08-E01/verify-stage-r03/A15/combo-counts.json
4c56fd82542a56017ef5e59d3b0c9752ede52032f31f31c24c2de458153ad296  ??  artifacts/rust-tauri/R03/T08-E01/verify-stage-r03/A15/combos/cancel-approval-wait.json
f861ce9b1dbe64f781134bae916b9c8f2503f4ad8572e98bfc18d180a4e35e33  ??  artifacts/rust-tauri/R03/T08-E01/verify-stage-r03/A15/combos/cancel-stream-read.json
76b74d822e65d068718af971eb29865cc4891a50d128a35b0bc955cc3b6b65a2  ??  artifacts/rust-tauri/R03/T08-E01/verify-stage-r03/A15/combos/crash-recovery.json
ef5545b54a472c39f9b09d995f9ba2e3671618a56d4de3eb7fe4fad24d81f22b  ??  artifacts/rust-tauri/R03/T08-E01/verify-stage-r03/A15/combos/cross-session-parallel.json
7f7fd9a6f050ba6811d5b1d7313d11473f92089a4ec0fd2335779e99b59cdaa1  ??  artifacts/rust-tauri/R03/T08-E01/verify-stage-r03/A15/combos/duplicate-submission.json
bc33f4da54e3db7ed77d1d11272d9a0003c142210052e902a4b26b0eb263fabf  ??  artifacts/rust-tauri/R03/T08-E01/verify-stage-r03/A15/combos/leaf-parent-cancel.json
a59635405b3569b1c0c950cb282ecf3749923b36c6b1b5e4d3d21fc3f4458102  ??  artifacts/rust-tauri/R03/T08-E01/verify-stage-r03/A15/combos/leaf-steer.json
fd60e4ca043c4073ddf838b3f0fe918436ede45ff7765efc8f1cad42821186f4  ??  artifacts/rust-tauri/R03/T08-E01/verify-stage-r03/A15/combos/multi-tool.json
075cad25ce0207f3b49138b8d415d0db78da1005207b2f64d282b478bffa44ae  ??  artifacts/rust-tauri/R03/T08-E01/verify-stage-r03/A15/combos/multi-turn-model.json
f94832aef81d68346dd1b25b1ad7312d6bc141a69a616a218b640aa170fbebcb  ??  artifacts/rust-tauri/R03/T08-E01/verify-stage-r03/A15/combos/normal.json
44f5b48c4f288ee214f7053e16857997f1fb66a6be241466141301a16c6872e7  ??  artifacts/rust-tauri/R03/T08-E01/verify-stage-r03/A15/combos/timeout-budget.json
505ecfbac3942739846be3a188cabea9d26c9641628253767c5457bdff2ab44f  ??  artifacts/rust-tauri/R03/T08-E01/verify-stage-r03/A15/leaf-cases.json
cfda19ea2bd03f1cfdc8f59e45095b5464996aebdc056fd8a562389412c023d4  ??  artifacts/rust-tauri/R03/T08-E01/verify-stage-r03/A15/summary.txt
02a1ee67ac44b6384b811b58906b9e365aa27584f77a659856a56e5d52a7d292  ??  artifacts/rust-tauri/R03/T08-E01/verify-stage-r03/R02/A05_A06/.last-body
1319bbe558a1a9043433da92529bc8c24d2b6fbcabc962836a938e946e273399  ??  artifacts/rust-tauri/R03/T08-E01/verify-stage-r03/R02/A05_A06/body-limit.txt
c0c19dff508a998f0c6e1fbf2643c2d78647cd6495bc53c57d2566877a3abc0b  ??  artifacts/rust-tauri/R03/T08-E01/verify-stage-r03/R02/A05_A06/cli-sessions-limit-case.json
a5fbdf0fc69a44cd29d36fafddb7d0f350242cc4049dfaac0d354642f19336f9  ??  artifacts/rust-tauri/R03/T08-E01/verify-stage-r03/R02/A05_A06/creds-after-authz.json
b822e0467288d1fc0bded9f488433ec1110cd3fb2eacffba39fdbfde7bd475e9  ??  artifacts/rust-tauri/R03/T08-E01/verify-stage-r03/R02/A05_A06/creds-before-authz.json
55e4e09aa5b10273010d3b19473aa7d7b7119f8dcadb3238e433b5b795901fc4  ??  artifacts/rust-tauri/R03/T08-E01/verify-stage-r03/R02/A05_A06/devices-after-authz.json
6b06569b46d88f74b191220d93c647fae613ba3c09f262977cc8ff90d96ddf6b  ??  artifacts/rust-tauri/R03/T08-E01/verify-stage-r03/R02/A05_A06/devices-before-authz.json
76834bc529d11787b939aabc0ac10fdbd13486f8887af6612130e39f6645cbf8  ??  artifacts/rust-tauri/R03/T08-E01/verify-stage-r03/R02/A05_A06/leaf-cases.json
66b54b2d9ced8ffe5939e382018137eeff2e274d2cdc5ba973da86ce2f5c98b3  ??  artifacts/rust-tauri/R03/T08-E01/verify-stage-r03/R02/A05_A06/leaf-cases.ndjson
4eabc831624aa991fa452fae0491d7733b2fdc0729b1d8f518d7c1c009446164  ??  artifacts/rust-tauri/R03/T08-E01/verify-stage-r03/R02/A05_A06/me-denied-after.sha256
4eabc831624aa991fa452fae0491d7733b2fdc0729b1d8f518d7c1c009446164  ??  artifacts/rust-tauri/R03/T08-E01/verify-stage-r03/R02/A05_A06/me-denied-before.sha256
9901fa4939e8c0683cc392787126273c429530490fdebe18e68d1ad0c6fc2459  ??  artifacts/rust-tauri/R03/T08-E01/verify-stage-r03/R02/A05_A06/sessions-list-matrix.json
8f62bf533dcf63c9e7363e9264b974b02388fc8e537bdd768b9447b937e7de3b  ??  artifacts/rust-tauri/R03/T08-E01/verify-stage-r03/R02/A05_A06/state-after-authn.txt
7f2a53cded95c0cccf9aa29da3ec3e5d784fe8eff1c4e994239a3d9d957315e7  ??  artifacts/rust-tauri/R03/T08-E01/verify-stage-r03/R02/A05_A06/state-after.txt
8f62bf533dcf63c9e7363e9264b974b02388fc8e537bdd768b9447b937e7de3b  ??  artifacts/rust-tauri/R03/T08-E01/verify-stage-r03/R02/A05_A06/state-before-authz.txt
8f62bf533dcf63c9e7363e9264b974b02388fc8e537bdd768b9447b937e7de3b  ??  artifacts/rust-tauri/R03/T08-E01/verify-stage-r03/R02/A05_A06/state-before.txt
01ec136ee833923535ff70d32f67b4e8858acf4ab02efaf0dfd22f9f090df9f8  ??  artifacts/rust-tauri/R03/T08-E01/verify-stage-r03/R02/A05_A06/summary.txt
d19a8c75787868804f27ef7d262c4194e4d38e733017ba17c1e8dece60cb223d  ??  artifacts/rust-tauri/R03/T08-E01/verify-stage-r03/R02/A05_A06/ws-matrix.json
d444faeb221b1d9103047dc04ef2afd1c9907b29a0dd114709f2c4ee356ea4dd  ??  artifacts/rust-tauri/R03/T08-E01/verify-stage-r03/R02/A07_A08/last-db-hashes.txt
e613a984930f45c73fa5aa79af6955b0ac56faa30868e1da85d84a96a180eee3  ??  artifacts/rust-tauri/R03/T08-E01/verify-stage-r03/R02/A07_A08/s1-counts-after-stop.json
6e11d3157e36f2f24de72943cc5df97aec8475c1e95a29c6fed9cc451e41da10  ??  artifacts/rust-tauri/R03/T08-E01/verify-stage-r03/R02/A07_A08/s2-counts-after-crash.json
2b7ca60d37d4427acad64fbea4af9bc17787c1ccd7456ade972a1c56972e45de  ??  artifacts/rust-tauri/R03/T08-E01/verify-stage-r03/R02/A07_A08/s2-runs-dump.jsonl
f0aade0b672156980f61925e18ea90a2bf1a337c908a94386a3c5f00fa235090  ??  artifacts/rust-tauri/R03/T08-E01/verify-stage-r03/R02/A07_A08/s3-fault.err
e3b0c44298fc1c149afbf4c8996fb92427ae41e4649b934ca495991b7852b855  ??  artifacts/rust-tauri/R03/T08-E01/verify-stage-r03/R02/A07_A08/s3-fault.out
ad25acb1ed2b66115b3a1bc1794a10de00660b9f3720152a703c99fc0ff9873b  ??  artifacts/rust-tauri/R03/T08-E01/verify-stage-r03/R02/A07_A08/s4-hashes-after.txt
ad25acb1ed2b66115b3a1bc1794a10de00660b9f3720152a703c99fc0ff9873b  ??  artifacts/rust-tauri/R03/T08-E01/verify-stage-r03/R02/A07_A08/s4-hashes-before.txt
cbf7918e86a7fc874ccebd5066dae55ea6797e180fe3b59bb6c13531723fc811  ??  artifacts/rust-tauri/R03/T08-E01/verify-stage-r03/R02/A07_A08/s4-migrations-round1.json
cbf7918e86a7fc874ccebd5066dae55ea6797e180fe3b59bb6c13531723fc811  ??  artifacts/rust-tauri/R03/T08-E01/verify-stage-r03/R02/A07_A08/s4-migrations-round2.json
cbf7918e86a7fc874ccebd5066dae55ea6797e180fe3b59bb6c13531723fc811  ??  artifacts/rust-tauri/R03/T08-E01/verify-stage-r03/R02/A07_A08/s4-migrations-round3.json
820adaf9f675ba569d94f183e3e98a648f46aafa3938e04fd7e53d3f627eee9a  ??  artifacts/rust-tauri/R03/T08-E01/verify-stage-r03/R02/A07_A08/service-s1.err
457a35fd05b579bc1507c3422d38cb7fc5c5a3c0e7dd5b7488ad3c7689edbb4b  ??  artifacts/rust-tauri/R03/T08-E01/verify-stage-r03/R02/A07_A08/service-s1.out
c452b5f0b2e329354852a75b2b07a8e702eae188b638753f467cb6d029d77d10  ??  artifacts/rust-tauri/R03/T08-E01/verify-stage-r03/R02/A07_A08/service-s1b.err
f4b5153f7dae9f8d5617f690886bdd8c94aca734f2ee8fd42aaacc566f9bd070  ??  artifacts/rust-tauri/R03/T08-E01/verify-stage-r03/R02/A07_A08/service-s1b.out
6e6f08071f4ff88050202d56c7cffb71ab5af7339c0e96f6032ce8f6480dcdef  ??  artifacts/rust-tauri/R03/T08-E01/verify-stage-r03/R02/A07_A08/service-s2.err
ac707ad86579c852774422aaf6cb4c840d3ab2ddf47035f595b96be190f896d7  ??  artifacts/rust-tauri/R03/T08-E01/verify-stage-r03/R02/A07_A08/service-s2.out
dc94f3ec5b1ed4a42f0f87ecfef70b341cbe43f2b2424ce4d5a157b4a5f0069d  ??  artifacts/rust-tauri/R03/T08-E01/verify-stage-r03/R02/A07_A08/service-s2b.err
9ad0e6c1920db2b81163490c95d9785d3f5394d0f9b9220bd46d24aa0690c751  ??  artifacts/rust-tauri/R03/T08-E01/verify-stage-r03/R02/A07_A08/service-s2b.out
362c03db4e9010336858ae4d8a503f4d318e1ffed27e8e937771d751574b394f  ??  artifacts/rust-tauri/R03/T08-E01/verify-stage-r03/R02/A07_A08/service-s4-1.err
61ec289f2a7c4aab0c0ac1ffafe77c561f1e172357c0124a4aae7a8addab8341  ??  artifacts/rust-tauri/R03/T08-E01/verify-stage-r03/R02/A07_A08/service-s4-1.out
a0f070a4a95d1bc880ba11fbda3f746f43a1ea3ef23f16759f5e024e5e07232c  ??  artifacts/rust-tauri/R03/T08-E01/verify-stage-r03/R02/A07_A08/service-s4-2.err
bcdb2eae65c9d115e84034e9ffb1134684890b323f6c1c204897b6bfb695325b  ??  artifacts/rust-tauri/R03/T08-E01/verify-stage-r03/R02/A07_A08/service-s4-2.out
e69335df0a6bb0cb5f3fd74a65de191f1a4b9fe03fceb294db3f3e876c01460a  ??  artifacts/rust-tauri/R03/T08-E01/verify-stage-r03/R02/A07_A08/service-s4-3.err
5686a4e85c3db6eb89953d495193d0de0bff4f8787c445acb88c5adedd1ce153  ??  artifacts/rust-tauri/R03/T08-E01/verify-stage-r03/R02/A07_A08/service-s4-3.out
b5d9199b46f1e22ba3b68e3c8d9a3cdc8ef41661395f3c2389bc038aa835cb00  ??  artifacts/rust-tauri/R03/T08-E01/verify-stage-r03/R02/A07_A08/service.addr
1863087f11c8e4bacf439f8b2d69bd5c37b223b5e2ca17e5a4f4e6b60a77107f  ??  artifacts/rust-tauri/R03/T08-E01/verify-stage-r03/R02/A07_A08/service.pid
0ea0a381f0aee00cd29435e419fe273f9c3bf82bf3e6a955e985efa7b1c31fcc  ??  artifacts/rust-tauri/R03/T08-E01/verify-stage-r03/R02/A07_A08/summary.txt
dd63f79ce1a39fdef735dbb9eb292c3f8a45db77c2513d3cc7379e5dbe13749e  ??  artifacts/rust-tauri/R03/T08-E01/verify-stage-r03/R02/A11/backup-restore/s1-backup-dir-listing.txt
649d1bee0fc670f5cc2ec009f3299540118c87dc449061cd410124975965bbbd  ??  artifacts/rust-tauri/R03/T08-E01/verify-stage-r03/R02/A11/backup-restore/s1-backup-outcome.json
e3b0c44298fc1c149afbf4c8996fb92427ae41e4649b934ca495991b7852b855  ??  artifacts/rust-tauri/R03/T08-E01/verify-stage-r03/R02/A11/backup-restore/s1-backup.err
10e9026366cd8aa34c34365028520b8bdf62e47ef97df72e9a65b839abafd4a9  ??  artifacts/rust-tauri/R03/T08-E01/verify-stage-r03/R02/A11/backup-restore/s1-restore-outcome.json
e3b0c44298fc1c149afbf4c8996fb92427ae41e4649b934ca495991b7852b855  ??  artifacts/rust-tauri/R03/T08-E01/verify-stage-r03/R02/A11/backup-restore/s1-restore.err
fc13d725313ea80536a79d948701ab0b97434f71f10b50373287ecb205b360c6  ??  artifacts/rust-tauri/R03/T08-E01/verify-stage-r03/R02/A11/backup-restore/s1-restored-dump.jsonl
ee23c134509338e3d45bb53700b1c873d425b35df7ce8a15c2c091e41830f9b9  ??  artifacts/rust-tauri/R03/T08-E01/verify-stage-r03/R02/A11/backup-restore/s1-restored-hash.txt
fc13d725313ea80536a79d948701ab0b97434f71f10b50373287ecb205b360c6  ??  artifacts/rust-tauri/R03/T08-E01/verify-stage-r03/R02/A11/backup-restore/s1-source-dump.jsonl
3ee10d52e99e27543e73028665c337b7de9eb12639e10c8705de0a2963e0bda3  ??  artifacts/rust-tauri/R03/T08-E01/verify-stage-r03/R02/A11/backup-restore/s1-source-hash.txt
951e1f2cedf4a978898a4f9e620777561b8381ece9faf4223f8594a201f47f74  ??  artifacts/rust-tauri/R03/T08-E01/verify-stage-r03/R02/A11/backup-restore/s1-wal-size.txt
e3b0c44298fc1c149afbf4c8996fb92427ae41e4649b934ca495991b7852b855  ??  artifacts/rust-tauri/R03/T08-E01/verify-stage-r03/R02/A11/backup-restore/s3-backup-out.json
dca88468f43288206c17083bb73098f07a4706e19527a72c767ca5949af2e8c8  ??  artifacts/rust-tauri/R03/T08-E01/verify-stage-r03/R02/A11/backup-restore/s3-backup.err
9b33c4d50a9f7a0434980244454a85ce4288c7323241cf9ff22c50e6b8f8dd85  ??  artifacts/rust-tauri/R03/T08-E01/verify-stage-r03/R02/A11/backup-restore/s4-ws-probe.json
a4c3ed04a95a3da14a9d235c83d868bed7c0f45cf7f3faa751ee8f50598d2211  ??  artifacts/rust-tauri/R03/T08-E01/verify-stage-r03/R02/A11/backup-restore/s4-ws-probe.json.probe-done
e2d8de8a61bd41887faa91a1659678a1b167d5dc160ce75acdc8bad7f36fbf02  ??  artifacts/rust-tauri/R03/T08-E01/verify-stage-r03/R02/A11/backup-restore/service-s1.addr
dad3d4292012a6e6cd33abcbf44d290eee87619d4f2733a02b31a8815ccb53dc  ??  artifacts/rust-tauri/R03/T08-E01/verify-stage-r03/R02/A11/backup-restore/service-s1.err
e2db77e1415f49f5aa1fe8b6bcdac4a0448ec5b8824ac719940c4898b70f4c7e  ??  artifacts/rust-tauri/R03/T08-E01/verify-stage-r03/R02/A11/backup-restore/service-s1.out
769ff7b31cfa1501fd1b343ce2efaba82ad39d445db1d7a2b3f05cc22f255578  ??  artifacts/rust-tauri/R03/T08-E01/verify-stage-r03/R02/A11/backup-restore/service-s2.addr
c20afa5254f1729a255416bf68cf4fddb1fd6b701557058255cc65a3c2663809  ??  artifacts/rust-tauri/R03/T08-E01/verify-stage-r03/R02/A11/backup-restore/service-s2.err
6faabb1367f0c175cbb1910aa6ebc803173dfb8baf988867e4078b91e755b45f  ??  artifacts/rust-tauri/R03/T08-E01/verify-stage-r03/R02/A11/backup-restore/service-s2.out
29edf04a49c1b2cadb3c057ad15a769d2eacdedf2c782d703944c8ca76099184  ??  artifacts/rust-tauri/R03/T08-E01/verify-stage-r03/R02/A11/backup-restore/service-s4.addr
7be99e9b956cd85676a0b601cd575b9c6ee323cfffc507a983cd0bcf5017057c  ??  artifacts/rust-tauri/R03/T08-E01/verify-stage-r03/R02/A11/backup-restore/service-s4.err
1696803e936ba52968e82d44a78fa80b7630bd4b4f2c75a7bebaa25e161530a4  ??  artifacts/rust-tauri/R03/T08-E01/verify-stage-r03/R02/A11/backup-restore/service-s4.out
7c4a3046f7af19f2c614d0cd01eb3fc70f969df6fc1fc8bc25175a6c8df23898  ??  artifacts/rust-tauri/R03/T08-E01/verify-stage-r03/R02/A11/backup-restore/service.pid
a2910b627586f230c5d67d75dfd77cdff52fae4097ba84484b6b52581a2bd855  ??  artifacts/rust-tauri/R03/T08-E01/verify-stage-r03/R02/A11/backup-restore/summary.txt
026c539820b95930d772354925874f95071e55a69646b7b442ce5bc1adc33328  ??  artifacts/rust-tauri/R03/T08-E01/verify-stage-r03/R02/A12/recovery-drill/coexist-after.txt
026c539820b95930d772354925874f95071e55a69646b7b442ce5bc1adc33328  ??  artifacts/rust-tauri/R03/T08-E01/verify-stage-r03/R02/A12/recovery-drill/coexist-before.txt
ca9c405c0b91684ce9aa52ce691fdd4feff8caf10d2ecdcbfa354fcca2863b7e  ??  artifacts/rust-tauri/R03/T08-E01/verify-stage-r03/R02/A12/recovery-drill/own-created-homes.txt
4d7d02698760084334944883286d8a456a3da2fb342c587cade3720f0915a0cb  ??  artifacts/rust-tauri/R03/T08-E01/verify-stage-r03/R02/A12/recovery-drill/summary.txt
7b2f675d535131e9ee3b95eb996b520af42000b1efea572dc62eff72fd758a84  ??  artifacts/rust-tauri/R03/T08-E01/verify-stage-r03/R02/A12/recovery-drill/v1-hashes-after.txt
7b2f675d535131e9ee3b95eb996b520af42000b1efea572dc62eff72fd758a84  ??  artifacts/rust-tauri/R03/T08-E01/verify-stage-r03/R02/A12/recovery-drill/v1-hashes-before.txt
1c46ac3e59439c72a6ec7caf3aa9708a6df243251973c0350f94f083a1cdf0a4  ??  artifacts/rust-tauri/R03/T08-E01/verify-stage-r03/R02/A12/recovery-drill/v1.err
e3b0c44298fc1c149afbf4c8996fb92427ae41e4649b934ca495991b7852b855  ??  artifacts/rust-tauri/R03/T08-E01/verify-stage-r03/R02/A12/recovery-drill/v1.out
fcb269f1fc43e20619871bab0f6e464d30773313e55b17f725fc62249ab521be  ??  artifacts/rust-tauri/R03/T08-E01/verify-stage-r03/R02/A12/recovery-drill/v2-hashes-after.txt
fcb269f1fc43e20619871bab0f6e464d30773313e55b17f725fc62249ab521be  ??  artifacts/rust-tauri/R03/T08-E01/verify-stage-r03/R02/A12/recovery-drill/v2-hashes-before.txt
47e1c0052eb5c737b769923eb4e7252621c93f01709f9f2281b58a5758bc22ca  ??  artifacts/rust-tauri/R03/T08-E01/verify-stage-r03/R02/A12/recovery-drill/v2.err
e3b0c44298fc1c149afbf4c8996fb92427ae41e4649b934ca495991b7852b855  ??  artifacts/rust-tauri/R03/T08-E01/verify-stage-r03/R02/A12/recovery-drill/v2.out
a33ffd69acb495d9a221778bb2317e4cef00e4d752d794b9c1267890666ec43d  ??  artifacts/rust-tauri/R03/T08-E01/verify-stage-r03/R02/A12/recovery-drill/v3-hashes-after.txt
a33ffd69acb495d9a221778bb2317e4cef00e4d752d794b9c1267890666ec43d  ??  artifacts/rust-tauri/R03/T08-E01/verify-stage-r03/R02/A12/recovery-drill/v3-hashes-before.txt
fe3ed8f20d3dd77a5408fbc4120ecc7d4cfc22ca0237378404301094b4276a1d  ??  artifacts/rust-tauri/R03/T08-E01/verify-stage-r03/R02/A12/recovery-drill/v3.err
e3b0c44298fc1c149afbf4c8996fb92427ae41e4649b934ca495991b7852b855  ??  artifacts/rust-tauri/R03/T08-E01/verify-stage-r03/R02/A12/recovery-drill/v3.out
611d6aa0b33fabf705ef9caa929215be3cfa6561c29613b97181c88f13c9d58c  ??  artifacts/rust-tauri/R03/T08-E01/verify-stage-r03/R02/A12/recovery-drill/v4.err
73d9c0eeb202db693fc4eee76521558ab4a8c1488404218dd863d6c7924e5890  ??  artifacts/rust-tauri/R03/T08-E01/verify-stage-r03/R02/A12/recovery-drill/v4.out
6e59f53d514e7d32e7869becbc6173c5a5b999563bda9c4ac390cb43c633052e  ??  artifacts/rust-tauri/R03/T08-E01/verify-stage-r03/R02/A12/recovery-drill/v5-hashes-after.txt
6e59f53d514e7d32e7869becbc6173c5a5b999563bda9c4ac390cb43c633052e  ??  artifacts/rust-tauri/R03/T08-E01/verify-stage-r03/R02/A12/recovery-drill/v5-hashes-before.txt
cbfdd0c7d10a44ae0b24fd9205a277d2c42bb49f39817b79801e52946e6a3569  ??  artifacts/rust-tauri/R03/T08-E01/verify-stage-r03/R02/A12/recovery-drill/v5.err
e3b0c44298fc1c149afbf4c8996fb92427ae41e4649b934ca495991b7852b855  ??  artifacts/rust-tauri/R03/T08-E01/verify-stage-r03/R02/A12/recovery-drill/v5.out
634c2b682c936fec4cedf41e5970302ef5600421defafcd95a321a03ee4cf56f  ??  artifacts/rust-tauri/R03/T08-E01/verify-stage-r03/R02/A12/recovery-drill/v6-recovered-dump.jsonl
27badc983df1780b60c2b3fa9d3a19a00e46aac798451f0febdca52920faaddf  ??  artifacts/rust-tauri/R03/T08-E01/verify-stage-r03/R02/A12/recovery-drill/v6-seed-execute.txt
38a3ea21bd11f82d7f3c99312e248273f8f5a9bc143b45e42d6b5f0ff126434e  ??  artifacts/rust-tauri/R03/T08-E01/verify-stage-r03/R02/A12/recovery-drill/v6-seed.err
99c60b8a187a34e8535829ae4640cedc02b55b32d5081059927e39e0eb52640f  ??  artifacts/rust-tauri/R03/T08-E01/verify-stage-r03/R02/A12/recovery-drill/v6-seed.out
1f9c07ba59bae4b12ae699dd2767b67b28e368903884ef2ac755370db20620a0  ??  artifacts/rust-tauri/R03/T08-E01/verify-stage-r03/R02/A12/recovery-drill/v6.err
fdf9cfd337def624f0a855ab7949c98b8a5f16cd4b2b53545d32a9ec70d45a47  ??  artifacts/rust-tauri/R03/T08-E01/verify-stage-r03/R02/A12/recovery-drill/v6.out
f967d468b424278efe2d3dbf8bab81715c96666f700897ef6719998beb485d88  ??  artifacts/rust-tauri/R03/T08-E01/verify-stage-r03/R02/A12/recovery-drill/v7-hashes-after.txt
f967d468b424278efe2d3dbf8bab81715c96666f700897ef6719998beb485d88  ??  artifacts/rust-tauri/R03/T08-E01/verify-stage-r03/R02/A12/recovery-drill/v7-hashes-before.txt
d74fcb08f84e6dc77d7331743d5deeb831b88b35aabcff00f37342beea44066d  ??  artifacts/rust-tauri/R03/T08-E01/verify-stage-r03/R02/A12/recovery-drill/v7-seed.err
793ba402e341647f4c64e29c10700fa2c501793329fed4c9a9dbfa977a4959df  ??  artifacts/rust-tauri/R03/T08-E01/verify-stage-r03/R02/A12/recovery-drill/v7-seed.out
1a87885f02f2608e90ffcaf3f700fecb445445e550aae6861aab708b24592f96  ??  artifacts/rust-tauri/R03/T08-E01/verify-stage-r03/R02/A12/recovery-drill/v7.err
e3b0c44298fc1c149afbf4c8996fb92427ae41e4649b934ca495991b7852b855  ??  artifacts/rust-tauri/R03/T08-E01/verify-stage-r03/R02/A12/recovery-drill/v7.out
a693ee1d59dd9500bcb6393a2fcbdc9811408bb56d1c606bdc3b122c84c0c8fd  ??  artifacts/rust-tauri/R03/T08-E01/verify-stage-r03/R02/A12/recovery-drill/v8-observed.err
42a558809a91cac8ebd954c9c719f40ba00309d4f2cd638d9f496f16d7f4426f  ??  artifacts/rust-tauri/R03/T08-E01/verify-stage-r03/R02/A12/recovery-drill/v8-seed.err
a68befba561b2be7429ba1da9e8159910368b9a9fda1618a8a31ed6420ec93d4  ??  artifacts/rust-tauri/R03/T08-E01/verify-stage-r03/R02/A12/recovery-drill/v8-seed.out
a693ee1d59dd9500bcb6393a2fcbdc9811408bb56d1c606bdc3b122c84c0c8fd  ??  artifacts/rust-tauri/R03/T08-E01/verify-stage-r03/R02/A12/recovery-drill/v8.err
4318d81c29231be3d301c6c8116b43c1bd88f5ecfe766e658dd45942de7d5fba  ??  artifacts/rust-tauri/R03/T08-E01/verify-stage-r03/R02/A12/recovery-drill/v8.out
1868454b574d096784e529868c008f34ebc1bd2ba7c8b1b628e9cd1fb04f8dbe  ??  artifacts/rust-tauri/R03/T08-E01/verify-stage-r03/R02/A15/full-chain/pre-restart-head.json
e3b0c44298fc1c149afbf4c8996fb92427ae41e4649b934ca495991b7852b855  ??  artifacts/rust-tauri/R03/T08-E01/verify-stage-r03/R02/A15/full-chain/probe1.err
f79a6c1b4aafbdd1e358c896d7e34dfa60210b31ce33437676e8797ed425270c  ??  artifacts/rust-tauri/R03/T08-E01/verify-stage-r03/R02/A15/full-chain/probe1.pass-lines
e3b0c44298fc1c149afbf4c8996fb92427ae41e4649b934ca495991b7852b855  ??  artifacts/rust-tauri/R03/T08-E01/verify-stage-r03/R02/A15/full-chain/probe2.err
28a411dc95be7e6596d2954fdbecf8eb034d9f8dc1248ab1d111c07c1c218b89  ??  artifacts/rust-tauri/R03/T08-E01/verify-stage-r03/R02/A15/full-chain/probe2.pass-lines
3c83aaad2703292c002631599e0c5e2e473107ae6d5e6af48eafcd7170cc1b9c  ??  artifacts/rust-tauri/R03/T08-E01/verify-stage-r03/R02/A15/full-chain/service1.err
b83f28fa6bf55f2ae64c902ca46463a195caf6d4a441db599eb01a07b61d5076  ??  artifacts/rust-tauri/R03/T08-E01/verify-stage-r03/R02/A15/full-chain/service1.out
ea284e89f0859a5311ae402de0f39f88d08514b6eccd98312f543286a4bb5393  ??  artifacts/rust-tauri/R03/T08-E01/verify-stage-r03/R02/A15/full-chain/service2.err
c62c313ecbe1be68fc41b4023022341e0d6c68459377901d7306691856126e15  ??  artifacts/rust-tauri/R03/T08-E01/verify-stage-r03/R02/A15/full-chain/service2.out
c138281e35091447390e6c61ae1f89460cace5a76bd09c9acc595eb6300269de  ??  artifacts/rust-tauri/R03/T08-E01/verify-stage-r03/R02/A15/full-chain/summary.txt
b86cc9f19d6f2574be13a40b9163e86e08e7e75a4386829d1a07fc568bed1fc4   M  docs/rust-tauri/R02/R02-T04_STORAGE_REGISTRY.json
10bd19847ca52edab60f157fb794521a274b8dc1312e27c10b82c000bda11191  ??  docs/rust-tauri/R03/R03_HANDOFF.json
d2d632719f0c9514b37e28a6d0c999811253818151b9e4052b210e5d3bca3617  ??  docs/rust-tauri/R03/dispatches/R03-T08_DISPATCH_E01.md
9557f1c0605650fade30f6ec3c20c0b0e1b1d909fcf1e1310385ea9c1678dcf0   M  rust/crates/lingxi-adapters/tests/late_result_fencing_property.rs
9d0368782ecc7db598a6ca6cd5a7f29a90828cf163df4ac7050bb770ae1ce54c   M  rust/crates/lingxi-adapters/tests/run_finalize_property.rs
ee98393956935a839d724e1772a9eab40edd5556c884bc1bd82135713eb2be63  ??  rust/crates/lingxi-service/tests/r03_t08_acceptance_matrix.rs
06d83cbaadc17d95bccb4fbd79c347c6136363a39e350119dad2e74a62eae492   M  rust/crates/xtask/src/main.rs
d1671f12d1f34e476334fb54b98925b1db9736f6d912723f9193f3f19529295e   M  rust/crates/xtask/src/runner_identity.rs
8bbd35e44a166f463caf3a7ec48a3f6771fea8126b2bccd022ee46598f03d3e7   M  rust/crates/xtask/src/stage_map.rs
8b0e15d152e7db9bd206105f4f142ae92d14cb3678761d4e9263a2f5f23404c1  ??  rust/crates/xtask/src/stage_maps/R03.json
c50440de9b01cb4bfbf9748df54d8c65bbc3e9b6fb8c5df9cabbf612a3d35dfe   M  rust/crates/xtask/src/verify.rs
fffdc02579baaf2613bb6e550c31a722c2413490c8a6109c509a788a9b2bb30b   M  rust/crates/xtask/src/verify/runner_tests.rs
75fb2a987b28f1b6e066b1f8c7012f281f6b4982e310f5d926ef7ecdc28dd380   M  scripts/rust-tauri/r02_t04_storage_tx.sh
d4774ca2d654482df89c305661654e449498f9e07c46604d09702822f64fc2bc   M  scripts/rust-tauri/r02_t08_legacy_entry_regression.sh
6126ba3605069ec0c85ea28531fe7c152a958e36e765f11d24d9e0039c2246db  ??  scripts/rust-tauri/r03_t08_a16_seed_mechanism.sh
30c99c4c4f30e380d11156216fc7e6964c3cdcc8bffe63983c8e2ae9a8e17955  ??  scripts/rust-tauri/r03_t08_generate_stage_map.py
4ec53937487e1000062c909c9a70c84282f1bcb3d7db7461cb23a933dd5b5825  ??  scripts/rust-tauri/r03_t08_matrix.sh
