R05-GATE-N01	101	OK	OK	independent fixture
R05-GATE-N02	101	OK	OK	independent fixture
R05-GATE-N03	101	OK	OK	independent fixture
R05-GATE-N04	101	OK	OK	independent fixture
R05-GATE-N05	101	OK	OK	independent fixture
R05-GATE-N06	101	OK	OK	independent fixture
R05-GATE-N07	101	OK	OK	independent fixture
R05-GATE-N08	101	OK	OK	independent fixture
R05-GATE-N09	101	OK	OK	independent fixture
R05-GATE-N10	101	OK	OK	independent fixture
R05-GATE-N11	101	OK	OK	independent fixture
R05-GATE-N12	101	OK	OK	independent fixture
R05-GATE-N13	101	OK	OK	independent fixture
R05-GATE-N14	101	OK	OK	independent fixture
R05-GATE-N15	101	OK	OK	independent fixture
