tests/round3-delivery-evidence.test.ts	6	⟦FAIL-BLOCK⟧
tests/round3-delivery-evidence.test.ts	6	Error: Command failed: python3 /private/var/folders/5r/wq54gtms21gfjgr5v94ynfyh0000gn/T/r02-a16.oWuQkM/repo-candidate/artifacts/f1-f12-repair/round3-c01-c03/create-round3-patch.py
tests/round3-delivery-evidence.test.ts	6	warning: in the working copy of 'artifacts/rust-tauri/R02/T07/redaction-scan/p1-execute-ok.headers', CRLF will be replaced by LF the next time Git touches it
tests/round3-delivery-evidence.test.ts	6	warning: in the working copy of 'artifacts/rust-tauri/R02/T07/redaction-scan/p1-issue-credential.headers', CRLF will be replaced by LF the next time Git touches it
tests/round3-delivery-evidence.test.ts	6	warning: in the working copy of 'artifacts/rust-tauri/R02/T07/redaction-scan/p1-me-ok.headers', CRLF will be replaced by LF the next time Git touches it
tests/round3-delivery-evidence.test.ts	6	warning: in the working copy of 'artifacts/rust-tauri/R02/T07/redaction-scan/p1-ticket.headers', CRLF will be replaced by LF the next time Git touches it
tests/round3-delivery-evidence.test.ts	6	warning: in the working copy of 'artifacts/rust-tauri/R02/T07/redaction-scan/p2-me-bad-bearer.headers', CRLF will be replaced by LF the next time Git touches it
tests/round3-delivery-evidence.test.ts	6	warning: in the working copy of 'artifacts/rust-tauri/R02/T07/redaction-scan/p2-me-no-auth.headers', CRLF will be replaced by LF the next time Git touches it
tests/round3-delivery-evidence.test.ts	6	warning: in the working copy of 'artifacts/rust-tauri/R02/T07/redaction-scan/p2-session-cross.headers', CRLF will be replaced by LF the next time Git touches it
tests/round3-delivery-evidence.test.ts	6	warning: in the working copy of 'artifacts/rust-tauri/R02/T07/redaction-scan/p2-session-missing.headers', CRLF will be replaced by LF the next time Git touches it
tests/round3-delivery-evidence.test.ts	6	warning: in the working copy of 'artifacts/rust-tauri/R02/T07/redaction-scan/p2-ws-bad-query.headers', CRLF will be replaced by LF the next time Git touches it
tests/round3-delivery-evidence.test.ts	6	warning: in the working copy of 'artifacts/rust-tauri/R02/T08/verify-stage/A13/redaction-scan/p1-execute-ok.headers', CRLF will be replaced by LF the next time Git touches it
tests/round3-delivery-evidence.test.ts	6	warning: in the working copy of 'artifacts/rust-tauri/R02/T08/verify-stage/A13/redaction-scan/p1-issue-credential.headers', CRLF will be replaced by LF the next time Git touches it
tests/round3-delivery-evidence.test.ts	6	warning: in the working copy of 'artifacts/rust-tauri/R02/T08/verify-stage/A13/redaction-scan/p1-me-ok.headers', CRLF will be replaced by LF the next time Git touches it
tests/round3-delivery-evidence.test.ts	6	warning: in the working copy of 'artifacts/rust-tauri/R02/T08/verify-stage/A13/redaction-scan/p1-ticket.headers', CRLF will be replaced by LF the next time Git touches it
tests/round3-delivery-evidence.test.ts	6	warning: in the working copy of 'artifacts/rust-tauri/R02/T08/verify-stage/A13/redaction-scan/p2-me-bad-bearer.headers', CRLF will be replaced by LF the next time Git touches it
tests/round3-delivery-evidence.test.ts	6	warning: in the working copy of 'artifacts/rust-tauri/R02/T08/verify-stage/A13/redaction-scan/p2-me-no-auth.headers', CRLF will be replaced by LF the next time Git touches it
tests/round3-delivery-evidence.test.ts	6	warning: in the working copy of 'artifacts/rust-tauri/R02/T08/verify-stage/A13/redaction-scan/p2-session-cross.headers', CRLF will be replaced by LF the next time Git touches it
tests/round3-delivery-evidence.test.ts	6	warning: in the working copy of 'artifacts/rust-tauri/R02/T08/verify-stage/A13/redaction-scan/p2-session-missing.headers', CRLF will be replaced by LF the next time Git touches it
tests/round3-delivery-evidence.test.ts	6	warning: in the working copy of 'artifacts/rust-tauri/R02/T08/verify-stage/A13/redaction-scan/p2-ws-bad-query.headers', CRLF will be replaced by LF the next time Git touches it
tests/round3-delivery-evidence.test.ts	6	warning: in the working copy of 'artifacts/rust-tauri/R02/final-candidate-a0af83666f89cc4b/A13/redaction-scan/p1-execute-ok.headers', CRLF will be replaced by LF the next time Git touches it
tests/round3-delivery-evidence.test.ts	6	warning: in the working copy of 'artifacts/rust-tauri/R02/final-candidate-a0af83666f89cc4b/A13/redaction-scan/p1-issue-credential.headers', CRLF will be replaced by LF the next time Git touches it
tests/round3-delivery-evidence.test.ts	6	warning: in the working copy of 'artifacts/rust-tauri/R02/final-candidate-a0af83666f89cc4b/A13/redaction-scan/p1-me-ok.headers', CRLF will be replaced by LF the next time Git touches it
tests/round3-delivery-evidence.test.ts	6	warning: in the working copy of 'artifacts/rust-tauri/R02/final-candidate-a0af83666f89cc4b/A13/redaction-scan/p1-ticket.headers', CRLF will be replaced by LF the next time Git touches it
tests/round3-delivery-evidence.test.ts	6	warning: in the working copy of 'artifacts/rust-tauri/R02/final-candidate-a0af83666f89cc4b/A13/redaction-scan/p2-me-bad-bearer.headers', CRLF will be replaced by LF the next time Git touches it
tests/round3-delivery-evidence.test.ts	6	warning: in the working copy of 'artifacts/rust-tauri/R02/final-candidate-a0af83666f89cc4b/A13/redaction-scan/p2-me-no-auth.headers', CRLF will be replaced by LF the next time Git touches it
tests/round3-delivery-evidence.test.ts	6	warning: in the working copy of 'artifacts/rust-tauri/R02/final-candidate-a0af83666f89cc4b/A13/redaction-scan/p2-session-cross.headers', CRLF will be replaced by LF the next time Git touches it
tests/round3-delivery-evidence.test.ts	6	warning: in the working copy of 'artifacts/rust-tauri/R02/final-candidate-a0af83666f89cc4b/A13/redaction-scan/p2-session-missing.headers', CRLF will be replaced by LF the next time Git touches it
tests/round3-delivery-evidence.test.ts	6	warning: in the working copy of 'artifacts/rust-tauri/R02/final-candidate-a0af83666f89cc4b/A13/redaction-scan/p2-ws-bad-query.headers', CRLF will be replaced by LF the next time Git touches it
tests/round3-delivery-evidence.test.ts	6	warning: in the working copy of 'artifacts/rust-tauri/R02/final-candidate-a29e5adbb404ad70/A13/redaction-scan/p1-execute-ok.headers', CRLF will be replaced by LF the next time Git touches it
tests/round3-delivery-evidence.test.ts	6	warning: in the working copy of 'artifacts/rust-tauri/R02/final-candidate-a29e5adbb404ad70/A13/redaction-scan/p1-issue-credential.headers', CRLF will be replaced by LF the next time Git touches it
tests/round3-delivery-evidence.test.ts	6	warning: in the working copy of 'artifacts/rust-tauri/R02/final-candidate-a29e5adbb404ad70/A13/redaction-scan/p1-me-ok.headers', CRLF will be replaced by LF the next time Git touches it
tests/round3-delivery-evidence.test.ts	6	warning: in the working copy of 'artifacts/rust-tauri/R02/final-candidate-a29e5adbb404ad70/A13/redaction-scan/p1-ticket.headers', CRLF will be replaced by LF the next time Git touches it
tests/round3-delivery-evidence.test.ts	6	warning: in the working copy of 'artifacts/rust-tauri/R02/final-candidate-a29e5adbb404ad70/A13/redaction-scan/p2-me-bad-bearer.headers', CRLF will be replaced by LF the next time Git touches it
tests/round3-delivery-evidence.test.ts	6	warning: in the working copy of 'artifacts/rust-tauri/R02/final-candidate-a29e5adbb404ad70/A13/redaction-scan/p2-me-no-auth.headers', CRLF will be replaced by LF the next time Git touches it
tests/round3-delivery-evidence.test.ts	6	warning: in the working copy of 'artifacts/rust-tauri/R02/final-candidate-a29e5adbb404ad70/A13/redaction-scan/p2-session-cross.headers', CRLF will be replaced by LF the next time Git touches it
tests/round3-delivery-evidence.test.ts	6	warning: in the working copy of 'artifacts/rust-tauri/R02/final-candidate-a29e5adbb404ad70/A13/redaction-scan/p2-session-missing.headers', CRLF will be replaced by LF the next time Git touches it
tests/round3-delivery-evidence.test.ts	6	warning: in the working copy of 'artifacts/rust-tauri/R02/final-candidate-a29e5adbb404ad70/A13/redaction-scan/p2-ws-bad-query.headers', CRLF will be replaced by LF the next time Git touches it
tests/round3-delivery-evidence.test.ts	6	warning: in the working copy of 'artifacts/rust-tauri/R02/final-candidate-e876171c5cd0a6f8/A13/redaction-scan/p1-execute-ok.headers', CRLF will be replaced by LF the next time Git touches it
tests/round3-delivery-evidence.test.ts	6	warning: in the working copy of 'artifacts/rust-tauri/R02/final-candidate-e876171c5cd0a6f8/A13/redaction-scan/p1-issue-credential.headers', CRLF will be replaced by LF the next time Git touches it
tests/round3-delivery-evidence.test.ts	6	warning: in the working copy of 'artifacts/rust-tauri/R02/final-candidate-e876171c5cd0a6f8/A13/redaction-scan/p1-me-ok.headers', CRLF will be replaced by LF the next time Git touches it
tests/round3-delivery-evidence.test.ts	6	warning: in the working copy of 'artifacts/rust-tauri/R02/final-candidate-e876171c5cd0a6f8/A13/redaction-scan/p1-ticket.headers', CRLF will be replaced by LF the next time Git touches it
tests/round3-delivery-evidence.test.ts	6	warning: in the working copy of 'artifacts/rust-tauri/R02/final-candidate-e876171c5cd0a6f8/A13/redaction-scan/p2-me-bad-bearer.headers', CRLF will be replaced by LF the next time Git touches it
tests/round3-delivery-evidence.test.ts	6	warning: in the working copy of 'artifacts/rust-tauri/R02/final-candidate-e876171c5cd0a6f8/A13/redaction-scan/p2-me-no-auth.headers', CRLF will be replaced by LF the next time Git touches it
tests/round3-delivery-evidence.test.ts	6	warning: in the working copy of 'artifacts/rust-tauri/R02/final-candidate-e876171c5cd0a6f8/A13/redaction-scan/p2-session-cross.headers', CRLF will be replaced by LF the next time Git touches it
tests/round3-delivery-evidence.test.ts	6	warning: in the working copy of 'artifacts/rust-tauri/R02/final-candidate-e876171c5cd0a6f8/A13/redaction-scan/p2-session-missing.headers', CRLF will be replaced by LF the next time Git touches it
tests/round3-delivery-evidence.test.ts	6	warning: in the working copy of 'artifacts/rust-tauri/R02/final-candidate-e876171c5cd0a6f8/A13/redaction-scan/p2-ws-bad-query.headers', CRLF will be replaced by LF the next time Git touches it
tests/round3-delivery-evidence.test.ts	6	warning: in the working copy of 'artifacts/rust-tauri/R02/final-candidate-fc9971898df7a9e8/A13/redaction-scan/p1-execute-ok.headers', CRLF will be replaced by LF the next time Git touches it
tests/round3-delivery-evidence.test.ts	6	warning: in the working copy of 'artifacts/rust-tauri/R02/final-candidate-fc9971898df7a9e8/A13/redaction-scan/p1-issue-credential.headers', CRLF will be replaced by LF the next time Git touches it
tests/round3-delivery-evidence.test.ts	6	warning: in the working copy of 'artifacts/rust-tauri/R02/final-candidate-fc9971898df7a9e8/A13/redaction-scan/p1-me-ok.headers', CRLF will be replaced by LF the next time Git touches it
tests/round3-delivery-evidence.test.ts	6	warning: in the working copy of 'artifacts/rust-tauri/R02/final-candidate-fc9971898df7a9e8/A13/redaction-scan/p1-ticket.headers', CRLF will be replaced by LF the next time Git touches it
tests/round3-delivery-evidence.test.ts	6	warning: in the working copy of 'artifacts/rust-tauri/R02/final-candidate-fc9971898df7a9e8/A13/redaction-scan/p2-me-bad-bearer.headers', CRLF will be replaced by LF the next time Git touches it
tests/round3-delivery-evidence.test.ts	6	warning: in the working copy of 'artifacts/rust-tauri/R02/final-candidate-fc9971898df7a9e8/A13/redaction-scan/p2-me-no-auth.headers', CRLF will be replaced by LF the next time Git touches it
tests/round3-delivery-evidence.test.ts	6	warning: in the working copy of 'artifacts/rust-tauri/R02/final-candidate-fc9971898df7a9e8/A13/redaction-scan/p2-session-cross.headers', CRLF will be replaced by LF the next time Git touches it
tests/round3-delivery-evidence.test.ts	6	warning: in the working copy of 'artifacts/rust-tauri/R02/final-candidate-fc9971898df7a9e8/A13/redaction-scan/p2-session-missing.headers', CRLF will be replaced by LF the next time Git touches it
tests/round3-delivery-evidence.test.ts	6	warning: in the working copy of 'artifacts/rust-tauri/R02/final-candidate-fc9971898df7a9e8/A13/redaction-scan/p2-ws-bad-query.headers', CRLF will be replaced by LF the next time Git touches it
tests/round3-delivery-evidence.test.ts	6	warning: in the working copy of 'artifacts/rust-tauri/R03/T08-E01/verify-stage-r02-regression/A13/redaction-scan/p1-execute-ok.headers', CRLF will be replaced by LF the next time Git touches it
tests/round3-delivery-evidence.test.ts	6	warning: in the working copy of 'artifacts/rust-tauri/R03/T08-E01/verify-stage-r02-regression/A13/redaction-scan/p1-issue-credential.headers', CRLF will be replaced by LF the next time Git touches it
tests/round3-delivery-evidence.test.ts	6	warning: in the working copy of 'artifacts/rust-tauri/R03/T08-E01/verify-stage-r02-regression/A13/redaction-scan/p1-me-ok.headers', CRLF will be replaced by LF the next time Git touches it
tests/round3-delivery-evidence.test.ts	6	warning: in the working copy of 'artifacts/rust-tauri/R03/T08-E01/verify-stage-r02-regression/A13/redaction-scan/p1-ticket.headers', CRLF will be replaced by LF the next time Git touches it
tests/round3-delivery-evidence.test.ts	6	warning: in the working copy of 'artifacts/rust-tauri/R03/T08-E01/verify-stage-r02-regression/A13/redaction-scan/p2-me-bad-bearer.headers', CRLF will be replaced by LF the next time Git touches it
tests/round3-delivery-evidence.test.ts	6	warning: in the working copy of 'artifacts/rust-tauri/R03/T08-E01/verify-stage-r02-regression/A13/redaction-scan/p2-me-no-auth.headers', CRLF will be replaced by LF the next time Git touches it
tests/round3-delivery-evidence.test.ts	6	warning: in the working copy of 'artifacts/rust-tauri/R03/T08-E01/verify-stage-r02-regression/A13/redaction-scan/p2-session-cross.headers', CRLF will be replaced by LF the next time Git touches it
tests/round3-delivery-evidence.test.ts	6	warning: in the working copy of 'artifacts/rust-tauri/R03/T08-E01/verify-stage-r02-regression/A13/redaction-scan/p2-session-missing.headers', CRLF will be replaced by LF the next time Git touches it
tests/round3-delivery-evidence.test.ts	6	warning: in the working copy of 'artifacts/rust-tauri/R03/T08-E01/verify-stage-r02-regression/A13/redaction-scan/p2-ws-bad-query.headers', CRLF will be replaced by LF the next time Git touches it
tests/round3-delivery-evidence.test.ts	6	warning: in the working copy of 'artifacts/rust-tauri/R03/STAGE-REPAIR-G01-F01/verify-stage-r02/A13/redaction-scan/p1-execute-ok.headers', CRLF will be replaced by LF the next time Git touches it
tests/round3-delivery-evidence.test.ts	6	warning: in the working copy of 'artifacts/rust-tauri/R03/STAGE-REPAIR-G01-F01/verify-stage-r02/A13/redaction-scan/p1-issue-credential.headers', CRLF will be replaced by LF the next time Git touches it
tests/round3-delivery-evidence.test.ts	6	warning: in the working copy of 'artifacts/rust-tauri/R03/STAGE-REPAIR-G01-F01/verify-stage-r02/A13/redaction-scan/p1-me-ok.headers', CRLF will be replaced by LF the next time Git touches it
tests/round3-delivery-evidence.test.ts	6	warning: in the working copy of 'artifacts/rust-tauri/R03/STAGE-REPAIR-G01-F01/verify-stage-r02/A13/redaction-scan/p1-ticket.headers', CRLF will be replaced by LF the next time Git touches it
tests/round3-delivery-evidence.test.ts	6	warning: in the working copy of 'artifacts/rust-tauri/R03/STAGE-REPAIR-G01-F01/verify-stage-r02/A13/redaction-scan/p2-me-bad-bearer.headers', CRLF will be replaced by LF the next time Git touches it
tests/round3-delivery-evidence.test.ts	6	warning: in the working copy of 'artifacts/rust-tauri/R03/STAGE-REPAIR-G01-F01/verify-stage-r02/A13/redaction-scan/p2-me-no-auth.headers', CRLF will be replaced by LF the next time Git touches it
tests/round3-delivery-evidence.test.ts	6	warning: in the working copy of 'artifacts/rust-tauri/R03/STAGE-REPAIR-G01-F01/verify-stage-r02/A13/redaction-scan/p2-session-cross.headers', CRLF will be replaced by LF the next time Git touches it
tests/round3-delivery-evidence.test.ts	6	warning: in the working copy of 'artifacts/rust-tauri/R03/STAGE-REPAIR-G01-F01/verify-stage-r02/A13/redaction-scan/p2-session-missing.headers', CRLF will be replaced by LF the next time Git touches it
tests/round3-delivery-evidence.test.ts	6	warning: in the working copy of 'artifacts/rust-tauri/R03/STAGE-REPAIR-G01-F01/verify-stage-r02/A13/redaction-scan/p2-ws-bad-query.headers', CRLF will be replaced by LF the next time Git touches it
tests/round3-delivery-evidence.test.ts	6	patch replay failed: error: patch too large
tests/round3-delivery-evidence.test.ts	6	
tests/round3-delivery-evidence.test.ts	6	
